
> api@0.1.0 dev
> next dev -p 3010

▲ Next.js 16.3.3 (Turbopack)
- Local:         http://localhost:3010
- Network:       http://192.168.1.254:3010
- Environments: .env
✓ Ready in 470ms
✓ Running next.config.ts took 117ms
[apiKeyRotation] scheduler started, checking hourly

[rateLimit] Redis error, failing open: Error: Stream isn't writeable and enableOfflineQueue options is false
    at new Promise (<anonymous>)
    at checkRateLimit (src/lib/rateLimit.ts:57:39)
    at requireInternalAuth (src/lib/internalAuth.ts:92:25)
    at async GET (src/app/api/v1/tenant/resolve/route.ts:10:27)
  55 |
  56 |   try {
> 57 |     await getLimiter(pointsPerMinute).consume(companyId, 1);
     |                                       ^
  58 |   } catch (err) {
  59 |     // rate-limiter-flexible throws a RateLimiterRes (has msBeforeNext) when
  60 |     // the limit is actually exceeded; anything else (e.g. Redis down) is a
 GET /api/v1/tenant/resolve 200 in 342ms (next.js: 225ms, application-code: 116ms)
[rateLimit] Redis connection error: 
[rateLimit] Redis connection error: 
[rateLimit] Redis error, failing open: Error: Stream isn't writeable and enableOfflineQueue options is false
    at new Promise (<anonymous>)
    at checkRateLimit (src/lib/rateLimit.ts:57:39)
    at requireInternalAuth (src/lib/internalAuth.ts:92:25)
    at async GET (src/app/api/v1/tenant/resolve/route.ts:10:27)
  55 |
  56 |   try {
> 57 |     await getLimiter(pointsPerMinute).consume(companyId, 1);
     |                                       ^
  58 |   } catch (err) {
  59 |     // rate-limiter-flexible throws a RateLimiterRes (has msBeforeNext) when
  60 |     // the limit is actually exceeded; anything else (e.g. Redis down) is a
 GET /api/v1/tenant/resolve 200 in 7ms (next.js: 0.9ms, application-code: 6ms)
[rateLimit] Redis connection error: 
[rateLimit] Redis error, failing open: Error: Stream isn't writeable and enableOfflineQueue options is false
    at new Promise (<anonymous>)
    at checkRateLimit (src/lib/rateLimit.ts:57:39)
    at requireInternalAuth (src/lib/internalAuth.ts:92:25)
    at async GET (src/app/api/v1/portal-settings/[companyId]/route.ts:16:22)
  55 |
  56 |   try {
> 57 |     await getLimiter(pointsPerMinute).consume(companyId, 1);
     |                                       ^
  58 |   } catch (err) {
  59 |     // rate-limiter-flexible throws a RateLimiterRes (has msBeforeNext) when
  60 |     // the limit is actually exceeded; anything else (e.g. Redis down) is a
[rateLimit] Redis error, failing open: Error: Stream isn't writeable and enableOfflineQueue options is false
    at new Promise (<anonymous>)
    at checkRateLimit (src/lib/rateLimit.ts:57:39)
    at requireInternalAuth (src/lib/internalAuth.ts:92:25)
    at async GET (src/app/api/v1/portal-settings/[companyId]/route.ts:16:22)
  55 |
  56 |   try {
> 57 |     await getLimiter(pointsPerMinute).consume(companyId, 1);
     |                                       ^
  58 |   } catch (err) {
  59 |     // rate-limiter-flexible throws a RateLimiterRes (has msBeforeNext) when
  60 |     // the limit is actually exceeded; anything else (e.g. Redis down) is a
 GET /api/v1/portal-settings/cmtgb040d00000bv3pa01rwb1 200 in 687ms (next.js: 665ms, application-code: 22ms)
 GET /api/v1/portal-settings/cmtgb040d00000bv3pa01rwb1 200 in 422ms (next.js: 400ms, application-code: 22ms)
[rateLimit] Redis connection error: 
[rateLimit] Redis error, failing open: Error: Stream isn't writeable and enableOfflineQueue options is false
    at new Promise (<anonymous>)
    at checkRateLimit (src/lib/rateLimit.ts:57:39)
    at requireInternalAuth (src/lib/internalAuth.ts:92:25)
    at async GET (src/app/api/v1/tenant/resolve/route.ts:10:27)
  55 |
  56 |   try {
> 57 |     await getLimiter(pointsPerMinute).consume(companyId, 1);
     |                                       ^
  58 |   } catch (err) {
  59 |     // rate-limiter-flexible throws a RateLimiterRes (has msBeforeNext) when
  60 |     // the limit is actually exceeded; anything else (e.g. Redis down) is a
 GET /api/v1/tenant/resolve 200 in 6ms (next.js: 1.3ms, application-code: 4ms)
[rateLimit] Redis error, failing open: Error: Stream isn't writeable and enableOfflineQueue options is false
    at new Promise (<anonymous>)
    at checkRateLimit (src/lib/rateLimit.ts:57:39)
    at requireInternalAuth (src/lib/internalAuth.ts:92:25)
    at async GET (src/app/api/v1/tenant/resolve/route.ts:10:27)
  55 |
  56 |   try {
> 57 |     await getLimiter(pointsPerMinute).consume(companyId, 1);
     |                                       ^
  58 |   } catch (err) {
  59 |     // rate-limiter-flexible throws a RateLimiterRes (has msBeforeNext) when
  60 |     // the limit is actually exceeded; anything else (e.g. Redis down) is a
 GET /api/v1/tenant/resolve 200 in 7ms (next.js: 1.8ms, application-code: 6ms)
[rateLimit] Redis error, failing open: Error: Stream isn't writeable and enableOfflineQueue options is false
    at new Promise (<anonymous>)
    at checkRateLimit (src/lib/rateLimit.ts:57:39)
    at requireInternalAuth (src/lib/internalAuth.ts:92:25)
    at async GET (src/app/api/v1/locations/route.ts:9:22)
  55 |
  56 |   try {
> 57 |     await getLimiter(pointsPerMinute).consume(companyId, 1);
     |                                       ^
  58 |   } catch (err) {
  59 |     // rate-limiter-flexible throws a RateLimiterRes (has msBeforeNext) when
  60 |     // the limit is actually exceeded; anything else (e.g. Redis down) is a
 GET /api/v1/locations?activeOnly=true 200 in 116ms (next.js: 95ms, application-code: 20ms)
[rateLimit] Redis error, failing open: Error: Stream isn't writeable and enableOfflineQueue options is false
    at new Promise (<anonymous>)
    at checkRateLimit (src/lib/rateLimit.ts:57:39)
    at requireInternalAuth (src/lib/internalAuth.ts:92:25)
    at async GET (src/app/api/v1/tenant/resolve/route.ts:10:27)
  55 |
  56 |   try {
> 57 |     await getLimiter(pointsPerMinute).consume(companyId, 1);
     |                                       ^
  58 |   } catch (err) {
  59 |     // rate-limiter-flexible throws a RateLimiterRes (has msBeforeNext) when
  60 |     // the limit is actually exceeded; anything else (e.g. Redis down) is a
 GET /api/v1/tenant/resolve 200 in 4ms (next.js: 0.8ms, application-code: 3ms)
[rateLimit] Redis error, failing open: Error: Stream isn't writeable and enableOfflineQueue options is false
    at new Promise (<anonymous>)
    at checkRateLimit (src/lib/rateLimit.ts:57:39)
    at requireInternalAuth (src/lib/internalAuth.ts:92:25)
    at async GET (src/app/api/v1/locations/route.ts:9:22)
  55 |
  56 |   try {
> 57 |     await getLimiter(pointsPerMinute).consume(companyId, 1);
     |                                       ^
  58 |   } catch (err) {
  59 |     // rate-limiter-flexible throws a RateLimiterRes (has msBeforeNext) when
  60 |     // the limit is actually exceeded; anything else (e.g. Redis down) is a
 GET /api/v1/locations?activeOnly=true 200 in 5ms (next.js: 1.0ms, application-code: 4ms)
[rateLimit] Redis connection error: 
[rateLimit] Redis error, failing open: Error: Stream isn't writeable and enableOfflineQueue options is false
    at new Promise (<anonymous>)
    at checkRateLimit (src/lib/rateLimit.ts:57:39)
    at requireInternalAuth (src/lib/internalAuth.ts:92:25)
    at async GET (src/app/api/v1/files/portal-settings/[companyId]/logo/route.ts:14:22)
  55 |
  56 |   try {
> 57 |     await getLimiter(pointsPerMinute).consume(companyId, 1);
     |                                       ^
  58 |   } catch (err) {
  59 |     // rate-limiter-flexible throws a RateLimiterRes (has msBeforeNext) when
  60 |     // the limit is actually exceeded; anything else (e.g. Redis down) is a
 GET /api/v1/files/portal-settings/cmtgb040d00000bv3pa01rwb1/logo 200 in 534ms (next.js: 520ms, application-code: 13ms)
[rateLimit] Redis error, failing open: Error: Stream isn't writeable and enableOfflineQueue options is false
    at new Promise (<anonymous>)
    at checkRateLimit (src/lib/rateLimit.ts:57:39)
    at requireInternalAuth (src/lib/internalAuth.ts:92:25)
    at async GET (src/app/api/v1/tenant/resolve/route.ts:10:27)
  55 |
  56 |   try {
> 57 |     await getLimiter(pointsPerMinute).consume(companyId, 1);
     |                                       ^
  58 |   } catch (err) {
  59 |     // rate-limiter-flexible throws a RateLimiterRes (has msBeforeNext) when
  60 |     // the limit is actually exceeded; anything else (e.g. Redis down) is a
 GET /api/v1/tenant/resolve 200 in 4ms (next.js: 0.7ms, application-code: 3ms)
[rateLimit] Redis error, failing open: Error: Stream isn't writeable and enableOfflineQueue options is false
    at new Promise (<anonymous>)
    at checkRateLimit (src/lib/rateLimit.ts:57:39)
    at requireInternalAuth (src/lib/internalAuth.ts:92:25)
    at async GET (src/app/api/v1/files/portal-settings/[companyId]/favicon/route.ts:14:22)
  55 |
  56 |   try {
> 57 |     await getLimiter(pointsPerMinute).consume(companyId, 1);
     |                                       ^
  58 |   } catch (err) {
  59 |     // rate-limiter-flexible throws a RateLimiterRes (has msBeforeNext) when
  60 |     // the limit is actually exceeded; anything else (e.g. Redis down) is a
 GET /api/v1/files/portal-settings/cmtgb040d00000bv3pa01rwb1/favicon 200 in 504ms (next.js: 491ms, application-code: 13ms)
[rateLimit] Redis connection error: 
[rateLimit] Redis connection error: 
[rateLimit] Redis connection error: 
[rateLimit] Redis connection error: 
[rateLimit] Redis connection error: 
[rateLimit] Redis connection error: 
[rateLimit] Redis error, failing open: Error: Stream isn't writeable and enableOfflineQueue options is false
    at new Promise (<anonymous>)
    at checkRateLimit (src/lib/rateLimit.ts:57:39)
    at requireInternalAuth (src/lib/internalAuth.ts:92:25)
    at async GET (src/app/api/v1/tenant/resolve/route.ts:10:27)
  55 |
  56 |   try {
> 57 |     await getLimiter(pointsPerMinute).consume(companyId, 1);
     |                                       ^
  58 |   } catch (err) {
  59 |     // rate-limiter-flexible throws a RateLimiterRes (has msBeforeNext) when
  60 |     // the limit is actually exceeded; anything else (e.g. Redis down) is a
 GET /api/v1/tenant/resolve 200 in 195ms (next.js: 17ms, application-code: 178ms)
[rateLimit] Redis error, failing open: Error: Stream isn't writeable and enableOfflineQueue options is false
    at new Promise (<anonymous>)
    at checkRateLimit (src/lib/rateLimit.ts:57:39)
    at requireInternalAuth (src/lib/internalAuth.ts:92:25)
    at async GET (src/app/api/v1/tenant/resolve/route.ts:10:27)
  55 |
  56 |   try {
> 57 |     await getLimiter(pointsPerMinute).consume(companyId, 1);
     |                                       ^
  58 |   } catch (err) {
  59 |     // rate-limiter-flexible throws a RateLimiterRes (has msBeforeNext) when
  60 |     // the limit is actually exceeded; anything else (e.g. Redis down) is a
 GET /api/v1/tenant/resolve 200 in 3ms (next.js: 0.6ms, application-code: 3ms)
[rateLimit] Redis error, failing open: Error: Stream isn't writeable and enableOfflineQueue options is false
    at new Promise (<anonymous>)
    at checkRateLimit (src/lib/rateLimit.ts:57:39)
    at requireInternalAuth (src/lib/internalAuth.ts:92:25)
    at async GET (src/app/api/v1/portal-settings/[companyId]/route.ts:16:22)
  55 |
  56 |   try {
> 57 |     await getLimiter(pointsPerMinute).consume(companyId, 1);
     |                                       ^
  58 |   } catch (err) {
  59 |     // rate-limiter-flexible throws a RateLimiterRes (has msBeforeNext) when
  60 |     // the limit is actually exceeded; anything else (e.g. Redis down) is a
 GET /api/v1/portal-settings/cmtgb040d00000bv3pa01rwb1 200 in 9ms (next.js: 2ms, application-code: 7ms)
[rateLimit] Redis error, failing open: Error: Stream isn't writeable and enableOfflineQueue options is false
    at new Promise (<anonymous>)
    at checkRateLimit (src/lib/rateLimit.ts:57:39)
    at requireInternalAuth (src/lib/internalAuth.ts:92:25)
    at async GET (src/app/api/v1/tenant/resolve/route.ts:10:27)
  55 |
  56 |   try {
> 57 |     await getLimiter(pointsPerMinute).consume(companyId, 1);
     |                                       ^
  58 |   } catch (err) {
  59 |     // rate-limiter-flexible throws a RateLimiterRes (has msBeforeNext) when
  60 |     // the limit is actually exceeded; anything else (e.g. Redis down) is a
 GET /api/v1/tenant/resolve 200 in 91ms (next.js: 0.6ms, application-code: 90ms)
[rateLimit] Redis error, failing open: Error: Stream isn't writeable and enableOfflineQueue options is false
    at new Promise (<anonymous>)
    at checkRateLimit (src/lib/rateLimit.ts:57:39)
    at requireInternalAuth (src/lib/internalAuth.ts:92:25)
    at async GET (src/app/api/v1/tenant/resolve/route.ts:10:27)
  55 |
  56 |   try {
> 57 |     await getLimiter(pointsPerMinute).consume(companyId, 1);
     |                                       ^
  58 |   } catch (err) {
  59 |     // rate-limiter-flexible throws a RateLimiterRes (has msBeforeNext) when
  60 |     // the limit is actually exceeded; anything else (e.g. Redis down) is a
 GET /api/v1/tenant/resolve 200 in 96ms (next.js: 1.3ms, application-code: 95ms)
[rateLimit] Redis error, failing open: Error: Stream isn't writeable and enableOfflineQueue options is false
    at new Promise (<anonymous>)
    at checkRateLimit (src/lib/rateLimit.ts:57:39)
    at requireInternalAuth (src/lib/internalAuth.ts:92:25)
    at async GET (src/app/api/v1/tenant/resolve/route.ts:10:27)
  55 |
  56 |   try {
> 57 |     await getLimiter(pointsPerMinute).consume(companyId, 1);
     |                                       ^
  58 |   } catch (err) {
  59 |     // rate-limiter-flexible throws a RateLimiterRes (has msBeforeNext) when
  60 |     // the limit is actually exceeded; anything else (e.g. Redis down) is a
 GET /api/v1/tenant/resolve 200 in 5ms (next.js: 0.9ms, application-code: 4ms)
[rateLimit] Redis error, failing open: Error: Stream isn't writeable and enableOfflineQueue options is false
    at new Promise (<anonymous>)
    at checkRateLimit (src/lib/rateLimit.ts:57:39)
    at requireInternalAuth (src/lib/internalAuth.ts:92:25)
    at async GET (src/app/api/v1/tenant/resolve/route.ts:10:27)
  55 |
  56 |   try {
> 57 |     await getLimiter(pointsPerMinute).consume(companyId, 1);
     |                                       ^
  58 |   } catch (err) {
  59 |     // rate-limiter-flexible throws a RateLimiterRes (has msBeforeNext) when
  60 |     // the limit is actually exceeded; anything else (e.g. Redis down) is a
 GET /api/v1/tenant/resolve 200 in 5ms (next.js: 0.5ms, application-code: 4ms)
[rateLimit] Redis error, failing open: Error: Stream isn't writeable and enableOfflineQueue options is false
    at new Promise (<anonymous>)
    at checkRateLimit (src/lib/rateLimit.ts:57:39)
    at requireInternalAuth (src/lib/internalAuth.ts:92:25)
    at async GET (src/app/api/v1/portal-settings/[companyId]/route.ts:16:22)
  55 |
  56 |   try {
> 57 |     await getLimiter(pointsPerMinute).consume(companyId, 1);
     |                                       ^
  58 |   } catch (err) {
  59 |     // rate-limiter-flexible throws a RateLimiterRes (has msBeforeNext) when
  60 |     // the limit is actually exceeded; anything else (e.g. Redis down) is a
 GET /api/v1/portal-settings/cmtgb04gr000a0bv35evd9ya5 200 in 9ms (next.js: 0.8ms, application-code: 9ms)
[rateLimit] Redis error, failing open: Error: Stream isn't writeable and enableOfflineQueue options is false
    at new Promise (<anonymous>)
    at checkRateLimit (src/lib/rateLimit.ts:57:39)
    at requireInternalAuth (src/lib/internalAuth.ts:92:25)
    at async GET (src/app/api/v1/portal-settings/[companyId]/route.ts:16:22)
  55 |
  56 |   try {
> 57 |     await getLimiter(pointsPerMinute).consume(companyId, 1);
     |                                       ^
  58 |   } catch (err) {
  59 |     // rate-limiter-flexible throws a RateLimiterRes (has msBeforeNext) when
  60 |     // the limit is actually exceeded; anything else (e.g. Redis down) is a
 GET /api/v1/portal-settings/cmtgb04al00050bv3rt10npd9 200 in 8ms (next.js: 1.8ms, application-code: 6ms)
[rateLimit] Redis connection error: 
[rateLimit] Redis connection error: 
[rateLimit] Redis connection error: 
[rateLimit] Redis connection error: 
[rateLimit] Redis connection error: 
[rateLimit] Redis connection error: 
[rateLimit] Redis error, failing open: Error: Stream isn't writeable and enableOfflineQueue options is false
    at new Promise (<anonymous>)
    at checkRateLimit (src/lib/rateLimit.ts:57:39)
    at requireInternalAuth (src/lib/internalAuth.ts:92:25)
    at async GET (src/app/api/v1/tenant/resolve/route.ts:10:27)
  55 |
  56 |   try {
> 57 |     await getLimiter(pointsPerMinute).consume(companyId, 1);
     |                                       ^
  58 |   } catch (err) {
  59 |     // rate-limiter-flexible throws a RateLimiterRes (has msBeforeNext) when
  60 |     // the limit is actually exceeded; anything else (e.g. Redis down) is a
 GET /api/v1/tenant/resolve 200 in 8ms (next.js: 1.8ms, application-code: 6ms)
[rateLimit] Redis error, failing open: Error: Stream isn't writeable and enableOfflineQueue options is false
    at new Promise (<anonymous>)
    at checkRateLimit (src/lib/rateLimit.ts:57:39)
    at requireInternalAuth (src/lib/internalAuth.ts:92:25)
    at async GET (src/app/api/v1/tenant/resolve/route.ts:10:27)
  55 |
  56 |   try {
> 57 |     await getLimiter(pointsPerMinute).consume(companyId, 1);
     |                                       ^
  58 |   } catch (err) {
  59 |     // rate-limiter-flexible throws a RateLimiterRes (has msBeforeNext) when
  60 |     // the limit is actually exceeded; anything else (e.g. Redis down) is a
 GET /api/v1/tenant/resolve 200 in 6ms (next.js: 1.2ms, application-code: 5ms)
[rateLimit] Redis error, failing open: Error: Stream isn't writeable and enableOfflineQueue options is false
    at new Promise (<anonymous>)
    at checkRateLimit (src/lib/rateLimit.ts:57:39)
    at requireInternalAuth (src/lib/internalAuth.ts:92:25)
    at async GET (src/app/api/v1/portal-settings/[companyId]/route.ts:16:22)
  55 |
  56 |   try {
> 57 |     await getLimiter(pointsPerMinute).consume(companyId, 1);
     |                                       ^
  58 |   } catch (err) {
  59 |     // rate-limiter-flexible throws a RateLimiterRes (has msBeforeNext) when
  60 |     // the limit is actually exceeded; anything else (e.g. Redis down) is a
 GET /api/v1/portal-settings/cmtgb040d00000bv3pa01rwb1 200 in 9ms (next.js: 3ms, application-code: 6ms)
[rateLimit] Redis error, failing open: Error: Stream isn't writeable and enableOfflineQueue options is false
    at new Promise (<anonymous>)
    at checkRateLimit (src/lib/rateLimit.ts:57:39)
    at requireInternalAuth (src/lib/internalAuth.ts:92:25)
    at async GET (src/app/api/v1/tenant/resolve/route.ts:10:27)
  55 |
  56 |   try {
> 57 |     await getLimiter(pointsPerMinute).consume(companyId, 1);
     |                                       ^
  58 |   } catch (err) {
  59 |     // rate-limiter-flexible throws a RateLimiterRes (has msBeforeNext) when
  60 |     // the limit is actually exceeded; anything else (e.g. Redis down) is a
 GET /api/v1/tenant/resolve 200 in 5ms (next.js: 1.2ms, application-code: 3ms)
[rateLimit] Redis error, failing open: Error: Stream isn't writeable and enableOfflineQueue options is false
    at new Promise (<anonymous>)
    at checkRateLimit (src/lib/rateLimit.ts:57:39)
    at requireInternalAuth (src/lib/internalAuth.ts:92:25)
    at async GET (src/app/api/v1/tenant/resolve/route.ts:10:27)
  55 |
  56 |   try {
> 57 |     await getLimiter(pointsPerMinute).consume(companyId, 1);
     |                                       ^
  58 |   } catch (err) {
  59 |     // rate-limiter-flexible throws a RateLimiterRes (has msBeforeNext) when
  60 |     // the limit is actually exceeded; anything else (e.g. Redis down) is a
 GET /api/v1/tenant/resolve 200 in 5ms (next.js: 1.0ms, application-code: 4ms)
[rateLimit] Redis error, failing open: Error: Stream isn't writeable and enableOfflineQueue options is false
    at new Promise (<anonymous>)
    at checkRateLimit (src/lib/rateLimit.ts:57:39)
    at requireInternalAuth (src/lib/internalAuth.ts:92:25)
    at async GET (src/app/api/v1/portal-settings/[companyId]/route.ts:16:22)
  55 |
  56 |   try {
> 57 |     await getLimiter(pointsPerMinute).consume(companyId, 1);
     |                                       ^
  58 |   } catch (err) {
  59 |     // rate-limiter-flexible throws a RateLimiterRes (has msBeforeNext) when
  60 |     // the limit is actually exceeded; anything else (e.g. Redis down) is a
 GET /api/v1/portal-settings/cmtgb04al00050bv3rt10npd9 200 in 7ms (next.js: 1.3ms, application-code: 6ms)
[rateLimit] Redis error, failing open: Error: Stream isn't writeable and enableOfflineQueue options is false
    at new Promise (<anonymous>)
    at checkRateLimit (src/lib/rateLimit.ts:57:39)
    at requireInternalAuth (src/lib/internalAuth.ts:92:25)
    at async GET (src/app/api/v1/tenant/resolve/route.ts:10:27)
  55 |
  56 |   try {
> 57 |     await getLimiter(pointsPerMinute).consume(companyId, 1);
     |                                       ^
  58 |   } catch (err) {
  59 |     // rate-limiter-flexible throws a RateLimiterRes (has msBeforeNext) when
  60 |     // the limit is actually exceeded; anything else (e.g. Redis down) is a
 GET /api/v1/tenant/resolve 200 in 3ms (next.js: 0.6ms, application-code: 2ms)
[rateLimit] Redis error, failing open: Error: Stream isn't writeable and enableOfflineQueue options is false
    at new Promise (<anonymous>)
    at checkRateLimit (src/lib/rateLimit.ts:57:39)
    at requireInternalAuth (src/lib/internalAuth.ts:92:25)
    at async GET (src/app/api/v1/tenant/resolve/route.ts:10:27)
  55 |
  56 |   try {
> 57 |     await getLimiter(pointsPerMinute).consume(companyId, 1);
     |                                       ^
  58 |   } catch (err) {
  59 |     // rate-limiter-flexible throws a RateLimiterRes (has msBeforeNext) when
  60 |     // the limit is actually exceeded; anything else (e.g. Redis down) is a
 GET /api/v1/tenant/resolve 200 in 2ms (next.js: 0.5ms, application-code: 2.0ms)
[rateLimit] Redis error, failing open: Error: Stream isn't writeable and enableOfflineQueue options is false
    at new Promise (<anonymous>)
    at checkRateLimit (src/lib/rateLimit.ts:57:39)
    at requireInternalAuth (src/lib/internalAuth.ts:92:25)
    at async GET (src/app/api/v1/portal-settings/[companyId]/route.ts:16:22)
  55 |
  56 |   try {
> 57 |     await getLimiter(pointsPerMinute).consume(companyId, 1);
     |                                       ^
  58 |   } catch (err) {
  59 |     // rate-limiter-flexible throws a RateLimiterRes (has msBeforeNext) when
  60 |     // the limit is actually exceeded; anything else (e.g. Redis down) is a
 GET /api/v1/portal-settings/cmtgb04gr000a0bv35evd9ya5 200 in 3ms (next.js: 0.5ms, application-code: 3ms)
[rateLimit] Redis connection error: 
[rateLimit] Redis connection error: 
[rateLimit] Redis connection error: 
[rateLimit] Redis connection error: 
[rateLimit] Redis connection error: 
[rateLimit] Redis connection error: 
[rateLimit] Redis error, failing open: Error: Stream isn't writeable and enableOfflineQueue options is false
    at new Promise (<anonymous>)
    at checkRateLimit (src/lib/rateLimit.ts:57:39)
    at requireInternalAuth (src/lib/internalAuth.ts:92:25)
    at async GET (src/app/api/v1/tenant/resolve/route.ts:10:27)
  55 |
  56 |   try {
> 57 |     await getLimiter(pointsPerMinute).consume(companyId, 1);
     |                                       ^
  58 |   } catch (err) {
  59 |     // rate-limiter-flexible throws a RateLimiterRes (has msBeforeNext) when
  60 |     // the limit is actually exceeded; anything else (e.g. Redis down) is a
 GET /api/v1/tenant/resolve 200 in 11ms (next.js: 2ms, application-code: 8ms)
[rateLimit] Redis error, failing open: Error: Stream isn't writeable and enableOfflineQueue options is false
    at new Promise (<anonymous>)
    at checkRateLimit (src/lib/rateLimit.ts:57:39)
    at requireInternalAuth (src/lib/internalAuth.ts:92:25)
    at async GET (src/app/api/v1/tenant/resolve/route.ts:10:27)
  55 |
  56 |   try {
> 57 |     await getLimiter(pointsPerMinute).consume(companyId, 1);
     |                                       ^
  58 |   } catch (err) {
  59 |     // rate-limiter-flexible throws a RateLimiterRes (has msBeforeNext) when
  60 |     // the limit is actually exceeded; anything else (e.g. Redis down) is a
 GET /api/v1/tenant/resolve 200 in 7ms (next.js: 1.7ms, application-code: 6ms)
[rateLimit] Redis error, failing open: Error: Stream isn't writeable and enableOfflineQueue options is false
    at new Promise (<anonymous>)
    at checkRateLimit (src/lib/rateLimit.ts:57:39)
    at requireInternalAuth (src/lib/internalAuth.ts:92:25)
    at async GET (src/app/api/v1/portal-settings/[companyId]/route.ts:16:22)
  55 |
  56 |   try {
> 57 |     await getLimiter(pointsPerMinute).consume(companyId, 1);
     |                                       ^
  58 |   } catch (err) {
  59 |     // rate-limiter-flexible throws a RateLimiterRes (has msBeforeNext) when
  60 |     // the limit is actually exceeded; anything else (e.g. Redis down) is a
 GET /api/v1/portal-settings/cmtgb040d00000bv3pa01rwb1 200 in 9ms (next.js: 3ms, application-code: 6ms)
[rateLimit] Redis error, failing open: Error: Stream isn't writeable and enableOfflineQueue options is false
    at new Promise (<anonymous>)
    at checkRateLimit (src/lib/rateLimit.ts:57:39)
    at requireInternalAuth (src/lib/internalAuth.ts:92:25)
    at async GET (src/app/api/v1/tenant/resolve/route.ts:10:27)
  55 |
  56 |   try {
> 57 |     await getLimiter(pointsPerMinute).consume(companyId, 1);
     |                                       ^
  58 |   } catch (err) {
  59 |     // rate-limiter-flexible throws a RateLimiterRes (has msBeforeNext) when
  60 |     // the limit is actually exceeded; anything else (e.g. Redis down) is a
 GET /api/v1/tenant/resolve 200 in 3ms (next.js: 0.6ms, application-code: 3ms)
[rateLimit] Redis error, failing open: Error: Stream isn't writeable and enableOfflineQueue options is false
    at new Promise (<anonymous>)
    at checkRateLimit (src/lib/rateLimit.ts:57:39)
    at requireInternalAuth (src/lib/internalAuth.ts:92:25)
    at async GET (src/app/api/v1/tenant/resolve/route.ts:10:27)
  55 |
  56 |   try {
> 57 |     await getLimiter(pointsPerMinute).consume(companyId, 1);
     |                                       ^
  58 |   } catch (err) {
  59 |     // rate-limiter-flexible throws a RateLimiterRes (has msBeforeNext) when
  60 |     // the limit is actually exceeded; anything else (e.g. Redis down) is a
 GET /api/v1/tenant/resolve 200 in 3ms (next.js: 0.5ms, application-code: 2ms)
[rateLimit] Redis error, failing open: Error: Stream isn't writeable and enableOfflineQueue options is false
    at new Promise (<anonymous>)
    at checkRateLimit (src/lib/rateLimit.ts:57:39)
    at requireInternalAuth (src/lib/internalAuth.ts:92:25)
    at async GET (src/app/api/v1/portal-settings/[companyId]/route.ts:16:22)
  55 |
  56 |   try {
> 57 |     await getLimiter(pointsPerMinute).consume(companyId, 1);
     |                                       ^
  58 |   } catch (err) {
  59 |     // rate-limiter-flexible throws a RateLimiterRes (has msBeforeNext) when
  60 |     // the limit is actually exceeded; anything else (e.g. Redis down) is a
 GET /api/v1/portal-settings/cmtgb04al00050bv3rt10npd9 200 in 3ms (next.js: 0.5ms, application-code: 3ms)
[rateLimit] Redis error, failing open: Error: Stream isn't writeable and enableOfflineQueue options is false
    at new Promise (<anonymous>)
    at checkRateLimit (src/lib/rateLimit.ts:57:39)
    at requireInternalAuth (src/lib/internalAuth.ts:92:25)
    at async GET (src/app/api/v1/tenant/resolve/route.ts:10:27)
  55 |
  56 |   try {
> 57 |     await getLimiter(pointsPerMinute).consume(companyId, 1);
     |                                       ^
  58 |   } catch (err) {
  59 |     // rate-limiter-flexible throws a RateLimiterRes (has msBeforeNext) when
  60 |     // the limit is actually exceeded; anything else (e.g. Redis down) is a
 GET /api/v1/tenant/resolve 200 in 3ms (next.js: 0.7ms, application-code: 3ms)
[rateLimit] Redis error, failing open: Error: Stream isn't writeable and enableOfflineQueue options is false
    at new Promise (<anonymous>)
    at checkRateLimit (src/lib/rateLimit.ts:57:39)
    at requireInternalAuth (src/lib/internalAuth.ts:92:25)
    at async GET (src/app/api/v1/tenant/resolve/route.ts:10:27)
  55 |
  56 |   try {
> 57 |     await getLimiter(pointsPerMinute).consume(companyId, 1);
     |                                       ^
  58 |   } catch (err) {
  59 |     // rate-limiter-flexible throws a RateLimiterRes (has msBeforeNext) when
  60 |     // the limit is actually exceeded; anything else (e.g. Redis down) is a
 GET /api/v1/tenant/resolve 200 in 3ms (next.js: 0.6ms, application-code: 2ms)
[rateLimit] Redis error, failing open: Error: Stream isn't writeable and enableOfflineQueue options is false
    at new Promise (<anonymous>)
    at checkRateLimit (src/lib/rateLimit.ts:57:39)
    at requireInternalAuth (src/lib/internalAuth.ts:92:25)
    at async GET (src/app/api/v1/portal-settings/[companyId]/route.ts:16:22)
  55 |
  56 |   try {
> 57 |     await getLimiter(pointsPerMinute).consume(companyId, 1);
     |                                       ^
  58 |   } catch (err) {
  59 |     // rate-limiter-flexible throws a RateLimiterRes (has msBeforeNext) when
  60 |     // the limit is actually exceeded; anything else (e.g. Redis down) is a
 GET /api/v1/portal-settings/cmtgb04gr000a0bv35evd9ya5 200 in 3ms (next.js: 0.5ms, application-code: 3ms)
[rateLimit] Redis connection error: 
[rateLimit] Redis connection error: 
[rateLimit] Redis connection error: 
[rateLimit] Redis connection error: 
[rateLimit] Redis connection error: 
[rateLimit] Redis connection error: 
[rateLimit] Redis error, failing open: Error: Stream isn't writeable and enableOfflineQueue options is false
    at new Promise (<anonymous>)
    at checkRateLimit (src/lib/rateLimit.ts:57:39)
    at requireInternalAuth (src/lib/internalAuth.ts:92:25)
    at async GET (src/app/api/v1/tenant/resolve/route.ts:10:27)
  55 |
  56 |   try {
> 57 |     await getLimiter(pointsPerMinute).consume(companyId, 1);
     |                                       ^
  58 |   } catch (err) {
  59 |     // rate-limiter-flexible throws a RateLimiterRes (has msBeforeNext) when
  60 |     // the limit is actually exceeded; anything else (e.g. Redis down) is a
 GET /api/v1/tenant/resolve 200 in 14ms (next.js: 4ms, application-code: 10ms)
[rateLimit] Redis error, failing open: Error: Stream isn't writeable and enableOfflineQueue options is false
    at new Promise (<anonymous>)
    at checkRateLimit (src/lib/rateLimit.ts:57:39)
    at requireInternalAuth (src/lib/internalAuth.ts:92:25)
    at async GET (src/app/api/v1/tenant/resolve/route.ts:10:27)
  55 |
  56 |   try {
> 57 |     await getLimiter(pointsPerMinute).consume(companyId, 1);
     |                                       ^
  58 |   } catch (err) {
  59 |     // rate-limiter-flexible throws a RateLimiterRes (has msBeforeNext) when
  60 |     // the limit is actually exceeded; anything else (e.g. Redis down) is a
 GET /api/v1/tenant/resolve 200 in 7ms (next.js: 1.5ms, application-code: 6ms)
[rateLimit] Redis error, failing open: Error: Stream isn't writeable and enableOfflineQueue options is false
    at new Promise (<anonymous>)
    at checkRateLimit (src/lib/rateLimit.ts:57:39)
    at requireInternalAuth (src/lib/internalAuth.ts:92:25)
    at async GET (src/app/api/v1/portal-settings/[companyId]/route.ts:16:22)
  55 |
  56 |   try {
> 57 |     await getLimiter(pointsPerMinute).consume(companyId, 1);
     |                                       ^
  58 |   } catch (err) {
  59 |     // rate-limiter-flexible throws a RateLimiterRes (has msBeforeNext) when
  60 |     // the limit is actually exceeded; anything else (e.g. Redis down) is a
 GET /api/v1/portal-settings/cmtgb040d00000bv3pa01rwb1 200 in 7ms (next.js: 3ms, application-code: 5ms)
[rateLimit] Redis error, failing open: Error: Stream isn't writeable and enableOfflineQueue options is false
    at new Promise (<anonymous>)
    at checkRateLimit (src/lib/rateLimit.ts:57:39)
    at requireInternalAuth (src/lib/internalAuth.ts:92:25)
    at async GET (src/app/api/v1/tenant/resolve/route.ts:10:27)
  55 |
  56 |   try {
> 57 |     await getLimiter(pointsPerMinute).consume(companyId, 1);
     |                                       ^
  58 |   } catch (err) {
  59 |     // rate-limiter-flexible throws a RateLimiterRes (has msBeforeNext) when
  60 |     // the limit is actually exceeded; anything else (e.g. Redis down) is a
 GET /api/v1/tenant/resolve 200 in 4ms (next.js: 0.6ms, application-code: 3ms)
[rateLimit] Redis error, failing open: Error: Stream isn't writeable and enableOfflineQueue options is false
    at new Promise (<anonymous>)
    at checkRateLimit (src/lib/rateLimit.ts:57:39)
    at requireInternalAuth (src/lib/internalAuth.ts:92:25)
    at async GET (src/app/api/v1/tenant/resolve/route.ts:10:27)
  55 |
  56 |   try {
> 57 |     await getLimiter(pointsPerMinute).consume(companyId, 1);
     |                                       ^
  58 |   } catch (err) {
  59 |     // rate-limiter-flexible throws a RateLimiterRes (has msBeforeNext) when
  60 |     // the limit is actually exceeded; anything else (e.g. Redis down) is a
 GET /api/v1/tenant/resolve 200 in 3ms (next.js: 0.5ms, application-code: 3ms)
[rateLimit] Redis error, failing open: Error: Stream isn't writeable and enableOfflineQueue options is false
    at new Promise (<anonymous>)
    at checkRateLimit (src/lib/rateLimit.ts:57:39)
    at requireInternalAuth (src/lib/internalAuth.ts:92:25)
    at async GET (src/app/api/v1/portal-settings/[companyId]/route.ts:16:22)
  55 |
  56 |   try {
> 57 |     await getLimiter(pointsPerMinute).consume(companyId, 1);
     |                                       ^
  58 |   } catch (err) {
  59 |     // rate-limiter-flexible throws a RateLimiterRes (has msBeforeNext) when
  60 |     // the limit is actually exceeded; anything else (e.g. Redis down) is a
 GET /api/v1/portal-settings/cmtgb04al00050bv3rt10npd9 200 in 5ms (next.js: 0.7ms, application-code: 4ms)
[rateLimit] Redis error, failing open: Error: Stream isn't writeable and enableOfflineQueue options is false
    at new Promise (<anonymous>)
    at checkRateLimit (src/lib/rateLimit.ts:57:39)
    at requireInternalAuth (src/lib/internalAuth.ts:92:25)
    at async GET (src/app/api/v1/tenant/resolve/route.ts:10:27)
  55 |
  56 |   try {
> 57 |     await getLimiter(pointsPerMinute).consume(companyId, 1);
     |                                       ^
  58 |   } catch (err) {
  59 |     // rate-limiter-flexible throws a RateLimiterRes (has msBeforeNext) when
  60 |     // the limit is actually exceeded; anything else (e.g. Redis down) is a
 GET /api/v1/tenant/resolve 200 in 3ms (next.js: 0.6ms, application-code: 3ms)
[rateLimit] Redis error, failing open: Error: Stream isn't writeable and enableOfflineQueue options is false
    at new Promise (<anonymous>)
    at checkRateLimit (src/lib/rateLimit.ts:57:39)
    at requireInternalAuth (src/lib/internalAuth.ts:92:25)
    at async GET (src/app/api/v1/tenant/resolve/route.ts:10:27)
  55 |
  56 |   try {
> 57 |     await getLimiter(pointsPerMinute).consume(companyId, 1);
     |                                       ^
  58 |   } catch (err) {
  59 |     // rate-limiter-flexible throws a RateLimiterRes (has msBeforeNext) when
  60 |     // the limit is actually exceeded; anything else (e.g. Redis down) is a
 GET /api/v1/tenant/resolve 200 in 3ms (next.js: 0.5ms, application-code: 2ms)
[rateLimit] Redis error, failing open: Error: Stream isn't writeable and enableOfflineQueue options is false
    at new Promise (<anonymous>)
    at checkRateLimit (src/lib/rateLimit.ts:57:39)
    at requireInternalAuth (src/lib/internalAuth.ts:92:25)
    at async GET (src/app/api/v1/portal-settings/[companyId]/route.ts:16:22)
  55 |
  56 |   try {
> 57 |     await getLimiter(pointsPerMinute).consume(companyId, 1);
     |                                       ^
  58 |   } catch (err) {
  59 |     // rate-limiter-flexible throws a RateLimiterRes (has msBeforeNext) when
  60 |     // the limit is actually exceeded; anything else (e.g. Redis down) is a
 GET /api/v1/portal-settings/cmtgb04gr000a0bv35evd9ya5 200 in 3ms (next.js: 0.5ms, application-code: 3ms)
[rateLimit] Redis connection error: 
[rateLimit] Redis connection error: 
[rateLimit] Redis connection error: 
[rateLimit] Redis connection error: 
[rateLimit] Redis connection error: 
[rateLimit] Redis error, failing open: Error: Stream isn't writeable and enableOfflineQueue options is false
    at new Promise (<anonymous>)
    at checkRateLimit (src/lib/rateLimit.ts:57:39)
    at requireInternalAuth (src/lib/internalAuth.ts:92:25)
    at async GET (src/app/api/v1/tenant/resolve/route.ts:10:27)
  55 |
  56 |   try {
> 57 |     await getLimiter(pointsPerMinute).consume(companyId, 1);
     |                                       ^
  58 |   } catch (err) {
  59 |     // rate-limiter-flexible throws a RateLimiterRes (has msBeforeNext) when
  60 |     // the limit is actually exceeded; anything else (e.g. Redis down) is a
 GET /api/v1/tenant/resolve 200 in 24ms (next.js: 13ms, application-code: 11ms)
[rateLimit] Redis error, failing open: Error: Stream isn't writeable and enableOfflineQueue options is false
    at new Promise (<anonymous>)
    at checkRateLimit (src/lib/rateLimit.ts:57:39)
    at requireInternalAuth (src/lib/internalAuth.ts:92:25)
    at async GET (src/app/api/v1/tenant/resolve/route.ts:10:27)
  55 |
  56 |   try {
> 57 |     await getLimiter(pointsPerMinute).consume(companyId, 1);
     |                                       ^
  58 |   } catch (err) {
  59 |     // rate-limiter-flexible throws a RateLimiterRes (has msBeforeNext) when
  60 |     // the limit is actually exceeded; anything else (e.g. Redis down) is a
 GET /api/v1/tenant/resolve 200 in 6ms (next.js: 1.2ms, application-code: 5ms)
[rateLimit] Redis error, failing open: Error: Stream isn't writeable and enableOfflineQueue options is false
    at new Promise (<anonymous>)
    at checkRateLimit (src/lib/rateLimit.ts:57:39)
    at requireInternalAuth (src/lib/internalAuth.ts:92:25)
    at async GET (src/app/api/v1/portal-settings/[companyId]/route.ts:16:22)
  55 |
  56 |   try {
> 57 |     await getLimiter(pointsPerMinute).consume(companyId, 1);
     |                                       ^
  58 |   } catch (err) {
  59 |     // rate-limiter-flexible throws a RateLimiterRes (has msBeforeNext) when
  60 |     // the limit is actually exceeded; anything else (e.g. Redis down) is a
 GET /api/v1/portal-settings/cmtgb040d00000bv3pa01rwb1 200 in 7ms (next.js: 3ms, application-code: 4ms)
[rateLimit] Redis error, failing open: Error: Stream isn't writeable and enableOfflineQueue options is false
    at new Promise (<anonymous>)
    at checkRateLimit (src/lib/rateLimit.ts:57:39)
    at requireInternalAuth (src/lib/internalAuth.ts:92:25)
    at async GET (src/app/api/v1/tenant/resolve/route.ts:10:27)
  55 |
  56 |   try {
> 57 |     await getLimiter(pointsPerMinute).consume(companyId, 1);
     |                                       ^
  58 |   } catch (err) {
  59 |     // rate-limiter-flexible throws a RateLimiterRes (has msBeforeNext) when
  60 |     // the limit is actually exceeded; anything else (e.g. Redis down) is a
 GET /api/v1/tenant/resolve 200 in 3ms (next.js: 0.5ms, application-code: 3ms)
[rateLimit] Redis error, failing open: Error: Stream isn't writeable and enableOfflineQueue options is false
    at new Promise (<anonymous>)
    at checkRateLimit (src/lib/rateLimit.ts:57:39)
    at requireInternalAuth (src/lib/internalAuth.ts:92:25)
    at async GET (src/app/api/v1/tenant/resolve/route.ts:10:27)
  55 |
  56 |   try {
> 57 |     await getLimiter(pointsPerMinute).consume(companyId, 1);
     |                                       ^
  58 |   } catch (err) {
  59 |     // rate-limiter-flexible throws a RateLimiterRes (has msBeforeNext) when
  60 |     // the limit is actually exceeded; anything else (e.g. Redis down) is a
 GET /api/v1/tenant/resolve 200 in 3ms (next.js: 0.5ms, application-code: 2ms)
[rateLimit] Redis error, failing open: Error: Stream isn't writeable and enableOfflineQueue options is false
    at new Promise (<anonymous>)
    at checkRateLimit (src/lib/rateLimit.ts:57:39)
    at requireInternalAuth (src/lib/internalAuth.ts:92:25)
    at async GET (src/app/api/v1/portal-settings/[companyId]/route.ts:16:22)
  55 |
  56 |   try {
> 57 |     await getLimiter(pointsPerMinute).consume(companyId, 1);
     |                                       ^
  58 |   } catch (err) {
  59 |     // rate-limiter-flexible throws a RateLimiterRes (has msBeforeNext) when
  60 |     // the limit is actually exceeded; anything else (e.g. Redis down) is a
 GET /api/v1/portal-settings/cmtgb04al00050bv3rt10npd9 200 in 3ms (next.js: 0.5ms, application-code: 3ms)
[rateLimit] Redis connection error: 
[rateLimit] Redis error, failing open: Error: Stream isn't writeable and enableOfflineQueue options is false
    at new Promise (<anonymous>)
    at checkRateLimit (src/lib/rateLimit.ts:57:39)
    at requireInternalAuth (src/lib/internalAuth.ts:92:25)
    at async GET (src/app/api/v1/tenant/resolve/route.ts:10:27)
  55 |
  56 |   try {
> 57 |     await getLimiter(pointsPerMinute).consume(companyId, 1);
     |                                       ^
  58 |   } catch (err) {
  59 |     // rate-limiter-flexible throws a RateLimiterRes (has msBeforeNext) when
  60 |     // the limit is actually exceeded; anything else (e.g. Redis down) is a
 GET /api/v1/tenant/resolve 200 in 4ms (next.js: 0.8ms, application-code: 3ms)
[rateLimit] Redis error, failing open: Error: Stream isn't writeable and enableOfflineQueue options is false
    at new Promise (<anonymous>)
    at checkRateLimit (src/lib/rateLimit.ts:57:39)
    at requireInternalAuth (src/lib/internalAuth.ts:92:25)
    at async GET (src/app/api/v1/tenant/resolve/route.ts:10:27)
  55 |
  56 |   try {
> 57 |     await getLimiter(pointsPerMinute).consume(companyId, 1);
     |                                       ^
  58 |   } catch (err) {
  59 |     // rate-limiter-flexible throws a RateLimiterRes (has msBeforeNext) when
  60 |     // the limit is actually exceeded; anything else (e.g. Redis down) is a
 GET /api/v1/tenant/resolve 200 in 4ms (next.js: 0.8ms, application-code: 3ms)
[rateLimit] Redis error, failing open: Error: Stream isn't writeable and enableOfflineQueue options is false
    at new Promise (<anonymous>)
    at checkRateLimit (src/lib/rateLimit.ts:57:39)
    at requireInternalAuth (src/lib/internalAuth.ts:92:25)
    at async GET (src/app/api/v1/portal-settings/[companyId]/route.ts:16:22)
  55 |
  56 |   try {
> 57 |     await getLimiter(pointsPerMinute).consume(companyId, 1);
     |                                       ^
  58 |   } catch (err) {
  59 |     // rate-limiter-flexible throws a RateLimiterRes (has msBeforeNext) when
  60 |     // the limit is actually exceeded; anything else (e.g. Redis down) is a
 GET /api/v1/portal-settings/cmtgb04gr000a0bv35evd9ya5 200 in 4ms (next.js: 0.7ms, application-code: 3ms)
[rateLimit] Redis connection error: 
[rateLimit] Redis connection error: 
[rateLimit] Redis connection error: 
[rateLimit] Redis connection error: 
[rateLimit] Redis connection error: 
[rateLimit] Redis error, failing open: Error: Stream isn't writeable and enableOfflineQueue options is false
    at new Promise (<anonymous>)
    at checkRateLimit (src/lib/rateLimit.ts:57:39)
    at requireInternalAuth (src/lib/internalAuth.ts:92:25)
    at async GET (src/app/api/v1/tenant/resolve/route.ts:10:27)
  55 |
  56 |   try {
> 57 |     await getLimiter(pointsPerMinute).consume(companyId, 1);
     |                                       ^
  58 |   } catch (err) {
  59 |     // rate-limiter-flexible throws a RateLimiterRes (has msBeforeNext) when
  60 |     // the limit is actually exceeded; anything else (e.g. Redis down) is a
 GET /api/v1/tenant/resolve 200 in 6ms (next.js: 2ms, application-code: 4ms)
[rateLimit] Redis error, failing open: Error: Stream isn't writeable and enableOfflineQueue options is false
    at new Promise (<anonymous>)
    at checkRateLimit (src/lib/rateLimit.ts:57:39)
    at requireInternalAuth (src/lib/internalAuth.ts:92:25)
    at async GET (src/app/api/v1/tenant/resolve/route.ts:10:27)
  55 |
  56 |   try {
> 57 |     await getLimiter(pointsPerMinute).consume(companyId, 1);
     |                                       ^
  58 |   } catch (err) {
  59 |     // rate-limiter-flexible throws a RateLimiterRes (has msBeforeNext) when
  60 |     // the limit is actually exceeded; anything else (e.g. Redis down) is a
 GET /api/v1/tenant/resolve 200 in 3ms (next.js: 0.8ms, application-code: 3ms)
[rateLimit] Redis error, failing open: Error: Stream isn't writeable and enableOfflineQueue options is false
    at new Promise (<anonymous>)
    at checkRateLimit (src/lib/rateLimit.ts:57:39)
    at requireInternalAuth (src/lib/internalAuth.ts:92:25)
    at async GET (src/app/api/v1/portal-settings/[companyId]/route.ts:16:22)
  55 |
  56 |   try {
> 57 |     await getLimiter(pointsPerMinute).consume(companyId, 1);
     |                                       ^
  58 |   } catch (err) {
  59 |     // rate-limiter-flexible throws a RateLimiterRes (has msBeforeNext) when
  60 |     // the limit is actually exceeded; anything else (e.g. Redis down) is a
 GET /api/v1/portal-settings/cmtgb040d00000bv3pa01rwb1 200 in 6ms (next.js: 1.9ms, application-code: 4ms)
[rateLimit] Redis error, failing open: Error: Stream isn't writeable and enableOfflineQueue options is false
    at new Promise (<anonymous>)
    at checkRateLimit (src/lib/rateLimit.ts:57:39)
    at requireInternalAuth (src/lib/internalAuth.ts:92:25)
    at async GET (src/app/api/v1/tenant/resolve/route.ts:10:27)
  55 |
  56 |   try {
> 57 |     await getLimiter(pointsPerMinute).consume(companyId, 1);
     |                                       ^
  58 |   } catch (err) {
  59 |     // rate-limiter-flexible throws a RateLimiterRes (has msBeforeNext) when
  60 |     // the limit is actually exceeded; anything else (e.g. Redis down) is a
 GET /api/v1/tenant/resolve 200 in 4ms (next.js: 0.9ms, application-code: 3ms)
[rateLimit] Redis error, failing open: Error: Stream isn't writeable and enableOfflineQueue options is false
    at new Promise (<anonymous>)
    at checkRateLimit (src/lib/rateLimit.ts:57:39)
    at requireInternalAuth (src/lib/internalAuth.ts:92:25)
    at async GET (src/app/api/v1/tenant/resolve/route.ts:10:27)
  55 |
  56 |   try {
> 57 |     await getLimiter(pointsPerMinute).consume(companyId, 1);
     |                                       ^
  58 |   } catch (err) {
  59 |     // rate-limiter-flexible throws a RateLimiterRes (has msBeforeNext) when
  60 |     // the limit is actually exceeded; anything else (e.g. Redis down) is a
 GET /api/v1/tenant/resolve 200 in 3ms (next.js: 0.9ms, application-code: 3ms)
[rateLimit] Redis error, failing open: Error: Stream isn't writeable and enableOfflineQueue options is false
    at new Promise (<anonymous>)
    at checkRateLimit (src/lib/rateLimit.ts:57:39)
    at requireInternalAuth (src/lib/internalAuth.ts:92:25)
    at async GET (src/app/api/v1/portal-settings/[companyId]/route.ts:16:22)
  55 |
  56 |   try {
> 57 |     await getLimiter(pointsPerMinute).consume(companyId, 1);
     |                                       ^
  58 |   } catch (err) {
  59 |     // rate-limiter-flexible throws a RateLimiterRes (has msBeforeNext) when
  60 |     // the limit is actually exceeded; anything else (e.g. Redis down) is a
 GET /api/v1/portal-settings/cmtgb04al00050bv3rt10npd9 200 in 4ms (next.js: 0.7ms, application-code: 4ms)
[rateLimit] Redis error, failing open: Error: Stream isn't writeable and enableOfflineQueue options is false
    at new Promise (<anonymous>)
    at checkRateLimit (src/lib/rateLimit.ts:57:39)
    at requireInternalAuth (src/lib/internalAuth.ts:92:25)
    at async GET (src/app/api/v1/tenant/resolve/route.ts:10:27)
  55 |
  56 |   try {
> 57 |     await getLimiter(pointsPerMinute).consume(companyId, 1);
     |                                       ^
  58 |   } catch (err) {
  59 |     // rate-limiter-flexible throws a RateLimiterRes (has msBeforeNext) when
  60 |     // the limit is actually exceeded; anything else (e.g. Redis down) is a
 GET /api/v1/tenant/resolve 200 in 4ms (next.js: 0.7ms, application-code: 3ms)
[rateLimit] Redis error, failing open: Error: Stream isn't writeable and enableOfflineQueue options is false
    at new Promise (<anonymous>)
    at checkRateLimit (src/lib/rateLimit.ts:57:39)
    at requireInternalAuth (src/lib/internalAuth.ts:92:25)
    at async GET (src/app/api/v1/tenant/resolve/route.ts:10:27)
  55 |
  56 |   try {
> 57 |     await getLimiter(pointsPerMinute).consume(companyId, 1);
     |                                       ^
  58 |   } catch (err) {
  59 |     // rate-limiter-flexible throws a RateLimiterRes (has msBeforeNext) when
  60 |     // the limit is actually exceeded; anything else (e.g. Redis down) is a
 GET /api/v1/tenant/resolve 200 in 3ms (next.js: 0.8ms, application-code: 2ms)
[rateLimit] Redis error, failing open: Error: Stream isn't writeable and enableOfflineQueue options is false
    at new Promise (<anonymous>)
    at checkRateLimit (src/lib/rateLimit.ts:57:39)
    at requireInternalAuth (src/lib/internalAuth.ts:92:25)
    at async GET (src/app/api/v1/portal-settings/[companyId]/route.ts:16:22)
  55 |
  56 |   try {
> 57 |     await getLimiter(pointsPerMinute).consume(companyId, 1);
     |                                       ^
  58 |   } catch (err) {
  59 |     // rate-limiter-flexible throws a RateLimiterRes (has msBeforeNext) when
  60 |     // the limit is actually exceeded; anything else (e.g. Redis down) is a
 GET /api/v1/portal-settings/cmtgb04gr000a0bv35evd9ya5 200 in 5ms (next.js: 1.0ms, application-code: 4ms)
[rateLimit] Redis connection error: 
[rateLimit] Redis connection error: 
[rateLimit] Redis connection error: 
[rateLimit] Redis connection error: 
[rateLimit] Redis connection error: 
[rateLimit] Redis connection error: 
[rateLimit] Redis error, failing open: Error: Stream isn't writeable and enableOfflineQueue options is false
    at new Promise (<anonymous>)
    at checkRateLimit (src/lib/rateLimit.ts:57:39)
    at requireInternalAuth (src/lib/internalAuth.ts:92:25)
    at async GET (src/app/api/v1/tenant/resolve/route.ts:10:27)
  55 |
  56 |   try {
> 57 |     await getLimiter(pointsPerMinute).consume(companyId, 1);
     |                                       ^
  58 |   } catch (err) {
  59 |     // rate-limiter-flexible throws a RateLimiterRes (has msBeforeNext) when
  60 |     // the limit is actually exceeded; anything else (e.g. Redis down) is a
 GET /api/v1/tenant/resolve 200 in 14ms (next.js: 4ms, application-code: 10ms)
[rateLimit] Redis error, failing open: Error: Stream isn't writeable and enableOfflineQueue options is false
    at new Promise (<anonymous>)
    at checkRateLimit (src/lib/rateLimit.ts:57:39)
    at requireInternalAuth (src/lib/internalAuth.ts:92:25)
    at async GET (src/app/api/v1/tenant/resolve/route.ts:10:27)
  55 |
  56 |   try {
> 57 |     await getLimiter(pointsPerMinute).consume(companyId, 1);
     |                                       ^
  58 |   } catch (err) {
  59 |     // rate-limiter-flexible throws a RateLimiterRes (has msBeforeNext) when
  60 |     // the limit is actually exceeded; anything else (e.g. Redis down) is a
 GET /api/v1/tenant/resolve 200 in 8ms (next.js: 1.9ms, application-code: 6ms)
[rateLimit] Redis error, failing open: Error: Stream isn't writeable and enableOfflineQueue options is false
    at new Promise (<anonymous>)
    at checkRateLimit (src/lib/rateLimit.ts:57:39)
    at requireInternalAuth (src/lib/internalAuth.ts:92:25)
    at async GET (src/app/api/v1/portal-settings/[companyId]/route.ts:16:22)
  55 |
  56 |   try {
> 57 |     await getLimiter(pointsPerMinute).consume(companyId, 1);
     |                                       ^
  58 |   } catch (err) {
  59 |     // rate-limiter-flexible throws a RateLimiterRes (has msBeforeNext) when
  60 |     // the limit is actually exceeded; anything else (e.g. Redis down) is a
 GET /api/v1/portal-settings/cmtgb040d00000bv3pa01rwb1 200 in 9ms (next.js: 3ms, application-code: 6ms)
[rateLimit] Redis error, failing open: Error: Stream isn't writeable and enableOfflineQueue options is false
    at new Promise (<anonymous>)
    at checkRateLimit (src/lib/rateLimit.ts:57:39)
    at requireInternalAuth (src/lib/internalAuth.ts:92:25)
    at async GET (src/app/api/v1/tenant/resolve/route.ts:10:27)
  55 |
  56 |   try {
> 57 |     await getLimiter(pointsPerMinute).consume(companyId, 1);
     |                                       ^
  58 |   } catch (err) {
  59 |     // rate-limiter-flexible throws a RateLimiterRes (has msBeforeNext) when
  60 |     // the limit is actually exceeded; anything else (e.g. Redis down) is a
 GET /api/v1/tenant/resolve 200 in 3ms (next.js: 0.6ms, application-code: 3ms)
[rateLimit] Redis error, failing open: Error: Stream isn't writeable and enableOfflineQueue options is false
    at new Promise (<anonymous>)
    at checkRateLimit (src/lib/rateLimit.ts:57:39)
    at requireInternalAuth (src/lib/internalAuth.ts:92:25)
    at async GET (src/app/api/v1/tenant/resolve/route.ts:10:27)
  55 |
  56 |   try {
> 57 |     await getLimiter(pointsPerMinute).consume(companyId, 1);
     |                                       ^
  58 |   } catch (err) {
  59 |     // rate-limiter-flexible throws a RateLimiterRes (has msBeforeNext) when
  60 |     // the limit is actually exceeded; anything else (e.g. Redis down) is a
 GET /api/v1/tenant/resolve 200 in 3ms (next.js: 0.5ms, application-code: 2ms)
[rateLimit] Redis error, failing open: Error: Stream isn't writeable and enableOfflineQueue options is false
    at new Promise (<anonymous>)
    at checkRateLimit (src/lib/rateLimit.ts:57:39)
    at requireInternalAuth (src/lib/internalAuth.ts:92:25)
    at async GET (src/app/api/v1/portal-settings/[companyId]/route.ts:16:22)
  55 |
  56 |   try {
> 57 |     await getLimiter(pointsPerMinute).consume(companyId, 1);
     |                                       ^
  58 |   } catch (err) {
  59 |     // rate-limiter-flexible throws a RateLimiterRes (has msBeforeNext) when
  60 |     // the limit is actually exceeded; anything else (e.g. Redis down) is a
 GET /api/v1/portal-settings/cmtgb04al00050bv3rt10npd9 200 in 3ms (next.js: 0.5ms, application-code: 3ms)
[rateLimit] Redis error, failing open: Error: Stream isn't writeable and enableOfflineQueue options is false
    at new Promise (<anonymous>)
    at checkRateLimit (src/lib/rateLimit.ts:57:39)
    at requireInternalAuth (src/lib/internalAuth.ts:92:25)
    at async GET (src/app/api/v1/tenant/resolve/route.ts:10:27)
  55 |
  56 |   try {
> 57 |     await getLimiter(pointsPerMinute).consume(companyId, 1);
     |                                       ^
  58 |   } catch (err) {
  59 |     // rate-limiter-flexible throws a RateLimiterRes (has msBeforeNext) when
  60 |     // the limit is actually exceeded; anything else (e.g. Redis down) is a
 GET /api/v1/tenant/resolve 200 in 3ms (next.js: 0.6ms, application-code: 3ms)
[rateLimit] Redis error, failing open: Error: Stream isn't writeable and enableOfflineQueue options is false
    at new Promise (<anonymous>)
    at checkRateLimit (src/lib/rateLimit.ts:57:39)
    at requireInternalAuth (src/lib/internalAuth.ts:92:25)
    at async GET (src/app/api/v1/tenant/resolve/route.ts:10:27)
  55 |
  56 |   try {
> 57 |     await getLimiter(pointsPerMinute).consume(companyId, 1);
     |                                       ^
  58 |   } catch (err) {
  59 |     // rate-limiter-flexible throws a RateLimiterRes (has msBeforeNext) when
  60 |     // the limit is actually exceeded; anything else (e.g. Redis down) is a
 GET /api/v1/tenant/resolve 200 in 3ms (next.js: 0.5ms, application-code: 2ms)
[rateLimit] Redis error, failing open: Error: Stream isn't writeable and enableOfflineQueue options is false
    at new Promise (<anonymous>)
    at checkRateLimit (src/lib/rateLimit.ts:57:39)
    at requireInternalAuth (src/lib/internalAuth.ts:92:25)
    at async GET (src/app/api/v1/portal-settings/[companyId]/route.ts:16:22)
  55 |
  56 |   try {
> 57 |     await getLimiter(pointsPerMinute).consume(companyId, 1);
     |                                       ^
  58 |   } catch (err) {
  59 |     // rate-limiter-flexible throws a RateLimiterRes (has msBeforeNext) when
  60 |     // the limit is actually exceeded; anything else (e.g. Redis down) is a
 GET /api/v1/portal-settings/cmtgb04gr000a0bv35evd9ya5 200 in 3ms (next.js: 0.5ms, application-code: 3ms)
[rateLimit] Redis connection error: 
[rateLimit] Redis connection error: 
[rateLimit] Redis connection error: 
[rateLimit] Redis connection error: 
[rateLimit] Redis connection error: 
[rateLimit] Redis connection error: 
[rateLimit] Redis error, failing open: Error: Stream isn't writeable and enableOfflineQueue options is false
    at new Promise (<anonymous>)
    at checkRateLimit (src/lib/rateLimit.ts:57:39)
    at requireInternalAuth (src/lib/internalAuth.ts:92:25)
    at async GET (src/app/api/v1/tenant/resolve/route.ts:10:27)
  55 |
  56 |   try {
> 57 |     await getLimiter(pointsPerMinute).consume(companyId, 1);
     |                                       ^
  58 |   } catch (err) {
  59 |     // rate-limiter-flexible throws a RateLimiterRes (has msBeforeNext) when
  60 |     // the limit is actually exceeded; anything else (e.g. Redis down) is a
 GET /api/v1/tenant/resolve 200 in 12ms (next.js: 2ms, application-code: 9ms)
[rateLimit] Redis error, failing open: Error: Stream isn't writeable and enableOfflineQueue options is false
    at new Promise (<anonymous>)
    at checkRateLimit (src/lib/rateLimit.ts:57:39)
    at requireInternalAuth (src/lib/internalAuth.ts:92:25)
    at async GET (src/app/api/v1/tenant/resolve/route.ts:10:27)
  55 |
  56 |   try {
> 57 |     await getLimiter(pointsPerMinute).consume(companyId, 1);
     |                                       ^
  58 |   } catch (err) {
  59 |     // rate-limiter-flexible throws a RateLimiterRes (has msBeforeNext) when
  60 |     // the limit is actually exceeded; anything else (e.g. Redis down) is a
 GET /api/v1/tenant/resolve 200 in 11ms (next.js: 1.5ms, application-code: 9ms)
[rateLimit] Redis error, failing open: Error: Stream isn't writeable and enableOfflineQueue options is false
    at new Promise (<anonymous>)
    at checkRateLimit (src/lib/rateLimit.ts:57:39)
    at requireInternalAuth (src/lib/internalAuth.ts:92:25)
    at async GET (src/app/api/v1/portal-settings/[companyId]/route.ts:16:22)
  55 |
  56 |   try {
> 57 |     await getLimiter(pointsPerMinute).consume(companyId, 1);
     |                                       ^
  58 |   } catch (err) {
  59 |     // rate-limiter-flexible throws a RateLimiterRes (has msBeforeNext) when
  60 |     // the limit is actually exceeded; anything else (e.g. Redis down) is a
 GET /api/v1/portal-settings/cmtgb040d00000bv3pa01rwb1 200 in 9ms (next.js: 3ms, application-code: 6ms)
[rateLimit] Redis error, failing open: Error: Stream isn't writeable and enableOfflineQueue options is false
    at new Promise (<anonymous>)
    at checkRateLimit (src/lib/rateLimit.ts:57:39)
    at requireInternalAuth (src/lib/internalAuth.ts:92:25)
    at async GET (src/app/api/v1/tenant/resolve/route.ts:10:27)
  55 |
  56 |   try {
> 57 |     await getLimiter(pointsPerMinute).consume(companyId, 1);
     |                                       ^
  58 |   } catch (err) {
  59 |     // rate-limiter-flexible throws a RateLimiterRes (has msBeforeNext) when
  60 |     // the limit is actually exceeded; anything else (e.g. Redis down) is a
 GET /api/v1/tenant/resolve 200 in 3ms (next.js: 0.6ms, application-code: 3ms)
[rateLimit] Redis error, failing open: Error: Stream isn't writeable and enableOfflineQueue options is false
    at new Promise (<anonymous>)
    at checkRateLimit (src/lib/rateLimit.ts:57:39)
    at requireInternalAuth (src/lib/internalAuth.ts:92:25)
    at async GET (src/app/api/v1/tenant/resolve/route.ts:10:27)
  55 |
  56 |   try {
> 57 |     await getLimiter(pointsPerMinute).consume(companyId, 1);
     |                                       ^
  58 |   } catch (err) {
  59 |     // rate-limiter-flexible throws a RateLimiterRes (has msBeforeNext) when
  60 |     // the limit is actually exceeded; anything else (e.g. Redis down) is a
 GET /api/v1/tenant/resolve 200 in 3ms (next.js: 0.5ms, application-code: 2ms)
[rateLimit] Redis error, failing open: Error: Stream isn't writeable and enableOfflineQueue options is false
    at new Promise (<anonymous>)
    at checkRateLimit (src/lib/rateLimit.ts:57:39)
    at requireInternalAuth (src/lib/internalAuth.ts:92:25)
    at async GET (src/app/api/v1/portal-settings/[companyId]/route.ts:16:22)
  55 |
  56 |   try {
> 57 |     await getLimiter(pointsPerMinute).consume(companyId, 1);
     |                                       ^
  58 |   } catch (err) {
  59 |     // rate-limiter-flexible throws a RateLimiterRes (has msBeforeNext) when
  60 |     // the limit is actually exceeded; anything else (e.g. Redis down) is a
 GET /api/v1/portal-settings/cmtgb04al00050bv3rt10npd9 200 in 3ms (next.js: 0.4ms, application-code: 3ms)
[rateLimit] Redis error, failing open: Error: Stream isn't writeable and enableOfflineQueue options is false
    at new Promise (<anonymous>)
    at checkRateLimit (src/lib/rateLimit.ts:57:39)
    at requireInternalAuth (src/lib/internalAuth.ts:92:25)
    at async GET (src/app/api/v1/tenant/resolve/route.ts:10:27)
  55 |
  56 |   try {
> 57 |     await getLimiter(pointsPerMinute).consume(companyId, 1);
     |                                       ^
  58 |   } catch (err) {
  59 |     // rate-limiter-flexible throws a RateLimiterRes (has msBeforeNext) when
  60 |     // the limit is actually exceeded; anything else (e.g. Redis down) is a
 GET /api/v1/tenant/resolve 200 in 3ms (next.js: 0.6ms, application-code: 2ms)
[rateLimit] Redis error, failing open: Error: Stream isn't writeable and enableOfflineQueue options is false
    at new Promise (<anonymous>)
    at checkRateLimit (src/lib/rateLimit.ts:57:39)
    at requireInternalAuth (src/lib/internalAuth.ts:92:25)
    at async GET (src/app/api/v1/tenant/resolve/route.ts:10:27)
  55 |
  56 |   try {
> 57 |     await getLimiter(pointsPerMinute).consume(companyId, 1);
     |                                       ^
  58 |   } catch (err) {
  59 |     // rate-limiter-flexible throws a RateLimiterRes (has msBeforeNext) when
  60 |     // the limit is actually exceeded; anything else (e.g. Redis down) is a
 GET /api/v1/tenant/resolve 200 in 3ms (next.js: 0.4ms, application-code: 2ms)
[rateLimit] Redis error, failing open: Error: Stream isn't writeable and enableOfflineQueue options is false
    at new Promise (<anonymous>)
    at checkRateLimit (src/lib/rateLimit.ts:57:39)
    at requireInternalAuth (src/lib/internalAuth.ts:92:25)
    at async GET (src/app/api/v1/portal-settings/[companyId]/route.ts:16:22)
  55 |
  56 |   try {
> 57 |     await getLimiter(pointsPerMinute).consume(companyId, 1);
     |                                       ^
  58 |   } catch (err) {
  59 |     // rate-limiter-flexible throws a RateLimiterRes (has msBeforeNext) when
  60 |     // the limit is actually exceeded; anything else (e.g. Redis down) is a
 GET /api/v1/portal-settings/cmtgb04gr000a0bv35evd9ya5 200 in 3ms (next.js: 0.5ms, application-code: 3ms)
[rateLimit] Redis connection error: 
[rateLimit] Redis connection error: 
[rateLimit] Redis connection error: 
[rateLimit] Redis connection error: 
[rateLimit] Redis connection error: 
[rateLimit] Redis connection error: 
[rateLimit] Redis error, failing open: Error: Stream isn't writeable and enableOfflineQueue options is false
    at new Promise (<anonymous>)
    at checkRateLimit (src/lib/rateLimit.ts:57:39)
    at requireInternalAuth (src/lib/internalAuth.ts:92:25)
    at async GET (src/app/api/v1/tenant/resolve/route.ts:10:27)
  55 |
  56 |   try {
> 57 |     await getLimiter(pointsPerMinute).consume(companyId, 1);
     |                                       ^
  58 |   } catch (err) {
  59 |     // rate-limiter-flexible throws a RateLimiterRes (has msBeforeNext) when
  60 |     // the limit is actually exceeded; anything else (e.g. Redis down) is a
 GET /api/v1/tenant/resolve 200 in 12ms (next.js: 3ms, application-code: 9ms)
[rateLimit] Redis error, failing open: Error: Stream isn't writeable and enableOfflineQueue options is false
    at new Promise (<anonymous>)
    at checkRateLimit (src/lib/rateLimit.ts:57:39)
    at requireInternalAuth (src/lib/internalAuth.ts:92:25)
    at async GET (src/app/api/v1/tenant/resolve/route.ts:10:27)
  55 |
  56 |   try {
> 57 |     await getLimiter(pointsPerMinute).consume(companyId, 1);
     |                                       ^
  58 |   } catch (err) {
  59 |     // rate-limiter-flexible throws a RateLimiterRes (has msBeforeNext) when
  60 |     // the limit is actually exceeded; anything else (e.g. Redis down) is a
 GET /api/v1/tenant/resolve 200 in 8ms (next.js: 1.3ms, application-code: 7ms)
[rateLimit] Redis error, failing open: Error: Stream isn't writeable and enableOfflineQueue options is false
    at new Promise (<anonymous>)
    at checkRateLimit (src/lib/rateLimit.ts:57:39)
    at requireInternalAuth (src/lib/internalAuth.ts:92:25)
    at async GET (src/app/api/v1/portal-settings/[companyId]/route.ts:16:22)
  55 |
  56 |   try {
> 57 |     await getLimiter(pointsPerMinute).consume(companyId, 1);
     |                                       ^
  58 |   } catch (err) {
  59 |     // rate-limiter-flexible throws a RateLimiterRes (has msBeforeNext) when
  60 |     // the limit is actually exceeded; anything else (e.g. Redis down) is a
 GET /api/v1/portal-settings/cmtgb040d00000bv3pa01rwb1 200 in 8ms (next.js: 3ms, application-code: 5ms)
[rateLimit] Redis error, failing open: Error: Stream isn't writeable and enableOfflineQueue options is false
    at new Promise (<anonymous>)
    at checkRateLimit (src/lib/rateLimit.ts:57:39)
    at requireInternalAuth (src/lib/internalAuth.ts:92:25)
    at async GET (src/app/api/v1/tenant/resolve/route.ts:10:27)
  55 |
  56 |   try {
> 57 |     await getLimiter(pointsPerMinute).consume(companyId, 1);
     |                                       ^
  58 |   } catch (err) {
  59 |     // rate-limiter-flexible throws a RateLimiterRes (has msBeforeNext) when
  60 |     // the limit is actually exceeded; anything else (e.g. Redis down) is a
 GET /api/v1/tenant/resolve 200 in 3ms (next.js: 0.6ms, application-code: 3ms)
[rateLimit] Redis error, failing open: Error: Stream isn't writeable and enableOfflineQueue options is false
    at new Promise (<anonymous>)
    at checkRateLimit (src/lib/rateLimit.ts:57:39)
    at requireInternalAuth (src/lib/internalAuth.ts:92:25)
    at async GET (src/app/api/v1/tenant/resolve/route.ts:10:27)
  55 |
  56 |   try {
> 57 |     await getLimiter(pointsPerMinute).consume(companyId, 1);
     |                                       ^
  58 |   } catch (err) {
  59 |     // rate-limiter-flexible throws a RateLimiterRes (has msBeforeNext) when
  60 |     // the limit is actually exceeded; anything else (e.g. Redis down) is a
 GET /api/v1/tenant/resolve 200 in 3ms (next.js: 0.5ms, application-code: 2ms)
[rateLimit] Redis error, failing open: Error: Stream isn't writeable and enableOfflineQueue options is false
    at new Promise (<anonymous>)
    at checkRateLimit (src/lib/rateLimit.ts:57:39)
    at requireInternalAuth (src/lib/internalAuth.ts:92:25)
    at async GET (src/app/api/v1/portal-settings/[companyId]/route.ts:16:22)
  55 |
  56 |   try {
> 57 |     await getLimiter(pointsPerMinute).consume(companyId, 1);
     |                                       ^
  58 |   } catch (err) {
  59 |     // rate-limiter-flexible throws a RateLimiterRes (has msBeforeNext) when
  60 |     // the limit is actually exceeded; anything else (e.g. Redis down) is a
 GET /api/v1/portal-settings/cmtgb04al00050bv3rt10npd9 200 in 3ms (next.js: 0.5ms, application-code: 3ms)
[rateLimit] Redis error, failing open: Error: Stream isn't writeable and enableOfflineQueue options is false
    at new Promise (<anonymous>)
    at checkRateLimit (src/lib/rateLimit.ts:57:39)
    at requireInternalAuth (src/lib/internalAuth.ts:92:25)
    at async GET (src/app/api/v1/tenant/resolve/route.ts:10:27)
  55 |
  56 |   try {
> 57 |     await getLimiter(pointsPerMinute).consume(companyId, 1);
     |                                       ^
  58 |   } catch (err) {
  59 |     // rate-limiter-flexible throws a RateLimiterRes (has msBeforeNext) when
  60 |     // the limit is actually exceeded; anything else (e.g. Redis down) is a
 GET /api/v1/tenant/resolve 200 in 3ms (next.js: 0.6ms, application-code: 2ms)
[rateLimit] Redis error, failing open: Error: Stream isn't writeable and enableOfflineQueue options is false
    at new Promise (<anonymous>)
    at checkRateLimit (src/lib/rateLimit.ts:57:39)
    at requireInternalAuth (src/lib/internalAuth.ts:92:25)
    at async GET (src/app/api/v1/tenant/resolve/route.ts:10:27)
  55 |
  56 |   try {
> 57 |     await getLimiter(pointsPerMinute).consume(companyId, 1);
     |                                       ^
  58 |   } catch (err) {
  59 |     // rate-limiter-flexible throws a RateLimiterRes (has msBeforeNext) when
  60 |     // the limit is actually exceeded; anything else (e.g. Redis down) is a
 GET /api/v1/tenant/resolve 200 in 3ms (next.js: 0.4ms, application-code: 2ms)
[rateLimit] Redis error, failing open: Error: Stream isn't writeable and enableOfflineQueue options is false
    at new Promise (<anonymous>)
    at checkRateLimit (src/lib/rateLimit.ts:57:39)
    at requireInternalAuth (src/lib/internalAuth.ts:92:25)
    at async GET (src/app/api/v1/portal-settings/[companyId]/route.ts:16:22)
  55 |
  56 |   try {
> 57 |     await getLimiter(pointsPerMinute).consume(companyId, 1);
     |                                       ^
  58 |   } catch (err) {
  59 |     // rate-limiter-flexible throws a RateLimiterRes (has msBeforeNext) when
  60 |     // the limit is actually exceeded; anything else (e.g. Redis down) is a
 GET /api/v1/portal-settings/cmtgb04gr000a0bv35evd9ya5 200 in 3ms (next.js: 0.4ms, application-code: 3ms)
[rateLimit] Redis connection error: 
[rateLimit] Redis connection error: 
[rateLimit] Redis connection error: 
[rateLimit] Redis connection error: 
[rateLimit] Redis connection error: 
[rateLimit] Redis connection error: 
[rateLimit] Redis error, failing open: Error: Stream isn't writeable and enableOfflineQueue options is false
    at new Promise (<anonymous>)
    at checkRateLimit (src/lib/rateLimit.ts:57:39)
    at requireInternalAuth (src/lib/internalAuth.ts:92:25)
    at async GET (src/app/api/v1/tenant/resolve/route.ts:10:27)
  55 |
  56 |   try {
> 57 |     await getLimiter(pointsPerMinute).consume(companyId, 1);
     |                                       ^
  58 |   } catch (err) {
  59 |     // rate-limiter-flexible throws a RateLimiterRes (has msBeforeNext) when
  60 |     // the limit is actually exceeded; anything else (e.g. Redis down) is a
 GET /api/v1/tenant/resolve 200 in 12ms (next.js: 3ms, application-code: 10ms)
[rateLimit] Redis error, failing open: Error: Stream isn't writeable and enableOfflineQueue options is false
    at new Promise (<anonymous>)
    at checkRateLimit (src/lib/rateLimit.ts:57:39)
    at requireInternalAuth (src/lib/internalAuth.ts:92:25)
    at async GET (src/app/api/v1/tenant/resolve/route.ts:10:27)
  55 |
  56 |   try {
> 57 |     await getLimiter(pointsPerMinute).consume(companyId, 1);
     |                                       ^
  58 |   } catch (err) {
  59 |     // rate-limiter-flexible throws a RateLimiterRes (has msBeforeNext) when
  60 |     // the limit is actually exceeded; anything else (e.g. Redis down) is a
 GET /api/v1/tenant/resolve 200 in 7ms (next.js: 2ms, application-code: 5ms)
[rateLimit] Redis error, failing open: Error: Stream isn't writeable and enableOfflineQueue options is false
    at new Promise (<anonymous>)
    at checkRateLimit (src/lib/rateLimit.ts:57:39)
    at requireInternalAuth (src/lib/internalAuth.ts:92:25)
    at async GET (src/app/api/v1/portal-settings/[companyId]/route.ts:16:22)
  55 |
  56 |   try {
> 57 |     await getLimiter(pointsPerMinute).consume(companyId, 1);
     |                                       ^
  58 |   } catch (err) {
  59 |     // rate-limiter-flexible throws a RateLimiterRes (has msBeforeNext) when
  60 |     // the limit is actually exceeded; anything else (e.g. Redis down) is a
 GET /api/v1/portal-settings/cmtgb040d00000bv3pa01rwb1 200 in 8ms (next.js: 3ms, application-code: 6ms)
[rateLimit] Redis error, failing open: Error: Stream isn't writeable and enableOfflineQueue options is false
    at new Promise (<anonymous>)
    at checkRateLimit (src/lib/rateLimit.ts:57:39)
    at requireInternalAuth (src/lib/internalAuth.ts:92:25)
    at async GET (src/app/api/v1/tenant/resolve/route.ts:10:27)
  55 |
  56 |   try {
> 57 |     await getLimiter(pointsPerMinute).consume(companyId, 1);
     |                                       ^
  58 |   } catch (err) {
  59 |     // rate-limiter-flexible throws a RateLimiterRes (has msBeforeNext) when
  60 |     // the limit is actually exceeded; anything else (e.g. Redis down) is a
 GET /api/v1/tenant/resolve 200 in 3ms (next.js: 0.6ms, application-code: 3ms)
[rateLimit] Redis error, failing open: Error: Stream isn't writeable and enableOfflineQueue options is false
    at new Promise (<anonymous>)
    at checkRateLimit (src/lib/rateLimit.ts:57:39)
    at requireInternalAuth (src/lib/internalAuth.ts:92:25)
    at async GET (src/app/api/v1/tenant/resolve/route.ts:10:27)
  55 |
  56 |   try {
> 57 |     await getLimiter(pointsPerMinute).consume(companyId, 1);
     |                                       ^
  58 |   } catch (err) {
  59 |     // rate-limiter-flexible throws a RateLimiterRes (has msBeforeNext) when
  60 |     // the limit is actually exceeded; anything else (e.g. Redis down) is a
 GET /api/v1/tenant/resolve 200 in 3ms (next.js: 0.5ms, application-code: 2ms)
[rateLimit] Redis error, failing open: Error: Stream isn't writeable and enableOfflineQueue options is false
    at new Promise (<anonymous>)
    at checkRateLimit (src/lib/rateLimit.ts:57:39)
    at requireInternalAuth (src/lib/internalAuth.ts:92:25)
    at async GET (src/app/api/v1/portal-settings/[companyId]/route.ts:16:22)
  55 |
  56 |   try {
> 57 |     await getLimiter(pointsPerMinute).consume(companyId, 1);
     |                                       ^
  58 |   } catch (err) {
  59 |     // rate-limiter-flexible throws a RateLimiterRes (has msBeforeNext) when
  60 |     // the limit is actually exceeded; anything else (e.g. Redis down) is a
 GET /api/v1/portal-settings/cmtgb04al00050bv3rt10npd9 200 in 3ms (next.js: 0.5ms, application-code: 3ms)
[rateLimit] Redis error, failing open: Error: Stream isn't writeable and enableOfflineQueue options is false
    at new Promise (<anonymous>)
    at checkRateLimit (src/lib/rateLimit.ts:57:39)
    at requireInternalAuth (src/lib/internalAuth.ts:92:25)
    at async GET (src/app/api/v1/tenant/resolve/route.ts:10:27)
  55 |
  56 |   try {
> 57 |     await getLimiter(pointsPerMinute).consume(companyId, 1);
     |                                       ^
  58 |   } catch (err) {
  59 |     // rate-limiter-flexible throws a RateLimiterRes (has msBeforeNext) when
  60 |     // the limit is actually exceeded; anything else (e.g. Redis down) is a
 GET /api/v1/tenant/resolve 200 in 3ms (next.js: 0.6ms, application-code: 3ms)
[rateLimit] Redis error, failing open: Error: Stream isn't writeable and enableOfflineQueue options is false
    at new Promise (<anonymous>)
    at checkRateLimit (src/lib/rateLimit.ts:57:39)
    at requireInternalAuth (src/lib/internalAuth.ts:92:25)
    at async GET (src/app/api/v1/tenant/resolve/route.ts:10:27)
  55 |
  56 |   try {
> 57 |     await getLimiter(pointsPerMinute).consume(companyId, 1);
     |                                       ^
  58 |   } catch (err) {
  59 |     // rate-limiter-flexible throws a RateLimiterRes (has msBeforeNext) when
  60 |     // the limit is actually exceeded; anything else (e.g. Redis down) is a
 GET /api/v1/tenant/resolve 200 in 3ms (next.js: 0.4ms, application-code: 2ms)
[rateLimit] Redis error, failing open: Error: Stream isn't writeable and enableOfflineQueue options is false
    at new Promise (<anonymous>)
    at checkRateLimit (src/lib/rateLimit.ts:57:39)
    at requireInternalAuth (src/lib/internalAuth.ts:92:25)
    at async GET (src/app/api/v1/portal-settings/[companyId]/route.ts:16:22)
  55 |
  56 |   try {
> 57 |     await getLimiter(pointsPerMinute).consume(companyId, 1);
     |                                       ^
  58 |   } catch (err) {
  59 |     // rate-limiter-flexible throws a RateLimiterRes (has msBeforeNext) when
  60 |     // the limit is actually exceeded; anything else (e.g. Redis down) is a
 GET /api/v1/portal-settings/cmtgb04gr000a0bv35evd9ya5 200 in 3ms (next.js: 0.5ms, application-code: 3ms)
[rateLimit] Redis error, failing open: Error: Stream isn't writeable and enableOfflineQueue options is false
    at new Promise (<anonymous>)
    at checkRateLimit (src/lib/rateLimit.ts:57:39)
    at requireInternalAuth (src/lib/internalAuth.ts:92:25)
    at async GET (src/app/api/v1/tenant/api-key/route.ts:13:44)
  55 |
  56 |   try {
> 57 |     await getLimiter(pointsPerMinute).consume(companyId, 1);
     |                                       ^
  58 |   } catch (err) {
  59 |     // rate-limiter-flexible throws a RateLimiterRes (has msBeforeNext) when
  60 |     // the limit is actually exceeded; anything else (e.g. Redis down) is a
[rateLimit] Redis error, failing open: Error: Stream isn't writeable and enableOfflineQueue options is false
    at new Promise (<anonymous>)
    at checkRateLimit (src/lib/rateLimit.ts:57:39)
    at requireInternalAuth (src/lib/internalAuth.ts:92:25)
    at async GET (src/app/api/v1/tenant/api-key/route.ts:13:44)
  55 |
  56 |   try {
> 57 |     await getLimiter(pointsPerMinute).consume(companyId, 1);
     |                                       ^
  58 |   } catch (err) {
  59 |     // rate-limiter-flexible throws a RateLimiterRes (has msBeforeNext) when
  60 |     // the limit is actually exceeded; anything else (e.g. Redis down) is a
[rateLimit] Redis error, failing open: Error: Stream isn't writeable and enableOfflineQueue options is false
    at new Promise (<anonymous>)
    at checkRateLimit (src/lib/rateLimit.ts:57:39)
    at requireInternalAuth (src/lib/internalAuth.ts:92:25)
    at async GET (src/app/api/v1/tenant/api-key/route.ts:13:44)
  55 |
  56 |   try {
> 57 |     await getLimiter(pointsPerMinute).consume(companyId, 1);
     |                                       ^
  58 |   } catch (err) {
  59 |     // rate-limiter-flexible throws a RateLimiterRes (has msBeforeNext) when
  60 |     // the limit is actually exceeded; anything else (e.g. Redis down) is a
 GET /api/v1/tenant/api-key 200 in 120ms (next.js: 104ms, application-code: 16ms)
 GET /api/v1/tenant/api-key 200 in 194ms (next.js: 180ms, application-code: 15ms)
 GET /api/v1/tenant/api-key 200 in 245ms (next.js: 231ms, application-code: 14ms)
[rateLimit] Redis connection error: 
[rateLimit] Redis connection error: 
[rateLimit] Redis connection error: 
[rateLimit] Redis connection error: 
[rateLimit] Redis connection error: 
[rateLimit] Redis connection error: 
[rateLimit] Redis error, failing open: Error: Stream isn't writeable and enableOfflineQueue options is false
    at new Promise (<anonymous>)
    at checkRateLimit (src/lib/rateLimit.ts:57:39)
    at requireInternalAuth (src/lib/internalAuth.ts:92:25)
    at async GET (src/app/api/v1/tenant/resolve/route.ts:10:27)
  55 |
  56 |   try {
> 57 |     await getLimiter(pointsPerMinute).consume(companyId, 1);
     |                                       ^
  58 |   } catch (err) {
  59 |     // rate-limiter-flexible throws a RateLimiterRes (has msBeforeNext) when
  60 |     // the limit is actually exceeded; anything else (e.g. Redis down) is a
 GET /api/v1/tenant/resolve 200 in 12ms (next.js: 2ms, application-code: 9ms)
[rateLimit] Redis error, failing open: Error: Stream isn't writeable and enableOfflineQueue options is false
    at new Promise (<anonymous>)
    at checkRateLimit (src/lib/rateLimit.ts:57:39)
    at requireInternalAuth (src/lib/internalAuth.ts:92:25)
    at async GET (src/app/api/v1/tenant/resolve/route.ts:10:27)
  55 |
  56 |   try {
> 57 |     await getLimiter(pointsPerMinute).consume(companyId, 1);
     |                                       ^
  58 |   } catch (err) {
  59 |     // rate-limiter-flexible throws a RateLimiterRes (has msBeforeNext) when
  60 |     // the limit is actually exceeded; anything else (e.g. Redis down) is a
 GET /api/v1/tenant/resolve 200 in 9ms (next.js: 1.7ms, application-code: 7ms)
[rateLimit] Redis error, failing open: Error: Stream isn't writeable and enableOfflineQueue options is false
    at new Promise (<anonymous>)
    at checkRateLimit (src/lib/rateLimit.ts:57:39)
    at requireInternalAuth (src/lib/internalAuth.ts:92:25)
    at async GET (src/app/api/v1/portal-settings/[companyId]/route.ts:16:22)
  55 |
  56 |   try {
> 57 |     await getLimiter(pointsPerMinute).consume(companyId, 1);
     |                                       ^
  58 |   } catch (err) {
  59 |     // rate-limiter-flexible throws a RateLimiterRes (has msBeforeNext) when
  60 |     // the limit is actually exceeded; anything else (e.g. Redis down) is a
 GET /api/v1/portal-settings/cmtgb040d00000bv3pa01rwb1 200 in 8ms (next.js: 3ms, application-code: 5ms)
[rateLimit] Redis error, failing open: Error: Stream isn't writeable and enableOfflineQueue options is false
    at new Promise (<anonymous>)
    at checkRateLimit (src/lib/rateLimit.ts:57:39)
    at requireInternalAuth (src/lib/internalAuth.ts:92:25)
    at async GET (src/app/api/v1/tenant/resolve/route.ts:10:27)
  55 |
  56 |   try {
> 57 |     await getLimiter(pointsPerMinute).consume(companyId, 1);
     |                                       ^
  58 |   } catch (err) {
  59 |     // rate-limiter-flexible throws a RateLimiterRes (has msBeforeNext) when
  60 |     // the limit is actually exceeded; anything else (e.g. Redis down) is a
 GET /api/v1/tenant/resolve 200 in 3ms (next.js: 0.7ms, application-code: 3ms)
[rateLimit] Redis error, failing open: Error: Stream isn't writeable and enableOfflineQueue options is false
    at new Promise (<anonymous>)
    at checkRateLimit (src/lib/rateLimit.ts:57:39)
    at requireInternalAuth (src/lib/internalAuth.ts:92:25)
    at async GET (src/app/api/v1/tenant/resolve/route.ts:10:27)
  55 |
  56 |   try {
> 57 |     await getLimiter(pointsPerMinute).consume(companyId, 1);
     |                                       ^
  58 |   } catch (err) {
  59 |     // rate-limiter-flexible throws a RateLimiterRes (has msBeforeNext) when
  60 |     // the limit is actually exceeded; anything else (e.g. Redis down) is a
 GET /api/v1/tenant/resolve 200 in 3ms (next.js: 0.5ms, application-code: 2ms)
[rateLimit] Redis error, failing open: Error: Stream isn't writeable and enableOfflineQueue options is false
    at new Promise (<anonymous>)
    at checkRateLimit (src/lib/rateLimit.ts:57:39)
    at requireInternalAuth (src/lib/internalAuth.ts:92:25)
    at async GET (src/app/api/v1/portal-settings/[companyId]/route.ts:16:22)
  55 |
  56 |   try {
> 57 |     await getLimiter(pointsPerMinute).consume(companyId, 1);
     |                                       ^
  58 |   } catch (err) {
  59 |     // rate-limiter-flexible throws a RateLimiterRes (has msBeforeNext) when
  60 |     // the limit is actually exceeded; anything else (e.g. Redis down) is a
 GET /api/v1/portal-settings/cmtgb04al00050bv3rt10npd9 200 in 3ms (next.js: 0.5ms, application-code: 3ms)
[rateLimit] Redis error, failing open: Error: Stream isn't writeable and enableOfflineQueue options is false
    at new Promise (<anonymous>)
    at checkRateLimit (src/lib/rateLimit.ts:57:39)
    at requireInternalAuth (src/lib/internalAuth.ts:92:25)
    at async GET (src/app/api/v1/tenant/resolve/route.ts:10:27)
  55 |
  56 |   try {
> 57 |     await getLimiter(pointsPerMinute).consume(companyId, 1);
     |                                       ^
  58 |   } catch (err) {
  59 |     // rate-limiter-flexible throws a RateLimiterRes (has msBeforeNext) when
  60 |     // the limit is actually exceeded; anything else (e.g. Redis down) is a
 GET /api/v1/tenant/resolve 200 in 3ms (next.js: 0.6ms, application-code: 2ms)
[rateLimit] Redis error, failing open: Error: Stream isn't writeable and enableOfflineQueue options is false
    at new Promise (<anonymous>)
    at checkRateLimit (src/lib/rateLimit.ts:57:39)
    at requireInternalAuth (src/lib/internalAuth.ts:92:25)
    at async GET (src/app/api/v1/tenant/resolve/route.ts:10:27)
  55 |
  56 |   try {
> 57 |     await getLimiter(pointsPerMinute).consume(companyId, 1);
     |                                       ^
  58 |   } catch (err) {
  59 |     // rate-limiter-flexible throws a RateLimiterRes (has msBeforeNext) when
  60 |     // the limit is actually exceeded; anything else (e.g. Redis down) is a
 GET /api/v1/tenant/resolve 200 in 2ms (next.js: 0.4ms, application-code: 2ms)
[rateLimit] Redis error, failing open: Error: Stream isn't writeable and enableOfflineQueue options is false
    at new Promise (<anonymous>)
    at checkRateLimit (src/lib/rateLimit.ts:57:39)
    at requireInternalAuth (src/lib/internalAuth.ts:92:25)
    at async GET (src/app/api/v1/portal-settings/[companyId]/route.ts:16:22)
  55 |
  56 |   try {
> 57 |     await getLimiter(pointsPerMinute).consume(companyId, 1);
     |                                       ^
  58 |   } catch (err) {
  59 |     // rate-limiter-flexible throws a RateLimiterRes (has msBeforeNext) when
  60 |     // the limit is actually exceeded; anything else (e.g. Redis down) is a
 GET /api/v1/portal-settings/cmtgb04gr000a0bv35evd9ya5 200 in 3ms (next.js: 0.4ms, application-code: 2ms)
[rateLimit] Redis connection error: 
[rateLimit] Redis connection error: 
[rateLimit] Redis error, failing open: Error: Stream isn't writeable and enableOfflineQueue options is false
    at new Promise (<anonymous>)
    at checkRateLimit (src/lib/rateLimit.ts:57:39)
    at requireInternalAuth (src/lib/internalAuth.ts:92:25)
    at async GET (src/app/api/v1/tenant/resolve/route.ts:10:27)
  55 |
  56 |   try {
> 57 |     await getLimiter(pointsPerMinute).consume(companyId, 1);
     |                                       ^
  58 |   } catch (err) {
  59 |     // rate-limiter-flexible throws a RateLimiterRes (has msBeforeNext) when
  60 |     // the limit is actually exceeded; anything else (e.g. Redis down) is a
 GET /api/v1/tenant/resolve 200 in 12ms (next.js: 1.5ms, application-code: 10ms)
[rateLimit] Redis error, failing open: Error: Stream isn't writeable and enableOfflineQueue options is false
    at new Promise (<anonymous>)
    at checkRateLimit (src/lib/rateLimit.ts:57:39)
    at requireInternalAuth (src/lib/internalAuth.ts:92:25)
    at async GET (src/app/api/v1/portal-settings/[companyId]/route.ts:16:22)
  55 |
  56 |   try {
> 57 |     await getLimiter(pointsPerMinute).consume(companyId, 1);
     |                                       ^
  58 |   } catch (err) {
  59 |     // rate-limiter-flexible throws a RateLimiterRes (has msBeforeNext) when
  60 |     // the limit is actually exceeded; anything else (e.g. Redis down) is a
 GET /api/v1/portal-settings/cmtgb04gr000a0bv35evd9ya5 200 in 8ms (next.js: 3ms, application-code: 5ms)
[rateLimit] Redis error, failing open: Error: Stream isn't writeable and enableOfflineQueue options is false
    at new Promise (<anonymous>)
    at checkRateLimit (src/lib/rateLimit.ts:57:39)
    at requireInternalAuth (src/lib/internalAuth.ts:92:25)
    at async GET (src/app/api/v1/faqs/route.ts:9:22)
  55 |
  56 |   try {
> 57 |     await getLimiter(pointsPerMinute).consume(companyId, 1);
     |                                       ^
  58 |   } catch (err) {
  59 |     // rate-limiter-flexible throws a RateLimiterRes (has msBeforeNext) when
  60 |     // the limit is actually exceeded; anything else (e.g. Redis down) is a
[rateLimit] Redis error, failing open: Error: Stream isn't writeable and enableOfflineQueue options is false
    at new Promise (<anonymous>)
    at checkRateLimit (src/lib/rateLimit.ts:57:39)
    at requireInternalAuth (src/lib/internalAuth.ts:92:25)
    at async GET (src/app/api/v1/shipping-rates/route.ts:9:22)
  55 |
  56 |   try {
> 57 |     await getLimiter(pointsPerMinute).consume(companyId, 1);
     |                                       ^
  58 |   } catch (err) {
  59 |     // rate-limiter-flexible throws a RateLimiterRes (has msBeforeNext) when
  60 |     // the limit is actually exceeded; anything else (e.g. Redis down) is a
 GET /api/v1/faqs?activeOnly=true 200 in 134ms (next.js: 84ms, application-code: 50ms)
 GET /api/v1/shipping-rates 200 in 139ms (next.js: 106ms, application-code: 33ms)
[rateLimit] Redis error, failing open: Error: Stream isn't writeable and enableOfflineQueue options is false
    at new Promise (<anonymous>)
    at checkRateLimit (src/lib/rateLimit.ts:57:39)
    at requireInternalAuth (src/lib/internalAuth.ts:92:25)
    at async GET (src/app/api/v1/tenant/resolve/route.ts:10:27)
  55 |
  56 |   try {
> 57 |     await getLimiter(pointsPerMinute).consume(companyId, 1);
     |                                       ^
  58 |   } catch (err) {
  59 |     // rate-limiter-flexible throws a RateLimiterRes (has msBeforeNext) when
  60 |     // the limit is actually exceeded; anything else (e.g. Redis down) is a
 GET /api/v1/tenant/resolve 200 in 6ms (next.js: 1.3ms, application-code: 5ms)
[rateLimit] Redis error, failing open: Error: Stream isn't writeable and enableOfflineQueue options is false
    at new Promise (<anonymous>)
    at checkRateLimit (src/lib/rateLimit.ts:57:39)
    at requireInternalAuth (src/lib/internalAuth.ts:92:25)
    at async GET (src/app/api/v1/tenant/resolve/route.ts:10:27)
  55 |
  56 |   try {
> 57 |     await getLimiter(pointsPerMinute).consume(companyId, 1);
     |                                       ^
  58 |   } catch (err) {
  59 |     // rate-limiter-flexible throws a RateLimiterRes (has msBeforeNext) when
  60 |     // the limit is actually exceeded; anything else (e.g. Redis down) is a
 GET /api/v1/tenant/resolve 200 in 10ms (next.js: 1.3ms, application-code: 9ms)
[rateLimit] Redis error, failing open: Error: Stream isn't writeable and enableOfflineQueue options is false
    at new Promise (<anonymous>)
    at checkRateLimit (src/lib/rateLimit.ts:57:39)
    at requireInternalAuth (src/lib/internalAuth.ts:92:25)
    at async GET (src/app/api/v1/files/portal-settings/[companyId]/logo/route.ts:14:22)
  55 |
  56 |   try {
> 57 |     await getLimiter(pointsPerMinute).consume(companyId, 1);
     |                                       ^
  58 |   } catch (err) {
  59 |     // rate-limiter-flexible throws a RateLimiterRes (has msBeforeNext) when
  60 |     // the limit is actually exceeded; anything else (e.g. Redis down) is a
 GET /api/v1/files/portal-settings/cmtgb04gr000a0bv35evd9ya5/logo 200 in 24ms (next.js: 5ms, application-code: 19ms)
[rateLimit] Redis error, failing open: Error: Stream isn't writeable and enableOfflineQueue options is false
    at new Promise (<anonymous>)
    at checkRateLimit (src/lib/rateLimit.ts:57:39)
    at requireInternalAuth (src/lib/internalAuth.ts:92:25)
    at async GET (src/app/api/v1/files/portal-settings/[companyId]/hero-image/route.ts:14:22)
  55 |
  56 |   try {
> 57 |     await getLimiter(pointsPerMinute).consume(companyId, 1);
     |                                       ^
  58 |   } catch (err) {
  59 |     // rate-limiter-flexible throws a RateLimiterRes (has msBeforeNext) when
  60 |     // the limit is actually exceeded; anything else (e.g. Redis down) is a
 GET /api/v1/files/portal-settings/cmtgb04gr000a0bv35evd9ya5/hero-image 200 in 584ms (next.js: 550ms, application-code: 34ms)
[rateLimit] Redis error, failing open: Error: Stream isn't writeable and enableOfflineQueue options is false
    at new Promise (<anonymous>)
    at checkRateLimit (src/lib/rateLimit.ts:57:39)
    at requireInternalAuth (src/lib/internalAuth.ts:92:25)
    at async GET (src/app/api/v1/tenant/resolve/route.ts:10:27)
  55 |
  56 |   try {
> 57 |     await getLimiter(pointsPerMinute).consume(companyId, 1);
     |                                       ^
  58 |   } catch (err) {
  59 |     // rate-limiter-flexible throws a RateLimiterRes (has msBeforeNext) when
  60 |     // the limit is actually exceeded; anything else (e.g. Redis down) is a
 GET /api/v1/tenant/resolve 200 in 9ms (next.js: 2ms, application-code: 7ms)
[rateLimit] Redis error, failing open: Error: Stream isn't writeable and enableOfflineQueue options is false
    at new Promise (<anonymous>)
    at checkRateLimit (src/lib/rateLimit.ts:57:39)
    at requireInternalAuth (src/lib/internalAuth.ts:92:25)
    at async GET (src/app/api/v1/files/portal-settings/[companyId]/favicon/route.ts:14:22)
  55 |
  56 |   try {
> 57 |     await getLimiter(pointsPerMinute).consume(companyId, 1);
     |                                       ^
  58 |   } catch (err) {
  59 |     // rate-limiter-flexible throws a RateLimiterRes (has msBeforeNext) when
  60 |     // the limit is actually exceeded; anything else (e.g. Redis down) is a
 GET /api/v1/files/portal-settings/cmtgb04gr000a0bv35evd9ya5/favicon 200 in 26ms (next.js: 4ms, application-code: 22ms)
[rateLimit] Redis connection error: 
[rateLimit] Redis error, failing open: Error: Stream isn't writeable and enableOfflineQueue options is false
    at new Promise (<anonymous>)
    at checkRateLimit (src/lib/rateLimit.ts:57:39)
    at requireInternalAuth (src/lib/internalAuth.ts:92:25)
    at async GET (src/app/api/v1/tenant/resolve/route.ts:10:27)
  55 |
  56 |   try {
> 57 |     await getLimiter(pointsPerMinute).consume(companyId, 1);
     |                                       ^
  58 |   } catch (err) {
  59 |     // rate-limiter-flexible throws a RateLimiterRes (has msBeforeNext) when
  60 |     // the limit is actually exceeded; anything else (e.g. Redis down) is a
 GET /api/v1/tenant/resolve 200 in 4ms (next.js: 1.5ms, application-code: 3ms)
[rateLimit] Redis error, failing open: Error: Stream isn't writeable and enableOfflineQueue options is false
    at new Promise (<anonymous>)
    at checkRateLimit (src/lib/rateLimit.ts:57:39)
    at requireInternalAuth (src/lib/internalAuth.ts:92:25)
    at async GET (src/app/api/v1/shipping-rates/route.ts:9:22)
  55 |
  56 |   try {
> 57 |     await getLimiter(pointsPerMinute).consume(companyId, 1);
     |                                       ^
  58 |   } catch (err) {
  59 |     // rate-limiter-flexible throws a RateLimiterRes (has msBeforeNext) when
  60 |     // the limit is actually exceeded; anything else (e.g. Redis down) is a
[rateLimit] Redis error, failing open: Error: Stream isn't writeable and enableOfflineQueue options is false
    at new Promise (<anonymous>)
    at checkRateLimit (src/lib/rateLimit.ts:57:39)
    at requireInternalAuth (src/lib/internalAuth.ts:92:25)
    at async GET (src/app/api/v1/faqs/route.ts:9:22)
  55 |
  56 |   try {
> 57 |     await getLimiter(pointsPerMinute).consume(companyId, 1);
     |                                       ^
  58 |   } catch (err) {
  59 |     // rate-limiter-flexible throws a RateLimiterRes (has msBeforeNext) when
  60 |     // the limit is actually exceeded; anything else (e.g. Redis down) is a
[rateLimit] Redis error, failing open: Error: Stream isn't writeable and enableOfflineQueue options is false
    at new Promise (<anonymous>)
    at checkRateLimit (src/lib/rateLimit.ts:57:39)
    at requireInternalAuth (src/lib/internalAuth.ts:92:25)
    at async GET (src/app/api/v1/portal-settings/[companyId]/route.ts:16:22)
  55 |
  56 |   try {
> 57 |     await getLimiter(pointsPerMinute).consume(companyId, 1);
     |                                       ^
  58 |   } catch (err) {
  59 |     // rate-limiter-flexible throws a RateLimiterRes (has msBeforeNext) when
  60 |     // the limit is actually exceeded; anything else (e.g. Redis down) is a
 GET /api/v1/shipping-rates 200 in 8ms (next.js: 1.1ms, application-code: 7ms)
 GET /api/v1/faqs?activeOnly=true 200 in 9ms (next.js: 2ms, application-code: 6ms)
 GET /api/v1/portal-settings/cmtgb040d00000bv3pa01rwb1 200 in 8ms (next.js: 3ms, application-code: 5ms)
[rateLimit] Redis connection error: 
[rateLimit] Redis connection error: 
[rateLimit] Redis error, failing open: Error: Stream isn't writeable and enableOfflineQueue options is false
    at new Promise (<anonymous>)
    at checkRateLimit (src/lib/rateLimit.ts:57:39)
    at requireInternalAuth (src/lib/internalAuth.ts:92:25)
    at async GET (src/app/api/v1/tenant/resolve/route.ts:10:27)
  55 |
  56 |   try {
> 57 |     await getLimiter(pointsPerMinute).consume(companyId, 1);
     |                                       ^
  58 |   } catch (err) {
  59 |     // rate-limiter-flexible throws a RateLimiterRes (has msBeforeNext) when
  60 |     // the limit is actually exceeded; anything else (e.g. Redis down) is a
 GET /api/v1/tenant/resolve 200 in 7ms (next.js: 1.9ms, application-code: 5ms)
[rateLimit] Redis error, failing open: Error: Stream isn't writeable and enableOfflineQueue options is false
    at new Promise (<anonymous>)
    at checkRateLimit (src/lib/rateLimit.ts:57:39)
    at requireInternalAuth (src/lib/internalAuth.ts:92:25)
    at async GET (src/app/api/v1/shipping-rates/route.ts:9:22)
  55 |
  56 |   try {
> 57 |     await getLimiter(pointsPerMinute).consume(companyId, 1);
     |                                       ^
  58 |   } catch (err) {
  59 |     // rate-limiter-flexible throws a RateLimiterRes (has msBeforeNext) when
  60 |     // the limit is actually exceeded; anything else (e.g. Redis down) is a
[rateLimit] Redis error, failing open: Error: Stream isn't writeable and enableOfflineQueue options is false
    at new Promise (<anonymous>)
    at checkRateLimit (src/lib/rateLimit.ts:57:39)
    at requireInternalAuth (src/lib/internalAuth.ts:92:25)
    at async GET (src/app/api/v1/faqs/route.ts:9:22)
  55 |
  56 |   try {
> 57 |     await getLimiter(pointsPerMinute).consume(companyId, 1);
     |                                       ^
  58 |   } catch (err) {
  59 |     // rate-limiter-flexible throws a RateLimiterRes (has msBeforeNext) when
  60 |     // the limit is actually exceeded; anything else (e.g. Redis down) is a
 GET /api/v1/shipping-rates 200 in 7ms (next.js: 0.9ms, application-code: 7ms)
 GET /api/v1/faqs?activeOnly=true 200 in 8ms (next.js: 3ms, application-code: 5ms)
[rateLimit] Redis error, failing open: Error: Stream isn't writeable and enableOfflineQueue options is false
    at new Promise (<anonymous>)
    at checkRateLimit (src/lib/rateLimit.ts:57:39)
    at requireInternalAuth (src/lib/internalAuth.ts:92:25)
    at async GET (src/app/api/v1/portal-settings/[companyId]/route.ts:16:22)
  55 |
  56 |   try {
> 57 |     await getLimiter(pointsPerMinute).consume(companyId, 1);
     |                                       ^
  58 |   } catch (err) {
  59 |     // rate-limiter-flexible throws a RateLimiterRes (has msBeforeNext) when
  60 |     // the limit is actually exceeded; anything else (e.g. Redis down) is a
 GET /api/v1/portal-settings/cmtgb04al00050bv3rt10npd9 200 in 6ms (next.js: 2ms, application-code: 4ms)
[rateLimit] Redis error, failing open: Error: Stream isn't writeable and enableOfflineQueue options is false
    at new Promise (<anonymous>)
    at checkRateLimit (src/lib/rateLimit.ts:57:39)
    at requireInternalAuth (src/lib/internalAuth.ts:92:25)
    at async GET (src/app/api/v1/tenant/resolve/route.ts:10:27)
  55 |
  56 |   try {
> 57 |     await getLimiter(pointsPerMinute).consume(companyId, 1);
     |                                       ^
  58 |   } catch (err) {
  59 |     // rate-limiter-flexible throws a RateLimiterRes (has msBeforeNext) when
  60 |     // the limit is actually exceeded; anything else (e.g. Redis down) is a
 GET /api/v1/tenant/resolve 200 in 5ms (next.js: 1.0ms, application-code: 4ms)
[rateLimit] Redis error, failing open: Error: Stream isn't writeable and enableOfflineQueue options is false
    at new Promise (<anonymous>)
    at checkRateLimit (src/lib/rateLimit.ts:57:39)
    at requireInternalAuth (src/lib/internalAuth.ts:92:25)
    at async GET (src/app/api/v1/files/portal-settings/[companyId]/logo/route.ts:14:22)
  55 |
  56 |   try {
> 57 |     await getLimiter(pointsPerMinute).consume(companyId, 1);
     |                                       ^
  58 |   } catch (err) {
  59 |     // rate-limiter-flexible throws a RateLimiterRes (has msBeforeNext) when
  60 |     // the limit is actually exceeded; anything else (e.g. Redis down) is a
 GET /api/v1/files/portal-settings/cmtgb04al00050bv3rt10npd9/logo 200 in 8ms (next.js: 2ms, application-code: 5ms)
[rateLimit] Redis error, failing open: Error: Stream isn't writeable and enableOfflineQueue options is false
    at new Promise (<anonymous>)
    at checkRateLimit (src/lib/rateLimit.ts:57:39)
    at requireInternalAuth (src/lib/internalAuth.ts:92:25)
    at async GET (src/app/api/v1/tenant/resolve/route.ts:10:27)
  55 |
  56 |   try {
> 57 |     await getLimiter(pointsPerMinute).consume(companyId, 1);
     |                                       ^
  58 |   } catch (err) {
  59 |     // rate-limiter-flexible throws a RateLimiterRes (has msBeforeNext) when
  60 |     // the limit is actually exceeded; anything else (e.g. Redis down) is a
 GET /api/v1/tenant/resolve 200 in 4ms (next.js: 1.5ms, application-code: 3ms)
[rateLimit] Redis error, failing open: Error: Stream isn't writeable and enableOfflineQueue options is false
    at new Promise (<anonymous>)
    at checkRateLimit (src/lib/rateLimit.ts:57:39)
    at requireInternalAuth (src/lib/internalAuth.ts:92:25)
    at async GET (src/app/api/v1/files/portal-settings/[companyId]/favicon/route.ts:14:22)
  55 |
  56 |   try {
> 57 |     await getLimiter(pointsPerMinute).consume(companyId, 1);
     |                                       ^
  58 |   } catch (err) {
  59 |     // rate-limiter-flexible throws a RateLimiterRes (has msBeforeNext) when
  60 |     // the limit is actually exceeded; anything else (e.g. Redis down) is a
 GET /api/v1/files/portal-settings/cmtgb04al00050bv3rt10npd9/favicon 200 in 13ms (next.js: 3ms, application-code: 10ms)
[rateLimit] Redis connection error: 
[rateLimit] Redis error, failing open: Error: Stream isn't writeable and enableOfflineQueue options is false
    at new Promise (<anonymous>)
    at checkRateLimit (src/lib/rateLimit.ts:57:39)
    at requireInternalAuth (src/lib/internalAuth.ts:92:25)
    at async GET (src/app/api/v1/tenant/resolve/route.ts:10:27)
  55 |
  56 |   try {
> 57 |     await getLimiter(pointsPerMinute).consume(companyId, 1);
     |                                       ^
  58 |   } catch (err) {
  59 |     // rate-limiter-flexible throws a RateLimiterRes (has msBeforeNext) when
  60 |     // the limit is actually exceeded; anything else (e.g. Redis down) is a
 GET /api/v1/tenant/resolve 200 in 10ms (next.js: 3ms, application-code: 7ms)
[rateLimit] Redis error, failing open: Error: Stream isn't writeable and enableOfflineQueue options is false
    at new Promise (<anonymous>)
    at checkRateLimit (src/lib/rateLimit.ts:57:39)
    at requireInternalAuth (src/lib/internalAuth.ts:92:25)
    at async GET (src/app/api/v1/tenant/resolve/route.ts:10:27)
  55 |
  56 |   try {
> 57 |     await getLimiter(pointsPerMinute).consume(companyId, 1);
     |                                       ^
  58 |   } catch (err) {
  59 |     // rate-limiter-flexible throws a RateLimiterRes (has msBeforeNext) when
  60 |     // the limit is actually exceeded; anything else (e.g. Redis down) is a
 GET /api/v1/tenant/resolve 200 in 6ms (next.js: 1.2ms, application-code: 4ms)
[rateLimit] Redis error, failing open: Error: Stream isn't writeable and enableOfflineQueue options is false
    at new Promise (<anonymous>)
    at checkRateLimit (src/lib/rateLimit.ts:57:39)
    at requireInternalAuth (src/lib/internalAuth.ts:92:25)
    at async GET (src/app/api/v1/portal-settings/[companyId]/route.ts:16:22)
  55 |
  56 |   try {
> 57 |     await getLimiter(pointsPerMinute).consume(companyId, 1);
     |                                       ^
  58 |   } catch (err) {
  59 |     // rate-limiter-flexible throws a RateLimiterRes (has msBeforeNext) when
  60 |     // the limit is actually exceeded; anything else (e.g. Redis down) is a
 GET /api/v1/portal-settings/cmtgb040d00000bv3pa01rwb1 200 in 8ms (next.js: 3ms, application-code: 5ms)
[rateLimit] Redis error, failing open: Error: Stream isn't writeable and enableOfflineQueue options is false
    at new Promise (<anonymous>)
    at checkRateLimit (src/lib/rateLimit.ts:57:39)
    at requireInternalAuth (src/lib/internalAuth.ts:92:25)
    at async GET (src/app/api/v1/tenant/resolve/route.ts:10:27)
  55 |
  56 |   try {
> 57 |     await getLimiter(pointsPerMinute).consume(companyId, 1);
     |                                       ^
  58 |   } catch (err) {
  59 |     // rate-limiter-flexible throws a RateLimiterRes (has msBeforeNext) when
  60 |     // the limit is actually exceeded; anything else (e.g. Redis down) is a
 GET /api/v1/tenant/resolve 200 in 3ms (next.js: 0.6ms, application-code: 3ms)
[rateLimit] Redis error, failing open: Error: Stream isn't writeable and enableOfflineQueue options is false
    at new Promise (<anonymous>)
    at checkRateLimit (src/lib/rateLimit.ts:57:39)
    at requireInternalAuth (src/lib/internalAuth.ts:92:25)
    at async GET (src/app/api/v1/tenant/resolve/route.ts:10:27)
  55 |
  56 |   try {
> 57 |     await getLimiter(pointsPerMinute).consume(companyId, 1);
     |                                       ^
  58 |   } catch (err) {
  59 |     // rate-limiter-flexible throws a RateLimiterRes (has msBeforeNext) when
  60 |     // the limit is actually exceeded; anything else (e.g. Redis down) is a
 GET /api/v1/tenant/resolve 200 in 3ms (next.js: 0.4ms, application-code: 2ms)
[rateLimit] Redis error, failing open: Error: Stream isn't writeable and enableOfflineQueue options is false
    at new Promise (<anonymous>)
    at checkRateLimit (src/lib/rateLimit.ts:57:39)
    at requireInternalAuth (src/lib/internalAuth.ts:92:25)
    at async GET (src/app/api/v1/portal-settings/[companyId]/route.ts:16:22)
  55 |
  56 |   try {
> 57 |     await getLimiter(pointsPerMinute).consume(companyId, 1);
     |                                       ^
  58 |   } catch (err) {
  59 |     // rate-limiter-flexible throws a RateLimiterRes (has msBeforeNext) when
  60 |     // the limit is actually exceeded; anything else (e.g. Redis down) is a
 GET /api/v1/portal-settings/cmtgb04al00050bv3rt10npd9 200 in 4ms (next.js: 0.7ms, application-code: 4ms)
[rateLimit] Redis error, failing open: Error: Stream isn't writeable and enableOfflineQueue options is false
    at new Promise (<anonymous>)
    at checkRateLimit (src/lib/rateLimit.ts:57:39)
    at requireInternalAuth (src/lib/internalAuth.ts:92:25)
    at async GET (src/app/api/v1/tenant/resolve/route.ts:10:27)
  55 |
  56 |   try {
> 57 |     await getLimiter(pointsPerMinute).consume(companyId, 1);
     |                                       ^
  58 |   } catch (err) {
  59 |     // rate-limiter-flexible throws a RateLimiterRes (has msBeforeNext) when
  60 |     // the limit is actually exceeded; anything else (e.g. Redis down) is a
 GET /api/v1/tenant/resolve 200 in 3ms (next.js: 0.5ms, application-code: 2ms)
[rateLimit] Redis error, failing open: Error: Stream isn't writeable and enableOfflineQueue options is false
    at new Promise (<anonymous>)
    at checkRateLimit (src/lib/rateLimit.ts:57:39)
    at requireInternalAuth (src/lib/internalAuth.ts:92:25)
    at async GET (src/app/api/v1/tenant/resolve/route.ts:10:27)
  55 |
  56 |   try {
> 57 |     await getLimiter(pointsPerMinute).consume(companyId, 1);
     |                                       ^
  58 |   } catch (err) {
  59 |     // rate-limiter-flexible throws a RateLimiterRes (has msBeforeNext) when
  60 |     // the limit is actually exceeded; anything else (e.g. Redis down) is a
 GET /api/v1/tenant/resolve 200 in 2ms (next.js: 0.6ms, application-code: 1.9ms)
[rateLimit] Redis error, failing open: Error: Stream isn't writeable and enableOfflineQueue options is false
    at new Promise (<anonymous>)
    at checkRateLimit (src/lib/rateLimit.ts:57:39)
    at requireInternalAuth (src/lib/internalAuth.ts:92:25)
    at async GET (src/app/api/v1/portal-settings/[companyId]/route.ts:16:22)
  55 |
  56 |   try {
> 57 |     await getLimiter(pointsPerMinute).consume(companyId, 1);
     |                                       ^
  58 |   } catch (err) {
  59 |     // rate-limiter-flexible throws a RateLimiterRes (has msBeforeNext) when
  60 |     // the limit is actually exceeded; anything else (e.g. Redis down) is a
 GET /api/v1/portal-settings/cmtgb04gr000a0bv35evd9ya5 200 in 3ms (next.js: 0.4ms, application-code: 3ms)
[rateLimit] Redis connection error: 
[rateLimit] Redis connection error: 
[rateLimit] Redis connection error: 
[rateLimit] Redis connection error: 
[rateLimit] Redis connection error: 
[rateLimit] Redis error, failing open: Error: Stream isn't writeable and enableOfflineQueue options is false
    at new Promise (<anonymous>)
    at checkRateLimit (src/lib/rateLimit.ts:57:39)
    at requireInternalAuth (src/lib/internalAuth.ts:92:25)
    at async GET (src/app/api/v1/tenant/resolve/route.ts:10:27)
  55 |
  56 |   try {
> 57 |     await getLimiter(pointsPerMinute).consume(companyId, 1);
     |                                       ^
  58 |   } catch (err) {
  59 |     // rate-limiter-flexible throws a RateLimiterRes (has msBeforeNext) when
  60 |     // the limit is actually exceeded; anything else (e.g. Redis down) is a
 GET /api/v1/tenant/resolve 200 in 16ms (next.js: 5ms, application-code: 11ms)
[rateLimit] Redis error, failing open: Error: Stream isn't writeable and enableOfflineQueue options is false
    at new Promise (<anonymous>)
    at checkRateLimit (src/lib/rateLimit.ts:57:39)
    at requireInternalAuth (src/lib/internalAuth.ts:92:25)
    at async GET (src/app/api/v1/tenant/resolve/route.ts:10:27)
  55 |
  56 |   try {
> 57 |     await getLimiter(pointsPerMinute).consume(companyId, 1);
     |                                       ^
  58 |   } catch (err) {
  59 |     // rate-limiter-flexible throws a RateLimiterRes (has msBeforeNext) when
  60 |     // the limit is actually exceeded; anything else (e.g. Redis down) is a
 GET /api/v1/tenant/resolve 200 in 6ms (next.js: 1.1ms, application-code: 4ms)
[rateLimit] Redis error, failing open: Error: Stream isn't writeable and enableOfflineQueue options is false
    at new Promise (<anonymous>)
    at checkRateLimit (src/lib/rateLimit.ts:57:39)
    at requireInternalAuth (src/lib/internalAuth.ts:92:25)
    at async GET (src/app/api/v1/portal-settings/[companyId]/route.ts:16:22)
  55 |
  56 |   try {
> 57 |     await getLimiter(pointsPerMinute).consume(companyId, 1);
     |                                       ^
  58 |   } catch (err) {
  59 |     // rate-limiter-flexible throws a RateLimiterRes (has msBeforeNext) when
  60 |     // the limit is actually exceeded; anything else (e.g. Redis down) is a
 GET /api/v1/portal-settings/cmtgb040d00000bv3pa01rwb1 200 in 8ms (next.js: 2ms, application-code: 6ms)
[rateLimit] Redis error, failing open: Error: Stream isn't writeable and enableOfflineQueue options is false
    at new Promise (<anonymous>)
    at checkRateLimit (src/lib/rateLimit.ts:57:39)
    at requireInternalAuth (src/lib/internalAuth.ts:92:25)
    at async GET (src/app/api/v1/tenant/resolve/route.ts:10:27)
  55 |
  56 |   try {
> 57 |     await getLimiter(pointsPerMinute).consume(companyId, 1);
     |                                       ^
  58 |   } catch (err) {
  59 |     // rate-limiter-flexible throws a RateLimiterRes (has msBeforeNext) when
  60 |     // the limit is actually exceeded; anything else (e.g. Redis down) is a
 GET /api/v1/tenant/resolve 200 in 4ms (next.js: 0.8ms, application-code: 3ms)
[rateLimit] Redis error, failing open: Error: Stream isn't writeable and enableOfflineQueue options is false
    at new Promise (<anonymous>)
    at checkRateLimit (src/lib/rateLimit.ts:57:39)
    at requireInternalAuth (src/lib/internalAuth.ts:92:25)
    at async GET (src/app/api/v1/tenant/resolve/route.ts:10:27)
  55 |
  56 |   try {
> 57 |     await getLimiter(pointsPerMinute).consume(companyId, 1);
     |                                       ^
  58 |   } catch (err) {
  59 |     // rate-limiter-flexible throws a RateLimiterRes (has msBeforeNext) when
  60 |     // the limit is actually exceeded; anything else (e.g. Redis down) is a
 GET /api/v1/tenant/resolve 200 in 3ms (next.js: 0.6ms, application-code: 3ms)
[rateLimit] Redis error, failing open: Error: Stream isn't writeable and enableOfflineQueue options is false
    at new Promise (<anonymous>)
    at checkRateLimit (src/lib/rateLimit.ts:57:39)
    at requireInternalAuth (src/lib/internalAuth.ts:92:25)
    at async GET (src/app/api/v1/portal-settings/[companyId]/route.ts:16:22)
  55 |
  56 |   try {
> 57 |     await getLimiter(pointsPerMinute).consume(companyId, 1);
     |                                       ^
  58 |   } catch (err) {
  59 |     // rate-limiter-flexible throws a RateLimiterRes (has msBeforeNext) when
  60 |     // the limit is actually exceeded; anything else (e.g. Redis down) is a
 GET /api/v1/portal-settings/cmtgb04al00050bv3rt10npd9 200 in 4ms (next.js: 0.7ms, application-code: 3ms)
[rateLimit] Redis error, failing open: Error: Stream isn't writeable and enableOfflineQueue options is false
    at new Promise (<anonymous>)
    at checkRateLimit (src/lib/rateLimit.ts:57:39)
    at requireInternalAuth (src/lib/internalAuth.ts:92:25)
    at async GET (src/app/api/v1/tenant/resolve/route.ts:10:27)
  55 |
  56 |   try {
> 57 |     await getLimiter(pointsPerMinute).consume(companyId, 1);
     |                                       ^
  58 |   } catch (err) {
  59 |     // rate-limiter-flexible throws a RateLimiterRes (has msBeforeNext) when
  60 |     // the limit is actually exceeded; anything else (e.g. Redis down) is a
 GET /api/v1/tenant/resolve 200 in 3ms (next.js: 0.6ms, application-code: 3ms)
[rateLimit] Redis error, failing open: Error: Stream isn't writeable and enableOfflineQueue options is false
    at new Promise (<anonymous>)
    at checkRateLimit (src/lib/rateLimit.ts:57:39)
    at requireInternalAuth (src/lib/internalAuth.ts:92:25)
    at async GET (src/app/api/v1/tenant/resolve/route.ts:10:27)
  55 |
  56 |   try {
> 57 |     await getLimiter(pointsPerMinute).consume(companyId, 1);
     |                                       ^
  58 |   } catch (err) {
  59 |     // rate-limiter-flexible throws a RateLimiterRes (has msBeforeNext) when
  60 |     // the limit is actually exceeded; anything else (e.g. Redis down) is a
 GET /api/v1/tenant/resolve 200 in 3ms (next.js: 0.5ms, application-code: 2ms)
[rateLimit] Redis error, failing open: Error: Stream isn't writeable and enableOfflineQueue options is false
    at new Promise (<anonymous>)
    at checkRateLimit (src/lib/rateLimit.ts:57:39)
    at requireInternalAuth (src/lib/internalAuth.ts:92:25)
    at async GET (src/app/api/v1/portal-settings/[companyId]/route.ts:16:22)
  55 |
  56 |   try {
> 57 |     await getLimiter(pointsPerMinute).consume(companyId, 1);
     |                                       ^
  58 |   } catch (err) {
  59 |     // rate-limiter-flexible throws a RateLimiterRes (has msBeforeNext) when
  60 |     // the limit is actually exceeded; anything else (e.g. Redis down) is a
 GET /api/v1/portal-settings/cmtgb04gr000a0bv35evd9ya5 200 in 3ms (next.js: 0.5ms, application-code: 3ms)
[rateLimit] Redis connection error: 
[rateLimit] Redis connection error: 
[rateLimit] Redis connection error: 
[rateLimit] Redis connection error: 
[rateLimit] Redis connection error: 
[rateLimit] Redis connection error: 
[rateLimit] Redis error, failing open: Error: Stream isn't writeable and enableOfflineQueue options is false
    at new Promise (<anonymous>)
    at checkRateLimit (src/lib/rateLimit.ts:57:39)
    at requireInternalAuth (src/lib/internalAuth.ts:92:25)
    at async GET (src/app/api/v1/tenant/resolve/route.ts:10:27)
  55 |
  56 |   try {
> 57 |     await getLimiter(pointsPerMinute).consume(companyId, 1);
     |                                       ^
  58 |   } catch (err) {
  59 |     // rate-limiter-flexible throws a RateLimiterRes (has msBeforeNext) when
  60 |     // the limit is actually exceeded; anything else (e.g. Redis down) is a
 GET /api/v1/tenant/resolve 200 in 7ms (next.js: 1.4ms, application-code: 6ms)
[rateLimit] Redis error, failing open: Error: Stream isn't writeable and enableOfflineQueue options is false
    at new Promise (<anonymous>)
    at checkRateLimit (src/lib/rateLimit.ts:57:39)
    at requireInternalAuth (src/lib/internalAuth.ts:92:25)
    at async GET (src/app/api/v1/tenant/resolve/route.ts:10:27)
  55 |
  56 |   try {
> 57 |     await getLimiter(pointsPerMinute).consume(companyId, 1);
     |                                       ^
  58 |   } catch (err) {
  59 |     // rate-limiter-flexible throws a RateLimiterRes (has msBeforeNext) when
  60 |     // the limit is actually exceeded; anything else (e.g. Redis down) is a
 GET /api/v1/tenant/resolve 200 in 5ms (next.js: 0.9ms, application-code: 4ms)
[rateLimit] Redis error, failing open: Error: Stream isn't writeable and enableOfflineQueue options is false
    at new Promise (<anonymous>)
    at checkRateLimit (src/lib/rateLimit.ts:57:39)
    at requireInternalAuth (src/lib/internalAuth.ts:92:25)
    at async GET (src/app/api/v1/portal-settings/[companyId]/route.ts:16:22)
  55 |
  56 |   try {
> 57 |     await getLimiter(pointsPerMinute).consume(companyId, 1);
     |                                       ^
  58 |   } catch (err) {
  59 |     // rate-limiter-flexible throws a RateLimiterRes (has msBeforeNext) when
  60 |     // the limit is actually exceeded; anything else (e.g. Redis down) is a
 GET /api/v1/portal-settings/cmtgb040d00000bv3pa01rwb1 200 in 5ms (next.js: 1.7ms, application-code: 4ms)
[rateLimit] Redis error, failing open: Error: Stream isn't writeable and enableOfflineQueue options is false
    at new Promise (<anonymous>)
    at checkRateLimit (src/lib/rateLimit.ts:57:39)
    at requireInternalAuth (src/lib/internalAuth.ts:92:25)
    at async GET (src/app/api/v1/tenant/resolve/route.ts:10:27)
  55 |
  56 |   try {
> 57 |     await getLimiter(pointsPerMinute).consume(companyId, 1);
     |                                       ^
  58 |   } catch (err) {
  59 |     // rate-limiter-flexible throws a RateLimiterRes (has msBeforeNext) when
  60 |     // the limit is actually exceeded; anything else (e.g. Redis down) is a
 GET /api/v1/tenant/resolve 200 in 3ms (next.js: 0.6ms, application-code: 2ms)
[rateLimit] Redis error, failing open: Error: Stream isn't writeable and enableOfflineQueue options is false
    at new Promise (<anonymous>)
    at checkRateLimit (src/lib/rateLimit.ts:57:39)
    at requireInternalAuth (src/lib/internalAuth.ts:92:25)
    at async GET (src/app/api/v1/tenant/resolve/route.ts:10:27)
  55 |
  56 |   try {
> 57 |     await getLimiter(pointsPerMinute).consume(companyId, 1);
     |                                       ^
  58 |   } catch (err) {
  59 |     // rate-limiter-flexible throws a RateLimiterRes (has msBeforeNext) when
  60 |     // the limit is actually exceeded; anything else (e.g. Redis down) is a
 GET /api/v1/tenant/resolve 200 in 3ms (next.js: 0.5ms, application-code: 2ms)
[rateLimit] Redis error, failing open: Error: Stream isn't writeable and enableOfflineQueue options is false
    at new Promise (<anonymous>)
    at checkRateLimit (src/lib/rateLimit.ts:57:39)
    at requireInternalAuth (src/lib/internalAuth.ts:92:25)
    at async GET (src/app/api/v1/portal-settings/[companyId]/route.ts:16:22)
  55 |
  56 |   try {
> 57 |     await getLimiter(pointsPerMinute).consume(companyId, 1);
     |                                       ^
  58 |   } catch (err) {
  59 |     // rate-limiter-flexible throws a RateLimiterRes (has msBeforeNext) when
  60 |     // the limit is actually exceeded; anything else (e.g. Redis down) is a
 GET /api/v1/portal-settings/cmtgb04al00050bv3rt10npd9 200 in 3ms (next.js: 0.5ms, application-code: 3ms)
[rateLimit] Redis error, failing open: Error: Stream isn't writeable and enableOfflineQueue options is false
    at new Promise (<anonymous>)
    at checkRateLimit (src/lib/rateLimit.ts:57:39)
    at requireInternalAuth (src/lib/internalAuth.ts:92:25)
    at async GET (src/app/api/v1/tenant/resolve/route.ts:10:27)
  55 |
  56 |   try {
> 57 |     await getLimiter(pointsPerMinute).consume(companyId, 1);
     |                                       ^
  58 |   } catch (err) {
  59 |     // rate-limiter-flexible throws a RateLimiterRes (has msBeforeNext) when
  60 |     // the limit is actually exceeded; anything else (e.g. Redis down) is a
 GET /api/v1/tenant/resolve 200 in 3ms (next.js: 0.6ms, application-code: 2ms)
[rateLimit] Redis error, failing open: Error: Stream isn't writeable and enableOfflineQueue options is false
    at new Promise (<anonymous>)
    at checkRateLimit (src/lib/rateLimit.ts:57:39)
    at requireInternalAuth (src/lib/internalAuth.ts:92:25)
    at async GET (src/app/api/v1/tenant/resolve/route.ts:10:27)
  55 |
  56 |   try {
> 57 |     await getLimiter(pointsPerMinute).consume(companyId, 1);
     |                                       ^
  58 |   } catch (err) {
  59 |     // rate-limiter-flexible throws a RateLimiterRes (has msBeforeNext) when
  60 |     // the limit is actually exceeded; anything else (e.g. Redis down) is a
 GET /api/v1/tenant/resolve 200 in 2ms (next.js: 0.4ms, application-code: 2.0ms)
[rateLimit] Redis error, failing open: Error: Stream isn't writeable and enableOfflineQueue options is false
    at new Promise (<anonymous>)
    at checkRateLimit (src/lib/rateLimit.ts:57:39)
    at requireInternalAuth (src/lib/internalAuth.ts:92:25)
    at async GET (src/app/api/v1/portal-settings/[companyId]/route.ts:16:22)
  55 |
  56 |   try {
> 57 |     await getLimiter(pointsPerMinute).consume(companyId, 1);
     |                                       ^
  58 |   } catch (err) {
  59 |     // rate-limiter-flexible throws a RateLimiterRes (has msBeforeNext) when
  60 |     // the limit is actually exceeded; anything else (e.g. Redis down) is a
 GET /api/v1/portal-settings/cmtgb04gr000a0bv35evd9ya5 200 in 3ms (next.js: 0.4ms, application-code: 2ms)
[rateLimit] Redis connection error: 
[rateLimit] Redis connection error: 
[rateLimit] Redis connection error: 
[rateLimit] Redis connection error: 
[rateLimit] Redis connection error: 
[rateLimit] Redis connection error: 
[rateLimit] Redis error, failing open: Error: Stream isn't writeable and enableOfflineQueue options is false
    at new Promise (<anonymous>)
    at checkRateLimit (src/lib/rateLimit.ts:57:39)
    at requireInternalAuth (src/lib/internalAuth.ts:92:25)
    at async GET (src/app/api/v1/tenant/resolve/route.ts:10:27)
  55 |
  56 |   try {
> 57 |     await getLimiter(pointsPerMinute).consume(companyId, 1);
     |                                       ^
  58 |   } catch (err) {
  59 |     // rate-limiter-flexible throws a RateLimiterRes (has msBeforeNext) when
  60 |     // the limit is actually exceeded; anything else (e.g. Redis down) is a
 GET /api/v1/tenant/resolve 200 in 13ms (next.js: 3ms, application-code: 10ms)
[rateLimit] Redis error, failing open: Error: Stream isn't writeable and enableOfflineQueue options is false
    at new Promise (<anonymous>)
    at checkRateLimit (src/lib/rateLimit.ts:57:39)
    at requireInternalAuth (src/lib/internalAuth.ts:92:25)
    at async GET (src/app/api/v1/tenant/resolve/route.ts:10:27)
  55 |
  56 |   try {
> 57 |     await getLimiter(pointsPerMinute).consume(companyId, 1);
     |                                       ^
  58 |   } catch (err) {
  59 |     // rate-limiter-flexible throws a RateLimiterRes (has msBeforeNext) when
  60 |     // the limit is actually exceeded; anything else (e.g. Redis down) is a
 GET /api/v1/tenant/resolve 200 in 8ms (next.js: 1.6ms, application-code: 7ms)
[rateLimit] Redis error, failing open: Error: Stream isn't writeable and enableOfflineQueue options is false
    at new Promise (<anonymous>)
    at checkRateLimit (src/lib/rateLimit.ts:57:39)
    at requireInternalAuth (src/lib/internalAuth.ts:92:25)
    at async GET (src/app/api/v1/portal-settings/[companyId]/route.ts:16:22)
  55 |
  56 |   try {
> 57 |     await getLimiter(pointsPerMinute).consume(companyId, 1);
     |                                       ^
  58 |   } catch (err) {
  59 |     // rate-limiter-flexible throws a RateLimiterRes (has msBeforeNext) when
  60 |     // the limit is actually exceeded; anything else (e.g. Redis down) is a
 GET /api/v1/portal-settings/cmtgb040d00000bv3pa01rwb1 200 in 9ms (next.js: 3ms, application-code: 6ms)
[rateLimit] Redis error, failing open: Error: Stream isn't writeable and enableOfflineQueue options is false
    at new Promise (<anonymous>)
    at checkRateLimit (src/lib/rateLimit.ts:57:39)
    at requireInternalAuth (src/lib/internalAuth.ts:92:25)
    at async GET (src/app/api/v1/tenant/resolve/route.ts:10:27)
  55 |
  56 |   try {
> 57 |     await getLimiter(pointsPerMinute).consume(companyId, 1);
     |                                       ^
  58 |   } catch (err) {
  59 |     // rate-limiter-flexible throws a RateLimiterRes (has msBeforeNext) when
  60 |     // the limit is actually exceeded; anything else (e.g. Redis down) is a
 GET /api/v1/tenant/resolve 200 in 4ms (next.js: 0.6ms, application-code: 3ms)
[rateLimit] Redis error, failing open: Error: Stream isn't writeable and enableOfflineQueue options is false
    at new Promise (<anonymous>)
    at checkRateLimit (src/lib/rateLimit.ts:57:39)
    at requireInternalAuth (src/lib/internalAuth.ts:92:25)
    at async GET (src/app/api/v1/tenant/resolve/route.ts:10:27)
  55 |
  56 |   try {
> 57 |     await getLimiter(pointsPerMinute).consume(companyId, 1);
     |                                       ^
  58 |   } catch (err) {
  59 |     // rate-limiter-flexible throws a RateLimiterRes (has msBeforeNext) when
  60 |     // the limit is actually exceeded; anything else (e.g. Redis down) is a
 GET /api/v1/tenant/resolve 200 in 3ms (next.js: 0.6ms, application-code: 3ms)
[rateLimit] Redis error, failing open: Error: Stream isn't writeable and enableOfflineQueue options is false
    at new Promise (<anonymous>)
    at checkRateLimit (src/lib/rateLimit.ts:57:39)
    at requireInternalAuth (src/lib/internalAuth.ts:92:25)
    at async GET (src/app/api/v1/portal-settings/[companyId]/route.ts:16:22)
  55 |
  56 |   try {
> 57 |     await getLimiter(pointsPerMinute).consume(companyId, 1);
     |                                       ^
  58 |   } catch (err) {
  59 |     // rate-limiter-flexible throws a RateLimiterRes (has msBeforeNext) when
  60 |     // the limit is actually exceeded; anything else (e.g. Redis down) is a
 GET /api/v1/portal-settings/cmtgb04al00050bv3rt10npd9 200 in 5ms (next.js: 0.7ms, application-code: 4ms)
[rateLimit] Redis error, failing open: Error: Stream isn't writeable and enableOfflineQueue options is false
    at new Promise (<anonymous>)
    at checkRateLimit (src/lib/rateLimit.ts:57:39)
    at requireInternalAuth (src/lib/internalAuth.ts:92:25)
    at async GET (src/app/api/v1/tenant/resolve/route.ts:10:27)
  55 |
  56 |   try {
> 57 |     await getLimiter(pointsPerMinute).consume(companyId, 1);
     |                                       ^
  58 |   } catch (err) {
  59 |     // rate-limiter-flexible throws a RateLimiterRes (has msBeforeNext) when
  60 |     // the limit is actually exceeded; anything else (e.g. Redis down) is a
 GET /api/v1/tenant/resolve 200 in 3ms (next.js: 0.6ms, application-code: 3ms)
[rateLimit] Redis error, failing open: Error: Stream isn't writeable and enableOfflineQueue options is false
    at new Promise (<anonymous>)
    at checkRateLimit (src/lib/rateLimit.ts:57:39)
    at requireInternalAuth (src/lib/internalAuth.ts:92:25)
    at async GET (src/app/api/v1/tenant/resolve/route.ts:10:27)
  55 |
  56 |   try {
> 57 |     await getLimiter(pointsPerMinute).consume(companyId, 1);
     |                                       ^
  58 |   } catch (err) {
  59 |     // rate-limiter-flexible throws a RateLimiterRes (has msBeforeNext) when
  60 |     // the limit is actually exceeded; anything else (e.g. Redis down) is a
 GET /api/v1/tenant/resolve 200 in 3ms (next.js: 0.5ms, application-code: 2ms)
[rateLimit] Redis error, failing open: Error: Stream isn't writeable and enableOfflineQueue options is false
    at new Promise (<anonymous>)
    at checkRateLimit (src/lib/rateLimit.ts:57:39)
    at requireInternalAuth (src/lib/internalAuth.ts:92:25)
    at async GET (src/app/api/v1/portal-settings/[companyId]/route.ts:16:22)
  55 |
  56 |   try {
> 57 |     await getLimiter(pointsPerMinute).consume(companyId, 1);
     |                                       ^
  58 |   } catch (err) {
  59 |     // rate-limiter-flexible throws a RateLimiterRes (has msBeforeNext) when
  60 |     // the limit is actually exceeded; anything else (e.g. Redis down) is a
 GET /api/v1/portal-settings/cmtgb04gr000a0bv35evd9ya5 200 in 3ms (next.js: 0.4ms, application-code: 3ms)
[rateLimit] Redis connection error: 
[rateLimit] Redis connection error: 
[rateLimit] Redis connection error: 
[rateLimit] Redis connection error: 
[rateLimit] Redis connection error: 
[rateLimit] Redis connection error: 
[rateLimit] Redis error, failing open: Error: Stream isn't writeable and enableOfflineQueue options is false
    at new Promise (<anonymous>)
    at checkRateLimit (src/lib/rateLimit.ts:57:39)
    at requireInternalAuth (src/lib/internalAuth.ts:92:25)
    at async GET (src/app/api/v1/tenant/resolve/route.ts:10:27)
  55 |
  56 |   try {
> 57 |     await getLimiter(pointsPerMinute).consume(companyId, 1);
     |                                       ^
  58 |   } catch (err) {
  59 |     // rate-limiter-flexible throws a RateLimiterRes (has msBeforeNext) when
  60 |     // the limit is actually exceeded; anything else (e.g. Redis down) is a
 GET /api/v1/tenant/resolve 200 in 12ms (next.js: 2ms, application-code: 10ms)
[rateLimit] Redis error, failing open: Error: Stream isn't writeable and enableOfflineQueue options is false
    at new Promise (<anonymous>)
    at checkRateLimit (src/lib/rateLimit.ts:57:39)
    at requireInternalAuth (src/lib/internalAuth.ts:92:25)
    at async GET (src/app/api/v1/tenant/resolve/route.ts:10:27)
  55 |
  56 |   try {
> 57 |     await getLimiter(pointsPerMinute).consume(companyId, 1);
     |                                       ^
  58 |   } catch (err) {
  59 |     // rate-limiter-flexible throws a RateLimiterRes (has msBeforeNext) when
  60 |     // the limit is actually exceeded; anything else (e.g. Redis down) is a
 GET /api/v1/tenant/resolve 200 in 4ms (next.js: 0.8ms, application-code: 3ms)
[rateLimit] Redis error, failing open: Error: Stream isn't writeable and enableOfflineQueue options is false
    at new Promise (<anonymous>)
    at checkRateLimit (src/lib/rateLimit.ts:57:39)
    at requireInternalAuth (src/lib/internalAuth.ts:92:25)
    at async GET (src/app/api/v1/portal-settings/[companyId]/route.ts:16:22)
  55 |
  56 |   try {
> 57 |     await getLimiter(pointsPerMinute).consume(companyId, 1);
     |                                       ^
  58 |   } catch (err) {
  59 |     // rate-limiter-flexible throws a RateLimiterRes (has msBeforeNext) when
  60 |     // the limit is actually exceeded; anything else (e.g. Redis down) is a
 GET /api/v1/portal-settings/cmtgb040d00000bv3pa01rwb1 200 in 5ms (next.js: 1.8ms, application-code: 3ms)
[rateLimit] Redis error, failing open: Error: Stream isn't writeable and enableOfflineQueue options is false
    at new Promise (<anonymous>)
    at checkRateLimit (src/lib/rateLimit.ts:57:39)
    at requireInternalAuth (src/lib/internalAuth.ts:92:25)
    at async GET (src/app/api/v1/tenant/resolve/route.ts:10:27)
  55 |
  56 |   try {
> 57 |     await getLimiter(pointsPerMinute).consume(companyId, 1);
     |                                       ^
  58 |   } catch (err) {
  59 |     // rate-limiter-flexible throws a RateLimiterRes (has msBeforeNext) when
  60 |     // the limit is actually exceeded; anything else (e.g. Redis down) is a
 GET /api/v1/tenant/resolve 200 in 3ms (next.js: 0.6ms, application-code: 3ms)
[rateLimit] Redis error, failing open: Error: Stream isn't writeable and enableOfflineQueue options is false
    at new Promise (<anonymous>)
    at checkRateLimit (src/lib/rateLimit.ts:57:39)
    at requireInternalAuth (src/lib/internalAuth.ts:92:25)
    at async GET (src/app/api/v1/tenant/resolve/route.ts:10:27)
  55 |
  56 |   try {
> 57 |     await getLimiter(pointsPerMinute).consume(companyId, 1);
     |                                       ^
  58 |   } catch (err) {
  59 |     // rate-limiter-flexible throws a RateLimiterRes (has msBeforeNext) when
  60 |     // the limit is actually exceeded; anything else (e.g. Redis down) is a
 GET /api/v1/tenant/resolve 200 in 3ms (next.js: 0.5ms, application-code: 2ms)
[rateLimit] Redis error, failing open: Error: Stream isn't writeable and enableOfflineQueue options is false
    at new Promise (<anonymous>)
    at checkRateLimit (src/lib/rateLimit.ts:57:39)
    at requireInternalAuth (src/lib/internalAuth.ts:92:25)
    at async GET (src/app/api/v1/portal-settings/[companyId]/route.ts:16:22)
  55 |
  56 |   try {
> 57 |     await getLimiter(pointsPerMinute).consume(companyId, 1);
     |                                       ^
  58 |   } catch (err) {
  59 |     // rate-limiter-flexible throws a RateLimiterRes (has msBeforeNext) when
  60 |     // the limit is actually exceeded; anything else (e.g. Redis down) is a
 GET /api/v1/portal-settings/cmtgb04al00050bv3rt10npd9 200 in 3ms (next.js: 0.5ms, application-code: 3ms)
[rateLimit] Redis error, failing open: Error: Stream isn't writeable and enableOfflineQueue options is false
    at new Promise (<anonymous>)
    at checkRateLimit (src/lib/rateLimit.ts:57:39)
    at requireInternalAuth (src/lib/internalAuth.ts:92:25)
    at async GET (src/app/api/v1/tenant/resolve/route.ts:10:27)
  55 |
  56 |   try {
> 57 |     await getLimiter(pointsPerMinute).consume(companyId, 1);
     |                                       ^
  58 |   } catch (err) {
  59 |     // rate-limiter-flexible throws a RateLimiterRes (has msBeforeNext) when
  60 |     // the limit is actually exceeded; anything else (e.g. Redis down) is a
 GET /api/v1/tenant/resolve 200 in 4ms (next.js: 0.7ms, application-code: 3ms)
[rateLimit] Redis error, failing open: Error: Stream isn't writeable and enableOfflineQueue options is false
    at new Promise (<anonymous>)
    at checkRateLimit (src/lib/rateLimit.ts:57:39)
    at requireInternalAuth (src/lib/internalAuth.ts:92:25)
    at async GET (src/app/api/v1/tenant/resolve/route.ts:10:27)
  55 |
  56 |   try {
> 57 |     await getLimiter(pointsPerMinute).consume(companyId, 1);
     |                                       ^
  58 |   } catch (err) {
  59 |     // rate-limiter-flexible throws a RateLimiterRes (has msBeforeNext) when
  60 |     // the limit is actually exceeded; anything else (e.g. Redis down) is a
 GET /api/v1/tenant/resolve 200 in 3ms (next.js: 0.7ms, application-code: 3ms)
[rateLimit] Redis error, failing open: Error: Stream isn't writeable and enableOfflineQueue options is false
    at new Promise (<anonymous>)
    at checkRateLimit (src/lib/rateLimit.ts:57:39)
    at requireInternalAuth (src/lib/internalAuth.ts:92:25)
    at async GET (src/app/api/v1/portal-settings/[companyId]/route.ts:16:22)
  55 |
  56 |   try {
> 57 |     await getLimiter(pointsPerMinute).consume(companyId, 1);
     |                                       ^
  58 |   } catch (err) {
  59 |     // rate-limiter-flexible throws a RateLimiterRes (has msBeforeNext) when
  60 |     // the limit is actually exceeded; anything else (e.g. Redis down) is a
 GET /api/v1/portal-settings/cmtgb04gr000a0bv35evd9ya5 200 in 4ms (next.js: 0.6ms, application-code: 3ms)
[rateLimit] Redis connection error: 
[rateLimit] Redis connection error: 
[rateLimit] Redis connection error: 
[rateLimit] Redis connection error: 
[rateLimit] Redis connection error: 
[rateLimit] Redis connection error: 
[rateLimit] Redis error, failing open: Error: Stream isn't writeable and enableOfflineQueue options is false
    at new Promise (<anonymous>)
    at checkRateLimit (src/lib/rateLimit.ts:57:39)
    at requireInternalAuth (src/lib/internalAuth.ts:92:25)
    at async GET (src/app/api/v1/tenant/resolve/route.ts:10:27)
  55 |
  56 |   try {
> 57 |     await getLimiter(pointsPerMinute).consume(companyId, 1);
     |                                       ^
  58 |   } catch (err) {
  59 |     // rate-limiter-flexible throws a RateLimiterRes (has msBeforeNext) when
  60 |     // the limit is actually exceeded; anything else (e.g. Redis down) is a
 GET /api/v1/tenant/resolve 200 in 12ms (next.js: 2ms, application-code: 10ms)
[rateLimit] Redis error, failing open: Error: Stream isn't writeable and enableOfflineQueue options is false
    at new Promise (<anonymous>)
    at checkRateLimit (src/lib/rateLimit.ts:57:39)
    at requireInternalAuth (src/lib/internalAuth.ts:92:25)
    at async GET (src/app/api/v1/tenant/resolve/route.ts:10:27)
  55 |
  56 |   try {
> 57 |     await getLimiter(pointsPerMinute).consume(companyId, 1);
     |                                       ^
  58 |   } catch (err) {
  59 |     // rate-limiter-flexible throws a RateLimiterRes (has msBeforeNext) when
  60 |     // the limit is actually exceeded; anything else (e.g. Redis down) is a
 GET /api/v1/tenant/resolve 200 in 7ms (next.js: 1.3ms, application-code: 6ms)
[rateLimit] Redis error, failing open: Error: Stream isn't writeable and enableOfflineQueue options is false
    at new Promise (<anonymous>)
    at checkRateLimit (src/lib/rateLimit.ts:57:39)
    at requireInternalAuth (src/lib/internalAuth.ts:92:25)
    at async GET (src/app/api/v1/portal-settings/[companyId]/route.ts:16:22)
  55 |
  56 |   try {
> 57 |     await getLimiter(pointsPerMinute).consume(companyId, 1);
     |                                       ^
  58 |   } catch (err) {
  59 |     // rate-limiter-flexible throws a RateLimiterRes (has msBeforeNext) when
  60 |     // the limit is actually exceeded; anything else (e.g. Redis down) is a
 GET /api/v1/portal-settings/cmtgb040d00000bv3pa01rwb1 200 in 8ms (next.js: 3ms, application-code: 5ms)
[rateLimit] Redis error, failing open: Error: Stream isn't writeable and enableOfflineQueue options is false
    at new Promise (<anonymous>)
    at checkRateLimit (src/lib/rateLimit.ts:57:39)
    at requireInternalAuth (src/lib/internalAuth.ts:92:25)
    at async GET (src/app/api/v1/tenant/resolve/route.ts:10:27)
  55 |
  56 |   try {
> 57 |     await getLimiter(pointsPerMinute).consume(companyId, 1);
     |                                       ^
  58 |   } catch (err) {
  59 |     // rate-limiter-flexible throws a RateLimiterRes (has msBeforeNext) when
  60 |     // the limit is actually exceeded; anything else (e.g. Redis down) is a
 GET /api/v1/tenant/resolve 200 in 3ms (next.js: 0.6ms, application-code: 3ms)
[rateLimit] Redis error, failing open: Error: Stream isn't writeable and enableOfflineQueue options is false
    at new Promise (<anonymous>)
    at checkRateLimit (src/lib/rateLimit.ts:57:39)
    at requireInternalAuth (src/lib/internalAuth.ts:92:25)
    at async GET (src/app/api/v1/tenant/resolve/route.ts:10:27)
  55 |
  56 |   try {
> 57 |     await getLimiter(pointsPerMinute).consume(companyId, 1);
     |                                       ^
  58 |   } catch (err) {
  59 |     // rate-limiter-flexible throws a RateLimiterRes (has msBeforeNext) when
  60 |     // the limit is actually exceeded; anything else (e.g. Redis down) is a
 GET /api/v1/tenant/resolve 200 in 3ms (next.js: 0.5ms, application-code: 2ms)
[rateLimit] Redis error, failing open: Error: Stream isn't writeable and enableOfflineQueue options is false
    at new Promise (<anonymous>)
    at checkRateLimit (src/lib/rateLimit.ts:57:39)
    at requireInternalAuth (src/lib/internalAuth.ts:92:25)
    at async GET (src/app/api/v1/portal-settings/[companyId]/route.ts:16:22)
  55 |
  56 |   try {
> 57 |     await getLimiter(pointsPerMinute).consume(companyId, 1);
     |                                       ^
  58 |   } catch (err) {
  59 |     // rate-limiter-flexible throws a RateLimiterRes (has msBeforeNext) when
  60 |     // the limit is actually exceeded; anything else (e.g. Redis down) is a
 GET /api/v1/portal-settings/cmtgb04al00050bv3rt10npd9 200 in 3ms (next.js: 0.5ms, application-code: 3ms)
[rateLimit] Redis error, failing open: Error: Stream isn't writeable and enableOfflineQueue options is false
    at new Promise (<anonymous>)
    at checkRateLimit (src/lib/rateLimit.ts:57:39)
    at requireInternalAuth (src/lib/internalAuth.ts:92:25)
    at async GET (src/app/api/v1/tenant/resolve/route.ts:10:27)
  55 |
  56 |   try {
> 57 |     await getLimiter(pointsPerMinute).consume(companyId, 1);
     |                                       ^
  58 |   } catch (err) {
  59 |     // rate-limiter-flexible throws a RateLimiterRes (has msBeforeNext) when
  60 |     // the limit is actually exceeded; anything else (e.g. Redis down) is a
 GET /api/v1/tenant/resolve 200 in 3ms (next.js: 0.6ms, application-code: 3ms)
[rateLimit] Redis error, failing open: Error: Stream isn't writeable and enableOfflineQueue options is false
    at new Promise (<anonymous>)
    at checkRateLimit (src/lib/rateLimit.ts:57:39)
    at requireInternalAuth (src/lib/internalAuth.ts:92:25)
    at async GET (src/app/api/v1/tenant/resolve/route.ts:10:27)
  55 |
  56 |   try {
> 57 |     await getLimiter(pointsPerMinute).consume(companyId, 1);
     |                                       ^
  58 |   } catch (err) {
  59 |     // rate-limiter-flexible throws a RateLimiterRes (has msBeforeNext) when
  60 |     // the limit is actually exceeded; anything else (e.g. Redis down) is a
 GET /api/v1/tenant/resolve 200 in 3ms (next.js: 0.6ms, application-code: 2ms)
[rateLimit] Redis error, failing open: Error: Stream isn't writeable and enableOfflineQueue options is false
    at new Promise (<anonymous>)
    at checkRateLimit (src/lib/rateLimit.ts:57:39)
    at requireInternalAuth (src/lib/internalAuth.ts:92:25)
    at async GET (src/app/api/v1/portal-settings/[companyId]/route.ts:16:22)
  55 |
  56 |   try {
> 57 |     await getLimiter(pointsPerMinute).consume(companyId, 1);
     |                                       ^
  58 |   } catch (err) {
  59 |     // rate-limiter-flexible throws a RateLimiterRes (has msBeforeNext) when
  60 |     // the limit is actually exceeded; anything else (e.g. Redis down) is a
 GET /api/v1/portal-settings/cmtgb04gr000a0bv35evd9ya5 200 in 3ms (next.js: 0.5ms, application-code: 3ms)
[rateLimit] Redis connection error: 
[rateLimit] Redis connection error: 
[rateLimit] Redis connection error: 
[rateLimit] Redis connection error: 
[rateLimit] Redis connection error: 
[rateLimit] Redis connection error: 
[rateLimit] Redis error, failing open: Error: Stream isn't writeable and enableOfflineQueue options is false
    at new Promise (<anonymous>)
    at checkRateLimit (src/lib/rateLimit.ts:57:39)
    at requireInternalAuth (src/lib/internalAuth.ts:92:25)
    at async GET (src/app/api/v1/tenant/resolve/route.ts:10:27)
  55 |
  56 |   try {
> 57 |     await getLimiter(pointsPerMinute).consume(companyId, 1);
     |                                       ^
  58 |   } catch (err) {
  59 |     // rate-limiter-flexible throws a RateLimiterRes (has msBeforeNext) when
  60 |     // the limit is actually exceeded; anything else (e.g. Redis down) is a
 GET /api/v1/tenant/resolve 200 in 14ms (next.js: 5ms, application-code: 9ms)
[rateLimit] Redis error, failing open: Error: Stream isn't writeable and enableOfflineQueue options is false
    at new Promise (<anonymous>)
    at checkRateLimit (src/lib/rateLimit.ts:57:39)
    at requireInternalAuth (src/lib/internalAuth.ts:92:25)
    at async GET (src/app/api/v1/tenant/resolve/route.ts:10:27)
  55 |
  56 |   try {
> 57 |     await getLimiter(pointsPerMinute).consume(companyId, 1);
     |                                       ^
  58 |   } catch (err) {
  59 |     // rate-limiter-flexible throws a RateLimiterRes (has msBeforeNext) when
  60 |     // the limit is actually exceeded; anything else (e.g. Redis down) is a
 GET /api/v1/tenant/resolve 200 in 7ms (next.js: 1.3ms, application-code: 5ms)
[rateLimit] Redis error, failing open: Error: Stream isn't writeable and enableOfflineQueue options is false
    at new Promise (<anonymous>)
    at checkRateLimit (src/lib/rateLimit.ts:57:39)
    at requireInternalAuth (src/lib/internalAuth.ts:92:25)
    at async GET (src/app/api/v1/portal-settings/[companyId]/route.ts:16:22)
  55 |
  56 |   try {
> 57 |     await getLimiter(pointsPerMinute).consume(companyId, 1);
     |                                       ^
  58 |   } catch (err) {
  59 |     // rate-limiter-flexible throws a RateLimiterRes (has msBeforeNext) when
  60 |     // the limit is actually exceeded; anything else (e.g. Redis down) is a
 GET /api/v1/portal-settings/cmtgb040d00000bv3pa01rwb1 200 in 8ms (next.js: 3ms, application-code: 5ms)
[rateLimit] Redis error, failing open: Error: Stream isn't writeable and enableOfflineQueue options is false
    at new Promise (<anonymous>)
    at checkRateLimit (src/lib/rateLimit.ts:57:39)
    at requireInternalAuth (src/lib/internalAuth.ts:92:25)
    at async GET (src/app/api/v1/tenant/resolve/route.ts:10:27)
  55 |
  56 |   try {
> 57 |     await getLimiter(pointsPerMinute).consume(companyId, 1);
     |                                       ^
  58 |   } catch (err) {
  59 |     // rate-limiter-flexible throws a RateLimiterRes (has msBeforeNext) when
  60 |     // the limit is actually exceeded; anything else (e.g. Redis down) is a
 GET /api/v1/tenant/resolve 200 in 3ms (next.js: 0.6ms, application-code: 3ms)
[rateLimit] Redis error, failing open: Error: Stream isn't writeable and enableOfflineQueue options is false
    at new Promise (<anonymous>)
    at checkRateLimit (src/lib/rateLimit.ts:57:39)
    at requireInternalAuth (src/lib/internalAuth.ts:92:25)
    at async GET (src/app/api/v1/tenant/resolve/route.ts:10:27)
  55 |
  56 |   try {
> 57 |     await getLimiter(pointsPerMinute).consume(companyId, 1);
     |                                       ^
  58 |   } catch (err) {
  59 |     // rate-limiter-flexible throws a RateLimiterRes (has msBeforeNext) when
  60 |     // the limit is actually exceeded; anything else (e.g. Redis down) is a
 GET /api/v1/tenant/resolve 200 in 3ms (next.js: 0.5ms, application-code: 2ms)
[rateLimit] Redis error, failing open: Error: Stream isn't writeable and enableOfflineQueue options is false
    at new Promise (<anonymous>)
    at checkRateLimit (src/lib/rateLimit.ts:57:39)
    at requireInternalAuth (src/lib/internalAuth.ts:92:25)
    at async GET (src/app/api/v1/portal-settings/[companyId]/route.ts:16:22)
  55 |
  56 |   try {
> 57 |     await getLimiter(pointsPerMinute).consume(companyId, 1);
     |                                       ^
  58 |   } catch (err) {
  59 |     // rate-limiter-flexible throws a RateLimiterRes (has msBeforeNext) when
  60 |     // the limit is actually exceeded; anything else (e.g. Redis down) is a
 GET /api/v1/portal-settings/cmtgb04al00050bv3rt10npd9 200 in 3ms (next.js: 0.4ms, application-code: 3ms)
[rateLimit] Redis error, failing open: Error: Stream isn't writeable and enableOfflineQueue options is false
    at new Promise (<anonymous>)
    at checkRateLimit (src/lib/rateLimit.ts:57:39)
    at requireInternalAuth (src/lib/internalAuth.ts:92:25)
    at async GET (src/app/api/v1/tenant/resolve/route.ts:10:27)
  55 |
  56 |   try {
> 57 |     await getLimiter(pointsPerMinute).consume(companyId, 1);
     |                                       ^
  58 |   } catch (err) {
  59 |     // rate-limiter-flexible throws a RateLimiterRes (has msBeforeNext) when
  60 |     // the limit is actually exceeded; anything else (e.g. Redis down) is a
 GET /api/v1/tenant/resolve 200 in 3ms (next.js: 0.5ms, application-code: 3ms)
[rateLimit] Redis error, failing open: Error: Stream isn't writeable and enableOfflineQueue options is false
    at new Promise (<anonymous>)
    at checkRateLimit (src/lib/rateLimit.ts:57:39)
    at requireInternalAuth (src/lib/internalAuth.ts:92:25)
    at async GET (src/app/api/v1/tenant/resolve/route.ts:10:27)
  55 |
  56 |   try {
> 57 |     await getLimiter(pointsPerMinute).consume(companyId, 1);
     |                                       ^
  58 |   } catch (err) {
  59 |     // rate-limiter-flexible throws a RateLimiterRes (has msBeforeNext) when
  60 |     // the limit is actually exceeded; anything else (e.g. Redis down) is a
 GET /api/v1/tenant/resolve 200 in 3ms (next.js: 0.5ms, application-code: 2ms)
[rateLimit] Redis error, failing open: Error: Stream isn't writeable and enableOfflineQueue options is false
    at new Promise (<anonymous>)
    at checkRateLimit (src/lib/rateLimit.ts:57:39)
    at requireInternalAuth (src/lib/internalAuth.ts:92:25)
    at async GET (src/app/api/v1/portal-settings/[companyId]/route.ts:16:22)
  55 |
  56 |   try {
> 57 |     await getLimiter(pointsPerMinute).consume(companyId, 1);
     |                                       ^
  58 |   } catch (err) {
  59 |     // rate-limiter-flexible throws a RateLimiterRes (has msBeforeNext) when
  60 |     // the limit is actually exceeded; anything else (e.g. Redis down) is a
 GET /api/v1/portal-settings/cmtgb04gr000a0bv35evd9ya5 200 in 3ms (next.js: 0.5ms, application-code: 3ms)
[rateLimit] Redis connection error: 
[rateLimit] Redis connection error: 
[rateLimit] Redis connection error: 
[rateLimit] Redis connection error: 
[rateLimit] Redis connection error: 
[rateLimit] Redis connection error: 
[rateLimit] Redis error, failing open: Error: Stream isn't writeable and enableOfflineQueue options is false
    at new Promise (<anonymous>)
    at checkRateLimit (src/lib/rateLimit.ts:57:39)
    at requireInternalAuth (src/lib/internalAuth.ts:92:25)
    at async GET (src/app/api/v1/tenant/resolve/route.ts:10:27)
  55 |
  56 |   try {
> 57 |     await getLimiter(pointsPerMinute).consume(companyId, 1);
     |                                       ^
  58 |   } catch (err) {
  59 |     // rate-limiter-flexible throws a RateLimiterRes (has msBeforeNext) when
  60 |     // the limit is actually exceeded; anything else (e.g. Redis down) is a
 GET /api/v1/tenant/resolve 200 in 11ms (next.js: 2ms, application-code: 8ms)
[rateLimit] Redis error, failing open: Error: Stream isn't writeable and enableOfflineQueue options is false
    at new Promise (<anonymous>)
    at checkRateLimit (src/lib/rateLimit.ts:57:39)
    at requireInternalAuth (src/lib/internalAuth.ts:92:25)
    at async GET (src/app/api/v1/tenant/resolve/route.ts:10:27)
  55 |
  56 |   try {
> 57 |     await getLimiter(pointsPerMinute).consume(companyId, 1);
     |                                       ^
  58 |   } catch (err) {
  59 |     // rate-limiter-flexible throws a RateLimiterRes (has msBeforeNext) when
  60 |     // the limit is actually exceeded; anything else (e.g. Redis down) is a
 GET /api/v1/tenant/resolve 200 in 8ms (next.js: 1.6ms, application-code: 7ms)
[rateLimit] Redis error, failing open: Error: Stream isn't writeable and enableOfflineQueue options is false
    at new Promise (<anonymous>)
    at checkRateLimit (src/lib/rateLimit.ts:57:39)
    at requireInternalAuth (src/lib/internalAuth.ts:92:25)
    at async GET (src/app/api/v1/portal-settings/[companyId]/route.ts:16:22)
  55 |
  56 |   try {
> 57 |     await getLimiter(pointsPerMinute).consume(companyId, 1);
     |                                       ^
  58 |   } catch (err) {
  59 |     // rate-limiter-flexible throws a RateLimiterRes (has msBeforeNext) when
  60 |     // the limit is actually exceeded; anything else (e.g. Redis down) is a
 GET /api/v1/portal-settings/cmtgb040d00000bv3pa01rwb1 200 in 8ms (next.js: 3ms, application-code: 5ms)
[rateLimit] Redis error, failing open: Error: Stream isn't writeable and enableOfflineQueue options is false
    at new Promise (<anonymous>)
    at checkRateLimit (src/lib/rateLimit.ts:57:39)
    at requireInternalAuth (src/lib/internalAuth.ts:92:25)
    at async GET (src/app/api/v1/tenant/resolve/route.ts:10:27)
  55 |
  56 |   try {
> 57 |     await getLimiter(pointsPerMinute).consume(companyId, 1);
     |                                       ^
  58 |   } catch (err) {
  59 |     // rate-limiter-flexible throws a RateLimiterRes (has msBeforeNext) when
  60 |     // the limit is actually exceeded; anything else (e.g. Redis down) is a
 GET /api/v1/tenant/resolve 200 in 3ms (next.js: 0.6ms, application-code: 3ms)
[rateLimit] Redis error, failing open: Error: Stream isn't writeable and enableOfflineQueue options is false
    at new Promise (<anonymous>)
    at checkRateLimit (src/lib/rateLimit.ts:57:39)
    at requireInternalAuth (src/lib/internalAuth.ts:92:25)
    at async GET (src/app/api/v1/tenant/resolve/route.ts:10:27)
  55 |
  56 |   try {
> 57 |     await getLimiter(pointsPerMinute).consume(companyId, 1);
     |                                       ^
  58 |   } catch (err) {
  59 |     // rate-limiter-flexible throws a RateLimiterRes (has msBeforeNext) when
  60 |     // the limit is actually exceeded; anything else (e.g. Redis down) is a
 GET /api/v1/tenant/resolve 200 in 3ms (next.js: 0.5ms, application-code: 2ms)
[rateLimit] Redis error, failing open: Error: Stream isn't writeable and enableOfflineQueue options is false
    at new Promise (<anonymous>)
    at checkRateLimit (src/lib/rateLimit.ts:57:39)
    at requireInternalAuth (src/lib/internalAuth.ts:92:25)
    at async GET (src/app/api/v1/portal-settings/[companyId]/route.ts:16:22)
  55 |
  56 |   try {
> 57 |     await getLimiter(pointsPerMinute).consume(companyId, 1);
     |                                       ^
  58 |   } catch (err) {
  59 |     // rate-limiter-flexible throws a RateLimiterRes (has msBeforeNext) when
  60 |     // the limit is actually exceeded; anything else (e.g. Redis down) is a
 GET /api/v1/portal-settings/cmtgb04al00050bv3rt10npd9 200 in 3ms (next.js: 0.5ms, application-code: 3ms)
[rateLimit] Redis error, failing open: Error: Stream isn't writeable and enableOfflineQueue options is false
    at new Promise (<anonymous>)
    at checkRateLimit (src/lib/rateLimit.ts:57:39)
    at requireInternalAuth (src/lib/internalAuth.ts:92:25)
    at async GET (src/app/api/v1/tenant/resolve/route.ts:10:27)
  55 |
  56 |   try {
> 57 |     await getLimiter(pointsPerMinute).consume(companyId, 1);
     |                                       ^
  58 |   } catch (err) {
  59 |     // rate-limiter-flexible throws a RateLimiterRes (has msBeforeNext) when
  60 |     // the limit is actually exceeded; anything else (e.g. Redis down) is a
 GET /api/v1/tenant/resolve 200 in 3ms (next.js: 0.7ms, application-code: 3ms)
[rateLimit] Redis error, failing open: Error: Stream isn't writeable and enableOfflineQueue options is false
    at new Promise (<anonymous>)
    at checkRateLimit (src/lib/rateLimit.ts:57:39)
    at requireInternalAuth (src/lib/internalAuth.ts:92:25)
    at async GET (src/app/api/v1/tenant/resolve/route.ts:10:27)
  55 |
  56 |   try {
> 57 |     await getLimiter(pointsPerMinute).consume(companyId, 1);
     |                                       ^
  58 |   } catch (err) {
  59 |     // rate-limiter-flexible throws a RateLimiterRes (has msBeforeNext) when
  60 |     // the limit is actually exceeded; anything else (e.g. Redis down) is a
 GET /api/v1/tenant/resolve 200 in 3ms (next.js: 0.5ms, application-code: 2ms)
[rateLimit] Redis error, failing open: Error: Stream isn't writeable and enableOfflineQueue options is false
    at new Promise (<anonymous>)
    at checkRateLimit (src/lib/rateLimit.ts:57:39)
    at requireInternalAuth (src/lib/internalAuth.ts:92:25)
    at async GET (src/app/api/v1/portal-settings/[companyId]/route.ts:16:22)
  55 |
  56 |   try {
> 57 |     await getLimiter(pointsPerMinute).consume(companyId, 1);
     |                                       ^
  58 |   } catch (err) {
  59 |     // rate-limiter-flexible throws a RateLimiterRes (has msBeforeNext) when
  60 |     // the limit is actually exceeded; anything else (e.g. Redis down) is a
 GET /api/v1/portal-settings/cmtgb04gr000a0bv35evd9ya5 200 in 3ms (next.js: 0.5ms, application-code: 3ms)
[rateLimit] Redis connection error: 
[rateLimit] Redis connection error: 
[rateLimit] Redis connection error: 
[rateLimit] Redis connection error: 
[rateLimit] Redis connection error: 
[rateLimit] Redis connection error: 
[rateLimit] Redis error, failing open: Error: Stream isn't writeable and enableOfflineQueue options is false
    at new Promise (<anonymous>)
    at checkRateLimit (src/lib/rateLimit.ts:57:39)
    at requireInternalAuth (src/lib/internalAuth.ts:92:25)
    at async GET (src/app/api/v1/tenant/resolve/route.ts:10:27)
  55 |
  56 |   try {
> 57 |     await getLimiter(pointsPerMinute).consume(companyId, 1);
     |                                       ^
  58 |   } catch (err) {
  59 |     // rate-limiter-flexible throws a RateLimiterRes (has msBeforeNext) when
  60 |     // the limit is actually exceeded; anything else (e.g. Redis down) is a
 GET /api/v1/tenant/resolve 200 in 14ms (next.js: 4ms, application-code: 10ms)
[rateLimit] Redis error, failing open: Error: Stream isn't writeable and enableOfflineQueue options is false
    at new Promise (<anonymous>)
    at checkRateLimit (src/lib/rateLimit.ts:57:39)
    at requireInternalAuth (src/lib/internalAuth.ts:92:25)
    at async GET (src/app/api/v1/tenant/api-key/route.ts:13:44)
  55 |
  56 |   try {
> 57 |     await getLimiter(pointsPerMinute).consume(companyId, 1);
     |                                       ^
  58 |   } catch (err) {
  59 |     // rate-limiter-flexible throws a RateLimiterRes (has msBeforeNext) when
  60 |     // the limit is actually exceeded; anything else (e.g. Redis down) is a
 GET /api/v1/tenant/api-key 200 in 31ms (next.js: 23ms, application-code: 8ms)
[rateLimit] Redis error, failing open: Error: Stream isn't writeable and enableOfflineQueue options is false
    at new Promise (<anonymous>)
    at checkRateLimit (src/lib/rateLimit.ts:57:39)
    at requireInternalAuth (src/lib/internalAuth.ts:92:25)
    at async GET (src/app/api/v1/tenant/resolve/route.ts:10:27)
  55 |
  56 |   try {
> 57 |     await getLimiter(pointsPerMinute).consume(companyId, 1);
     |                                       ^
  58 |   } catch (err) {
  59 |     // rate-limiter-flexible throws a RateLimiterRes (has msBeforeNext) when
  60 |     // the limit is actually exceeded; anything else (e.g. Redis down) is a
 GET /api/v1/tenant/resolve 200 in 6ms (next.js: 0.8ms, application-code: 5ms)
[rateLimit] Redis error, failing open: Error: Stream isn't writeable and enableOfflineQueue options is false
    at new Promise (<anonymous>)
    at checkRateLimit (src/lib/rateLimit.ts:57:39)
    at requireInternalAuth (src/lib/internalAuth.ts:92:25)
    at async GET (src/app/api/v1/portal-settings/[companyId]/route.ts:16:22)
  55 |
  56 |   try {
> 57 |     await getLimiter(pointsPerMinute).consume(companyId, 1);
     |                                       ^
  58 |   } catch (err) {
  59 |     // rate-limiter-flexible throws a RateLimiterRes (has msBeforeNext) when
  60 |     // the limit is actually exceeded; anything else (e.g. Redis down) is a
 GET /api/v1/portal-settings/cmtgb040d00000bv3pa01rwb1 200 in 6ms (next.js: 2ms, application-code: 4ms)
[rateLimit] Redis error, failing open: Error: Stream isn't writeable and enableOfflineQueue options is false
    at new Promise (<anonymous>)
    at checkRateLimit (src/lib/rateLimit.ts:57:39)
    at requireInternalAuth (src/lib/internalAuth.ts:92:25)
    at async GET (src/app/api/v1/tenant/api-key/route.ts:13:44)
  55 |
  56 |   try {
> 57 |     await getLimiter(pointsPerMinute).consume(companyId, 1);
     |                                       ^
  58 |   } catch (err) {
  59 |     // rate-limiter-flexible throws a RateLimiterRes (has msBeforeNext) when
  60 |     // the limit is actually exceeded; anything else (e.g. Redis down) is a
 GET /api/v1/tenant/api-key 200 in 4ms (next.js: 0.6ms, application-code: 3ms)
[rateLimit] Redis error, failing open: Error: Stream isn't writeable and enableOfflineQueue options is false
    at new Promise (<anonymous>)
    at checkRateLimit (src/lib/rateLimit.ts:57:39)
    at requireInternalAuth (src/lib/internalAuth.ts:92:25)
    at async GET (src/app/api/v1/tenant/resolve/route.ts:10:27)
  55 |
  56 |   try {
> 57 |     await getLimiter(pointsPerMinute).consume(companyId, 1);
     |                                       ^
  58 |   } catch (err) {
  59 |     // rate-limiter-flexible throws a RateLimiterRes (has msBeforeNext) when
  60 |     // the limit is actually exceeded; anything else (e.g. Redis down) is a
 GET /api/v1/tenant/resolve 200 in 6ms (next.js: 0.7ms, application-code: 6ms)
[rateLimit] Redis error, failing open: Error: Stream isn't writeable and enableOfflineQueue options is false
    at new Promise (<anonymous>)
    at checkRateLimit (src/lib/rateLimit.ts:57:39)
    at requireInternalAuth (src/lib/internalAuth.ts:92:25)
    at async GET (src/app/api/v1/tenant/resolve/route.ts:10:27)
  55 |
  56 |   try {
> 57 |     await getLimiter(pointsPerMinute).consume(companyId, 1);
     |                                       ^
  58 |   } catch (err) {
  59 |     // rate-limiter-flexible throws a RateLimiterRes (has msBeforeNext) when
  60 |     // the limit is actually exceeded; anything else (e.g. Redis down) is a
 GET /api/v1/tenant/resolve 200 in 3ms (next.js: 0.7ms, application-code: 2ms)
[rateLimit] Redis error, failing open: Error: Stream isn't writeable and enableOfflineQueue options is false
    at new Promise (<anonymous>)
    at checkRateLimit (src/lib/rateLimit.ts:57:39)
    at requireInternalAuth (src/lib/internalAuth.ts:92:25)
    at async GET (src/app/api/v1/portal-settings/[companyId]/route.ts:16:22)
  55 |
  56 |   try {
> 57 |     await getLimiter(pointsPerMinute).consume(companyId, 1);
     |                                       ^
  58 |   } catch (err) {
  59 |     // rate-limiter-flexible throws a RateLimiterRes (has msBeforeNext) when
  60 |     // the limit is actually exceeded; anything else (e.g. Redis down) is a
 GET /api/v1/portal-settings/cmtgb04al00050bv3rt10npd9 200 in 3ms (next.js: 0.5ms, application-code: 3ms)
[rateLimit] Redis error, failing open: Error: Stream isn't writeable and enableOfflineQueue options is false
    at new Promise (<anonymous>)
    at checkRateLimit (src/lib/rateLimit.ts:57:39)
    at requireInternalAuth (src/lib/internalAuth.ts:92:25)
    at async GET (src/app/api/v1/tenant/api-key/route.ts:13:44)
  55 |
  56 |   try {
> 57 |     await getLimiter(pointsPerMinute).consume(companyId, 1);
     |                                       ^
  58 |   } catch (err) {
  59 |     // rate-limiter-flexible throws a RateLimiterRes (has msBeforeNext) when
  60 |     // the limit is actually exceeded; anything else (e.g. Redis down) is a
 GET /api/v1/tenant/api-key 200 in 4ms (next.js: 0.6ms, application-code: 3ms)
[rateLimit] Redis error, failing open: Error: Stream isn't writeable and enableOfflineQueue options is false
    at new Promise (<anonymous>)
    at checkRateLimit (src/lib/rateLimit.ts:57:39)
    at requireInternalAuth (src/lib/internalAuth.ts:92:25)
    at async GET (src/app/api/v1/tenant/resolve/route.ts:10:27)
  55 |
  56 |   try {
> 57 |     await getLimiter(pointsPerMinute).consume(companyId, 1);
     |                                       ^
  58 |   } catch (err) {
  59 |     // rate-limiter-flexible throws a RateLimiterRes (has msBeforeNext) when
  60 |     // the limit is actually exceeded; anything else (e.g. Redis down) is a
 GET /api/v1/tenant/resolve 200 in 3ms (next.js: 0.5ms, application-code: 3ms)
[rateLimit] Redis error, failing open: Error: Stream isn't writeable and enableOfflineQueue options is false
    at new Promise (<anonymous>)
    at checkRateLimit (src/lib/rateLimit.ts:57:39)
    at requireInternalAuth (src/lib/internalAuth.ts:92:25)
    at async GET (src/app/api/v1/tenant/resolve/route.ts:10:27)
  55 |
  56 |   try {
> 57 |     await getLimiter(pointsPerMinute).consume(companyId, 1);
     |                                       ^
  58 |   } catch (err) {
  59 |     // rate-limiter-flexible throws a RateLimiterRes (has msBeforeNext) when
  60 |     // the limit is actually exceeded; anything else (e.g. Redis down) is a
 GET /api/v1/tenant/resolve 200 in 3ms (next.js: 0.4ms, application-code: 2ms)
[rateLimit] Redis error, failing open: Error: Stream isn't writeable and enableOfflineQueue options is false
    at new Promise (<anonymous>)
    at checkRateLimit (src/lib/rateLimit.ts:57:39)
    at requireInternalAuth (src/lib/internalAuth.ts:92:25)
    at async GET (src/app/api/v1/portal-settings/[companyId]/route.ts:16:22)
  55 |
  56 |   try {
> 57 |     await getLimiter(pointsPerMinute).consume(companyId, 1);
     |                                       ^
  58 |   } catch (err) {
  59 |     // rate-limiter-flexible throws a RateLimiterRes (has msBeforeNext) when
  60 |     // the limit is actually exceeded; anything else (e.g. Redis down) is a
 GET /api/v1/portal-settings/cmtgb04gr000a0bv35evd9ya5 200 in 3ms (next.js: 0.6ms, application-code: 3ms)
[rateLimit] Redis connection error: 
[rateLimit] Redis connection error: 
[rateLimit] Redis connection error: 
[rateLimit] Redis connection error: 
[rateLimit] Redis connection error: 
[rateLimit] Redis error, failing open: Error: Stream isn't writeable and enableOfflineQueue options is false
    at new Promise (<anonymous>)
    at checkRateLimit (src/lib/rateLimit.ts:57:39)
    at requireInternalAuth (src/lib/internalAuth.ts:92:25)
    at async GET (src/app/api/v1/tenant/resolve/route.ts:10:27)
  55 |
  56 |   try {
> 57 |     await getLimiter(pointsPerMinute).consume(companyId, 1);
     |                                       ^
  58 |   } catch (err) {
  59 |     // rate-limiter-flexible throws a RateLimiterRes (has msBeforeNext) when
  60 |     // the limit is actually exceeded; anything else (e.g. Redis down) is a
 GET /api/v1/tenant/resolve 200 in 9ms (next.js: 3ms, application-code: 7ms)
[rateLimit] Redis error, failing open: Error: Stream isn't writeable and enableOfflineQueue options is false
    at new Promise (<anonymous>)
    at checkRateLimit (src/lib/rateLimit.ts:57:39)
    at requireInternalAuth (src/lib/internalAuth.ts:92:25)
    at async GET (src/app/api/v1/tenant/resolve/route.ts:10:27)
  55 |
  56 |   try {
> 57 |     await getLimiter(pointsPerMinute).consume(companyId, 1);
     |                                       ^
  58 |   } catch (err) {
  59 |     // rate-limiter-flexible throws a RateLimiterRes (has msBeforeNext) when
  60 |     // the limit is actually exceeded; anything else (e.g. Redis down) is a
 GET /api/v1/tenant/resolve 200 in 5ms (next.js: 1.2ms, application-code: 4ms)
[rateLimit] Redis error, failing open: Error: Stream isn't writeable and enableOfflineQueue options is false
    at new Promise (<anonymous>)
    at checkRateLimit (src/lib/rateLimit.ts:57:39)
    at requireInternalAuth (src/lib/internalAuth.ts:92:25)
    at async GET (src/app/api/v1/portal-settings/[companyId]/route.ts:16:22)
  55 |
  56 |   try {
> 57 |     await getLimiter(pointsPerMinute).consume(companyId, 1);
     |                                       ^
  58 |   } catch (err) {
  59 |     // rate-limiter-flexible throws a RateLimiterRes (has msBeforeNext) when
  60 |     // the limit is actually exceeded; anything else (e.g. Redis down) is a
 GET /api/v1/portal-settings/cmtgb040d00000bv3pa01rwb1 200 in 6ms (next.js: 2ms, application-code: 4ms)
[rateLimit] Redis error, failing open: Error: Stream isn't writeable and enableOfflineQueue options is false
    at new Promise (<anonymous>)
    at checkRateLimit (src/lib/rateLimit.ts:57:39)
    at requireInternalAuth (src/lib/internalAuth.ts:92:25)
    at async GET (src/app/api/v1/tenant/resolve/route.ts:10:27)
  55 |
  56 |   try {
> 57 |     await getLimiter(pointsPerMinute).consume(companyId, 1);
     |                                       ^
  58 |   } catch (err) {
  59 |     // rate-limiter-flexible throws a RateLimiterRes (has msBeforeNext) when
  60 |     // the limit is actually exceeded; anything else (e.g. Redis down) is a
 GET /api/v1/tenant/resolve 200 in 3ms (next.js: 0.6ms, application-code: 3ms)
[rateLimit] Redis error, failing open: Error: Stream isn't writeable and enableOfflineQueue options is false
    at new Promise (<anonymous>)
    at checkRateLimit (src/lib/rateLimit.ts:57:39)
    at requireInternalAuth (src/lib/internalAuth.ts:92:25)
    at async GET (src/app/api/v1/tenant/resolve/route.ts:10:27)
  55 |
  56 |   try {
> 57 |     await getLimiter(pointsPerMinute).consume(companyId, 1);
     |                                       ^
  58 |   } catch (err) {
  59 |     // rate-limiter-flexible throws a RateLimiterRes (has msBeforeNext) when
  60 |     // the limit is actually exceeded; anything else (e.g. Redis down) is a
 GET /api/v1/tenant/resolve 200 in 3ms (next.js: 0.5ms, application-code: 2ms)
[rateLimit] Redis error, failing open: Error: Stream isn't writeable and enableOfflineQueue options is false
    at new Promise (<anonymous>)
    at checkRateLimit (src/lib/rateLimit.ts:57:39)
    at requireInternalAuth (src/lib/internalAuth.ts:92:25)
    at async GET (src/app/api/v1/portal-settings/[companyId]/route.ts:16:22)
  55 |
  56 |   try {
> 57 |     await getLimiter(pointsPerMinute).consume(companyId, 1);
     |                                       ^
  58 |   } catch (err) {
  59 |     // rate-limiter-flexible throws a RateLimiterRes (has msBeforeNext) when
  60 |     // the limit is actually exceeded; anything else (e.g. Redis down) is a
 GET /api/v1/portal-settings/cmtgb04al00050bv3rt10npd9 200 in 3ms (next.js: 0.5ms, application-code: 3ms)
[rateLimit] Redis error, failing open: Error: Stream isn't writeable and enableOfflineQueue options is false
    at new Promise (<anonymous>)
    at checkRateLimit (src/lib/rateLimit.ts:57:39)
    at requireInternalAuth (src/lib/internalAuth.ts:92:25)
    at async GET (src/app/api/v1/tenant/resolve/route.ts:10:27)
  55 |
  56 |   try {
> 57 |     await getLimiter(pointsPerMinute).consume(companyId, 1);
     |                                       ^
  58 |   } catch (err) {
  59 |     // rate-limiter-flexible throws a RateLimiterRes (has msBeforeNext) when
  60 |     // the limit is actually exceeded; anything else (e.g. Redis down) is a
 GET /api/v1/tenant/resolve 200 in 3ms (next.js: 0.6ms, application-code: 3ms)
[rateLimit] Redis error, failing open: Error: Stream isn't writeable and enableOfflineQueue options is false
    at new Promise (<anonymous>)
    at checkRateLimit (src/lib/rateLimit.ts:57:39)
    at requireInternalAuth (src/lib/internalAuth.ts:92:25)
    at async GET (src/app/api/v1/tenant/resolve/route.ts:10:27)
  55 |
  56 |   try {
> 57 |     await getLimiter(pointsPerMinute).consume(companyId, 1);
     |                                       ^
  58 |   } catch (err) {
  59 |     // rate-limiter-flexible throws a RateLimiterRes (has msBeforeNext) when
  60 |     // the limit is actually exceeded; anything else (e.g. Redis down) is a
 GET /api/v1/tenant/resolve 200 in 3ms (next.js: 0.5ms, application-code: 2ms)
[rateLimit] Redis error, failing open: Error: Stream isn't writeable and enableOfflineQueue options is false
    at new Promise (<anonymous>)
    at checkRateLimit (src/lib/rateLimit.ts:57:39)
    at requireInternalAuth (src/lib/internalAuth.ts:92:25)
    at async GET (src/app/api/v1/portal-settings/[companyId]/route.ts:16:22)
  55 |
  56 |   try {
> 57 |     await getLimiter(pointsPerMinute).consume(companyId, 1);
     |                                       ^
  58 |   } catch (err) {
  59 |     // rate-limiter-flexible throws a RateLimiterRes (has msBeforeNext) when
  60 |     // the limit is actually exceeded; anything else (e.g. Redis down) is a
 GET /api/v1/portal-settings/cmtgb04gr000a0bv35evd9ya5 200 in 3ms (next.js: 0.4ms, application-code: 3ms)
[rateLimit] Redis connection error: 
[rateLimit] Redis connection error: 
[rateLimit] Redis connection error: 
[rateLimit] Redis connection error: 
[rateLimit] Redis connection error: 
[rateLimit] Redis connection error: 
[rateLimit] Redis error, failing open: Error: Stream isn't writeable and enableOfflineQueue options is false
    at new Promise (<anonymous>)
    at checkRateLimit (src/lib/rateLimit.ts:57:39)
    at requireInternalAuth (src/lib/internalAuth.ts:92:25)
    at async GET (src/app/api/v1/tenant/resolve/route.ts:10:27)
  55 |
  56 |   try {
> 57 |     await getLimiter(pointsPerMinute).consume(companyId, 1);
     |                                       ^
  58 |   } catch (err) {
  59 |     // rate-limiter-flexible throws a RateLimiterRes (has msBeforeNext) when
  60 |     // the limit is actually exceeded; anything else (e.g. Redis down) is a
 GET /api/v1/tenant/resolve 200 in 12ms (next.js: 1.7ms, application-code: 10ms)
[rateLimit] Redis error, failing open: Error: Stream isn't writeable and enableOfflineQueue options is false
    at new Promise (<anonymous>)
    at checkRateLimit (src/lib/rateLimit.ts:57:39)
    at requireInternalAuth (src/lib/internalAuth.ts:92:25)
    at async GET (src/app/api/v1/tenant/resolve/route.ts:10:27)
  55 |
  56 |   try {
> 57 |     await getLimiter(pointsPerMinute).consume(companyId, 1);
     |                                       ^
  58 |   } catch (err) {
  59 |     // rate-limiter-flexible throws a RateLimiterRes (has msBeforeNext) when
  60 |     // the limit is actually exceeded; anything else (e.g. Redis down) is a
 GET /api/v1/tenant/resolve 200 in 4ms (next.js: 0.6ms, application-code: 3ms)
[rateLimit] Redis error, failing open: Error: Stream isn't writeable and enableOfflineQueue options is false
    at new Promise (<anonymous>)
    at checkRateLimit (src/lib/rateLimit.ts:57:39)
    at requireInternalAuth (src/lib/internalAuth.ts:92:25)
    at async GET (src/app/api/v1/portal-settings/[companyId]/route.ts:16:22)
  55 |
  56 |   try {
> 57 |     await getLimiter(pointsPerMinute).consume(companyId, 1);
     |                                       ^
  58 |   } catch (err) {
  59 |     // rate-limiter-flexible throws a RateLimiterRes (has msBeforeNext) when
  60 |     // the limit is actually exceeded; anything else (e.g. Redis down) is a
 GET /api/v1/portal-settings/cmtgb040d00000bv3pa01rwb1 200 in 6ms (next.js: 1.6ms, application-code: 5ms)
[rateLimit] Redis error, failing open: Error: Stream isn't writeable and enableOfflineQueue options is false
    at new Promise (<anonymous>)
    at checkRateLimit (src/lib/rateLimit.ts:57:39)
    at requireInternalAuth (src/lib/internalAuth.ts:92:25)
    at async GET (src/app/api/v1/tenant/resolve/route.ts:10:27)
  55 |
  56 |   try {
> 57 |     await getLimiter(pointsPerMinute).consume(companyId, 1);
     |                                       ^
  58 |   } catch (err) {
  59 |     // rate-limiter-flexible throws a RateLimiterRes (has msBeforeNext) when
  60 |     // the limit is actually exceeded; anything else (e.g. Redis down) is a
 GET /api/v1/tenant/resolve 200 in 3ms (next.js: 0.6ms, application-code: 3ms)
[rateLimit] Redis error, failing open: Error: Stream isn't writeable and enableOfflineQueue options is false
    at new Promise (<anonymous>)
    at checkRateLimit (src/lib/rateLimit.ts:57:39)
    at requireInternalAuth (src/lib/internalAuth.ts:92:25)
    at async GET (src/app/api/v1/tenant/resolve/route.ts:10:27)
  55 |
  56 |   try {
> 57 |     await getLimiter(pointsPerMinute).consume(companyId, 1);
     |                                       ^
  58 |   } catch (err) {
  59 |     // rate-limiter-flexible throws a RateLimiterRes (has msBeforeNext) when
  60 |     // the limit is actually exceeded; anything else (e.g. Redis down) is a
 GET /api/v1/tenant/resolve 200 in 3ms (next.js: 0.5ms, application-code: 2ms)
[rateLimit] Redis error, failing open: Error: Stream isn't writeable and enableOfflineQueue options is false
    at new Promise (<anonymous>)
    at checkRateLimit (src/lib/rateLimit.ts:57:39)
    at requireInternalAuth (src/lib/internalAuth.ts:92:25)
    at async GET (src/app/api/v1/portal-settings/[companyId]/route.ts:16:22)
  55 |
  56 |   try {
> 57 |     await getLimiter(pointsPerMinute).consume(companyId, 1);
     |                                       ^
  58 |   } catch (err) {
  59 |     // rate-limiter-flexible throws a RateLimiterRes (has msBeforeNext) when
  60 |     // the limit is actually exceeded; anything else (e.g. Redis down) is a
 GET /api/v1/portal-settings/cmtgb04al00050bv3rt10npd9 200 in 3ms (next.js: 0.5ms, application-code: 3ms)
[rateLimit] Redis error, failing open: Error: Stream isn't writeable and enableOfflineQueue options is false
    at new Promise (<anonymous>)
    at checkRateLimit (src/lib/rateLimit.ts:57:39)
    at requireInternalAuth (src/lib/internalAuth.ts:92:25)
    at async GET (src/app/api/v1/tenant/resolve/route.ts:10:27)
  55 |
  56 |   try {
> 57 |     await getLimiter(pointsPerMinute).consume(companyId, 1);
     |                                       ^
  58 |   } catch (err) {
  59 |     // rate-limiter-flexible throws a RateLimiterRes (has msBeforeNext) when
  60 |     // the limit is actually exceeded; anything else (e.g. Redis down) is a
 GET /api/v1/tenant/resolve 200 in 3ms (next.js: 0.6ms, application-code: 3ms)
[rateLimit] Redis error, failing open: Error: Stream isn't writeable and enableOfflineQueue options is false
    at new Promise (<anonymous>)
    at checkRateLimit (src/lib/rateLimit.ts:57:39)
    at requireInternalAuth (src/lib/internalAuth.ts:92:25)
    at async GET (src/app/api/v1/tenant/resolve/route.ts:10:27)
  55 |
  56 |   try {
> 57 |     await getLimiter(pointsPerMinute).consume(companyId, 1);
     |                                       ^
  58 |   } catch (err) {
  59 |     // rate-limiter-flexible throws a RateLimiterRes (has msBeforeNext) when
  60 |     // the limit is actually exceeded; anything else (e.g. Redis down) is a
 GET /api/v1/tenant/resolve 200 in 3ms (next.js: 0.5ms, application-code: 2ms)
[rateLimit] Redis error, failing open: Error: Stream isn't writeable and enableOfflineQueue options is false
    at new Promise (<anonymous>)
    at checkRateLimit (src/lib/rateLimit.ts:57:39)
    at requireInternalAuth (src/lib/internalAuth.ts:92:25)
    at async GET (src/app/api/v1/portal-settings/[companyId]/route.ts:16:22)
  55 |
  56 |   try {
> 57 |     await getLimiter(pointsPerMinute).consume(companyId, 1);
     |                                       ^
  58 |   } catch (err) {
  59 |     // rate-limiter-flexible throws a RateLimiterRes (has msBeforeNext) when
  60 |     // the limit is actually exceeded; anything else (e.g. Redis down) is a
 GET /api/v1/portal-settings/cmtgb04gr000a0bv35evd9ya5 200 in 4ms (next.js: 0.5ms, application-code: 3ms)
[rateLimit] Redis connection error: 
[rateLimit] Redis connection error: 
[rateLimit] Redis connection error: 
[rateLimit] Redis connection error: 
[rateLimit] Redis connection error: 
[rateLimit] Redis connection error: 
[rateLimit] Redis error, failing open: Error: Stream isn't writeable and enableOfflineQueue options is false
    at new Promise (<anonymous>)
    at checkRateLimit (src/lib/rateLimit.ts:57:39)
    at requireInternalAuth (src/lib/internalAuth.ts:92:25)
    at async GET (src/app/api/v1/tenant/resolve/route.ts:10:27)
  55 |
  56 |   try {
> 57 |     await getLimiter(pointsPerMinute).consume(companyId, 1);
     |                                       ^
  58 |   } catch (err) {
  59 |     // rate-limiter-flexible throws a RateLimiterRes (has msBeforeNext) when
  60 |     // the limit is actually exceeded; anything else (e.g. Redis down) is a
 GET /api/v1/tenant/resolve 200 in 11ms (next.js: 3ms, application-code: 8ms)
[rateLimit] Redis error, failing open: Error: Stream isn't writeable and enableOfflineQueue options is false
    at new Promise (<anonymous>)
    at checkRateLimit (src/lib/rateLimit.ts:57:39)
    at requireInternalAuth (src/lib/internalAuth.ts:92:25)
    at async GET (src/app/api/v1/tenant/resolve/route.ts:10:27)
  55 |
  56 |   try {
> 57 |     await getLimiter(pointsPerMinute).consume(companyId, 1);
     |                                       ^
  58 |   } catch (err) {
  59 |     // rate-limiter-flexible throws a RateLimiterRes (has msBeforeNext) when
  60 |     // the limit is actually exceeded; anything else (e.g. Redis down) is a
 GET /api/v1/tenant/resolve 200 in 5ms (next.js: 0.8ms, application-code: 4ms)
[rateLimit] Redis error, failing open: Error: Stream isn't writeable and enableOfflineQueue options is false
    at new Promise (<anonymous>)
    at checkRateLimit (src/lib/rateLimit.ts:57:39)
    at requireInternalAuth (src/lib/internalAuth.ts:92:25)
    at async GET (src/app/api/v1/portal-settings/[companyId]/route.ts:16:22)
  55 |
  56 |   try {
> 57 |     await getLimiter(pointsPerMinute).consume(companyId, 1);
     |                                       ^
  58 |   } catch (err) {
  59 |     // rate-limiter-flexible throws a RateLimiterRes (has msBeforeNext) when
  60 |     // the limit is actually exceeded; anything else (e.g. Redis down) is a
 GET /api/v1/portal-settings/cmtgb040d00000bv3pa01rwb1 200 in 7ms (next.js: 2ms, application-code: 5ms)
[rateLimit] Redis error, failing open: Error: Stream isn't writeable and enableOfflineQueue options is false
    at new Promise (<anonymous>)
    at checkRateLimit (src/lib/rateLimit.ts:57:39)
    at requireInternalAuth (src/lib/internalAuth.ts:92:25)
    at async GET (src/app/api/v1/tenant/resolve/route.ts:10:27)
  55 |
  56 |   try {
> 57 |     await getLimiter(pointsPerMinute).consume(companyId, 1);
     |                                       ^
  58 |   } catch (err) {
  59 |     // rate-limiter-flexible throws a RateLimiterRes (has msBeforeNext) when
  60 |     // the limit is actually exceeded; anything else (e.g. Redis down) is a
 GET /api/v1/tenant/resolve 200 in 3ms (next.js: 0.6ms, application-code: 3ms)
[rateLimit] Redis error, failing open: Error: Stream isn't writeable and enableOfflineQueue options is false
    at new Promise (<anonymous>)
    at checkRateLimit (src/lib/rateLimit.ts:57:39)
    at requireInternalAuth (src/lib/internalAuth.ts:92:25)
    at async GET (src/app/api/v1/tenant/resolve/route.ts:10:27)
  55 |
  56 |   try {
> 57 |     await getLimiter(pointsPerMinute).consume(companyId, 1);
     |                                       ^
  58 |   } catch (err) {
  59 |     // rate-limiter-flexible throws a RateLimiterRes (has msBeforeNext) when
  60 |     // the limit is actually exceeded; anything else (e.g. Redis down) is a
 GET /api/v1/tenant/resolve 200 in 3ms (next.js: 0.5ms, application-code: 2ms)
[rateLimit] Redis error, failing open: Error: Stream isn't writeable and enableOfflineQueue options is false
    at new Promise (<anonymous>)
    at checkRateLimit (src/lib/rateLimit.ts:57:39)
    at requireInternalAuth (src/lib/internalAuth.ts:92:25)
    at async GET (src/app/api/v1/portal-settings/[companyId]/route.ts:16:22)
  55 |
  56 |   try {
> 57 |     await getLimiter(pointsPerMinute).consume(companyId, 1);
     |                                       ^
  58 |   } catch (err) {
  59 |     // rate-limiter-flexible throws a RateLimiterRes (has msBeforeNext) when
  60 |     // the limit is actually exceeded; anything else (e.g. Redis down) is a
 GET /api/v1/portal-settings/cmtgb04al00050bv3rt10npd9 200 in 3ms (next.js: 0.4ms, application-code: 3ms)
[rateLimit] Redis error, failing open: Error: Stream isn't writeable and enableOfflineQueue options is false
    at new Promise (<anonymous>)
    at checkRateLimit (src/lib/rateLimit.ts:57:39)
    at requireInternalAuth (src/lib/internalAuth.ts:92:25)
    at async GET (src/app/api/v1/tenant/resolve/route.ts:10:27)
  55 |
  56 |   try {
> 57 |     await getLimiter(pointsPerMinute).consume(companyId, 1);
     |                                       ^
  58 |   } catch (err) {
  59 |     // rate-limiter-flexible throws a RateLimiterRes (has msBeforeNext) when
  60 |     // the limit is actually exceeded; anything else (e.g. Redis down) is a
 GET /api/v1/tenant/resolve 200 in 3ms (next.js: 0.6ms, application-code: 3ms)
[rateLimit] Redis error, failing open: Error: Stream isn't writeable and enableOfflineQueue options is false
    at new Promise (<anonymous>)
    at checkRateLimit (src/lib/rateLimit.ts:57:39)
    at requireInternalAuth (src/lib/internalAuth.ts:92:25)
    at async GET (src/app/api/v1/tenant/resolve/route.ts:10:27)
  55 |
  56 |   try {
> 57 |     await getLimiter(pointsPerMinute).consume(companyId, 1);
     |                                       ^
  58 |   } catch (err) {
  59 |     // rate-limiter-flexible throws a RateLimiterRes (has msBeforeNext) when
  60 |     // the limit is actually exceeded; anything else (e.g. Redis down) is a
 GET /api/v1/tenant/resolve 200 in 3ms (next.js: 0.4ms, application-code: 2ms)
[rateLimit] Redis error, failing open: Error: Stream isn't writeable and enableOfflineQueue options is false
    at new Promise (<anonymous>)
    at checkRateLimit (src/lib/rateLimit.ts:57:39)
    at requireInternalAuth (src/lib/internalAuth.ts:92:25)
    at async GET (src/app/api/v1/portal-settings/[companyId]/route.ts:16:22)
  55 |
  56 |   try {
> 57 |     await getLimiter(pointsPerMinute).consume(companyId, 1);
     |                                       ^
  58 |   } catch (err) {
  59 |     // rate-limiter-flexible throws a RateLimiterRes (has msBeforeNext) when
  60 |     // the limit is actually exceeded; anything else (e.g. Redis down) is a
 GET /api/v1/portal-settings/cmtgb04gr000a0bv35evd9ya5 200 in 4ms (next.js: 0.5ms, application-code: 3ms)
[rateLimit] Redis connection error: 
[rateLimit] Redis connection error: 
[rateLimit] Redis connection error: 
[rateLimit] Redis connection error: 
[rateLimit] Redis connection error: 
[rateLimit] Redis connection error: 
[rateLimit] Redis error, failing open: Error: Stream isn't writeable and enableOfflineQueue options is false
    at new Promise (<anonymous>)
    at checkRateLimit (src/lib/rateLimit.ts:57:39)
    at requireInternalAuth (src/lib/internalAuth.ts:92:25)
    at async GET (src/app/api/v1/tenant/resolve/route.ts:10:27)
  55 |
  56 |   try {
> 57 |     await getLimiter(pointsPerMinute).consume(companyId, 1);
     |                                       ^
  58 |   } catch (err) {
  59 |     // rate-limiter-flexible throws a RateLimiterRes (has msBeforeNext) when
  60 |     // the limit is actually exceeded; anything else (e.g. Redis down) is a
 GET /api/v1/tenant/resolve 200 in 10ms (next.js: 3ms, application-code: 7ms)
[rateLimit] Redis error, failing open: Error: Stream isn't writeable and enableOfflineQueue options is false
    at new Promise (<anonymous>)
    at checkRateLimit (src/lib/rateLimit.ts:57:39)
    at requireInternalAuth (src/lib/internalAuth.ts:92:25)
    at async GET (src/app/api/v1/tenant/resolve/route.ts:10:27)
  55 |
  56 |   try {
> 57 |     await getLimiter(pointsPerMinute).consume(companyId, 1);
     |                                       ^
  58 |   } catch (err) {
  59 |     // rate-limiter-flexible throws a RateLimiterRes (has msBeforeNext) when
  60 |     // the limit is actually exceeded; anything else (e.g. Redis down) is a
 GET /api/v1/tenant/resolve 200 in 5ms (next.js: 1.0ms, application-code: 4ms)
[rateLimit] Redis error, failing open: Error: Stream isn't writeable and enableOfflineQueue options is false
    at new Promise (<anonymous>)
    at checkRateLimit (src/lib/rateLimit.ts:57:39)
    at requireInternalAuth (src/lib/internalAuth.ts:92:25)
    at async GET (src/app/api/v1/portal-settings/[companyId]/route.ts:16:22)
  55 |
  56 |   try {
> 57 |     await getLimiter(pointsPerMinute).consume(companyId, 1);
     |                                       ^
  58 |   } catch (err) {
  59 |     // rate-limiter-flexible throws a RateLimiterRes (has msBeforeNext) when
  60 |     // the limit is actually exceeded; anything else (e.g. Redis down) is a
 GET /api/v1/portal-settings/cmtgb040d00000bv3pa01rwb1 200 in 8ms (next.js: 3ms, application-code: 5ms)
[rateLimit] Redis error, failing open: Error: Stream isn't writeable and enableOfflineQueue options is false
    at new Promise (<anonymous>)
    at checkRateLimit (src/lib/rateLimit.ts:57:39)
    at requireInternalAuth (src/lib/internalAuth.ts:92:25)
    at async GET (src/app/api/v1/tenant/resolve/route.ts:10:27)
  55 |
  56 |   try {
> 57 |     await getLimiter(pointsPerMinute).consume(companyId, 1);
     |                                       ^
  58 |   } catch (err) {
  59 |     // rate-limiter-flexible throws a RateLimiterRes (has msBeforeNext) when
  60 |     // the limit is actually exceeded; anything else (e.g. Redis down) is a
 GET /api/v1/tenant/resolve 200 in 3ms (next.js: 0.5ms, application-code: 3ms)
[rateLimit] Redis error, failing open: Error: Stream isn't writeable and enableOfflineQueue options is false
    at new Promise (<anonymous>)
    at checkRateLimit (src/lib/rateLimit.ts:57:39)
    at requireInternalAuth (src/lib/internalAuth.ts:92:25)
    at async GET (src/app/api/v1/tenant/resolve/route.ts:10:27)
  55 |
  56 |   try {
> 57 |     await getLimiter(pointsPerMinute).consume(companyId, 1);
     |                                       ^
  58 |   } catch (err) {
  59 |     // rate-limiter-flexible throws a RateLimiterRes (has msBeforeNext) when
  60 |     // the limit is actually exceeded; anything else (e.g. Redis down) is a
 GET /api/v1/tenant/resolve 200 in 3ms (next.js: 0.5ms, application-code: 2ms)
[rateLimit] Redis error, failing open: Error: Stream isn't writeable and enableOfflineQueue options is false
    at new Promise (<anonymous>)
    at checkRateLimit (src/lib/rateLimit.ts:57:39)
    at requireInternalAuth (src/lib/internalAuth.ts:92:25)
    at async GET (src/app/api/v1/portal-settings/[companyId]/route.ts:16:22)
  55 |
  56 |   try {
> 57 |     await getLimiter(pointsPerMinute).consume(companyId, 1);
     |                                       ^
  58 |   } catch (err) {
  59 |     // rate-limiter-flexible throws a RateLimiterRes (has msBeforeNext) when
  60 |     // the limit is actually exceeded; anything else (e.g. Redis down) is a
 GET /api/v1/portal-settings/cmtgb04al00050bv3rt10npd9 200 in 3ms (next.js: 0.5ms, application-code: 3ms)
[rateLimit] Redis error, failing open: Error: Stream isn't writeable and enableOfflineQueue options is false
    at new Promise (<anonymous>)
    at checkRateLimit (src/lib/rateLimit.ts:57:39)
    at requireInternalAuth (src/lib/internalAuth.ts:92:25)
    at async GET (src/app/api/v1/tenant/resolve/route.ts:10:27)
  55 |
  56 |   try {
> 57 |     await getLimiter(pointsPerMinute).consume(companyId, 1);
     |                                       ^
  58 |   } catch (err) {
  59 |     // rate-limiter-flexible throws a RateLimiterRes (has msBeforeNext) when
  60 |     // the limit is actually exceeded; anything else (e.g. Redis down) is a
 GET /api/v1/tenant/resolve 200 in 3ms (next.js: 0.6ms, application-code: 3ms)
[rateLimit] Redis error, failing open: Error: Stream isn't writeable and enableOfflineQueue options is false
    at new Promise (<anonymous>)
    at checkRateLimit (src/lib/rateLimit.ts:57:39)
    at requireInternalAuth (src/lib/internalAuth.ts:92:25)
    at async GET (src/app/api/v1/tenant/resolve/route.ts:10:27)
  55 |
  56 |   try {
> 57 |     await getLimiter(pointsPerMinute).consume(companyId, 1);
     |                                       ^
  58 |   } catch (err) {
  59 |     // rate-limiter-flexible throws a RateLimiterRes (has msBeforeNext) when
  60 |     // the limit is actually exceeded; anything else (e.g. Redis down) is a
 GET /api/v1/tenant/resolve 200 in 3ms (next.js: 0.4ms, application-code: 2ms)
[rateLimit] Redis error, failing open: Error: Stream isn't writeable and enableOfflineQueue options is false
    at new Promise (<anonymous>)
    at checkRateLimit (src/lib/rateLimit.ts:57:39)
    at requireInternalAuth (src/lib/internalAuth.ts:92:25)
    at async GET (src/app/api/v1/portal-settings/[companyId]/route.ts:16:22)
  55 |
  56 |   try {
> 57 |     await getLimiter(pointsPerMinute).consume(companyId, 1);
     |                                       ^
  58 |   } catch (err) {
  59 |     // rate-limiter-flexible throws a RateLimiterRes (has msBeforeNext) when
  60 |     // the limit is actually exceeded; anything else (e.g. Redis down) is a
 GET /api/v1/portal-settings/cmtgb04gr000a0bv35evd9ya5 200 in 4ms (next.js: 0.6ms, application-code: 3ms)
[rateLimit] Redis connection error: 
[rateLimit] Redis connection error: 
[rateLimit] Redis connection error: 
[rateLimit] Redis connection error: 
[rateLimit] Redis connection error: 
[rateLimit] Redis connection error: 
[rateLimit] Redis error, failing open: Error: Stream isn't writeable and enableOfflineQueue options is false
    at new Promise (<anonymous>)
    at checkRateLimit (src/lib/rateLimit.ts:57:39)
    at requireInternalAuth (src/lib/internalAuth.ts:92:25)
    at async GET (src/app/api/v1/tenant/resolve/route.ts:10:27)
  55 |
  56 |   try {
> 57 |     await getLimiter(pointsPerMinute).consume(companyId, 1);
     |                                       ^
  58 |   } catch (err) {
  59 |     // rate-limiter-flexible throws a RateLimiterRes (has msBeforeNext) when
  60 |     // the limit is actually exceeded; anything else (e.g. Redis down) is a
 GET /api/v1/tenant/resolve 200 in 11ms (next.js: 2ms, application-code: 9ms)
[rateLimit] Redis error, failing open: Error: Stream isn't writeable and enableOfflineQueue options is false
    at new Promise (<anonymous>)
    at checkRateLimit (src/lib/rateLimit.ts:57:39)
    at requireInternalAuth (src/lib/internalAuth.ts:92:25)
    at async GET (src/app/api/v1/tenant/resolve/route.ts:10:27)
  55 |
  56 |   try {
> 57 |     await getLimiter(pointsPerMinute).consume(companyId, 1);
     |                                       ^
  58 |   } catch (err) {
  59 |     // rate-limiter-flexible throws a RateLimiterRes (has msBeforeNext) when
  60 |     // the limit is actually exceeded; anything else (e.g. Redis down) is a
 GET /api/v1/tenant/resolve 200 in 7ms (next.js: 1.5ms, application-code: 5ms)
[rateLimit] Redis error, failing open: Error: Stream isn't writeable and enableOfflineQueue options is false
    at new Promise (<anonymous>)
    at checkRateLimit (src/lib/rateLimit.ts:57:39)
    at requireInternalAuth (src/lib/internalAuth.ts:92:25)
    at async GET (src/app/api/v1/portal-settings/[companyId]/route.ts:16:22)
  55 |
  56 |   try {
> 57 |     await getLimiter(pointsPerMinute).consume(companyId, 1);
     |                                       ^
  58 |   } catch (err) {
  59 |     // rate-limiter-flexible throws a RateLimiterRes (has msBeforeNext) when
  60 |     // the limit is actually exceeded; anything else (e.g. Redis down) is a
 GET /api/v1/portal-settings/cmtgb040d00000bv3pa01rwb1 200 in 8ms (next.js: 3ms, application-code: 5ms)
[rateLimit] Redis error, failing open: Error: Stream isn't writeable and enableOfflineQueue options is false
    at new Promise (<anonymous>)
    at checkRateLimit (src/lib/rateLimit.ts:57:39)
    at requireInternalAuth (src/lib/internalAuth.ts:92:25)
    at async GET (src/app/api/v1/tenant/resolve/route.ts:10:27)
  55 |
  56 |   try {
> 57 |     await getLimiter(pointsPerMinute).consume(companyId, 1);
     |                                       ^
  58 |   } catch (err) {
  59 |     // rate-limiter-flexible throws a RateLimiterRes (has msBeforeNext) when
  60 |     // the limit is actually exceeded; anything else (e.g. Redis down) is a
 GET /api/v1/tenant/resolve 200 in 4ms (next.js: 0.7ms, application-code: 3ms)
[rateLimit] Redis error, failing open: Error: Stream isn't writeable and enableOfflineQueue options is false
    at new Promise (<anonymous>)
    at checkRateLimit (src/lib/rateLimit.ts:57:39)
    at requireInternalAuth (src/lib/internalAuth.ts:92:25)
    at async GET (src/app/api/v1/tenant/resolve/route.ts:10:27)
  55 |
  56 |   try {
> 57 |     await getLimiter(pointsPerMinute).consume(companyId, 1);
     |                                       ^
  58 |   } catch (err) {
  59 |     // rate-limiter-flexible throws a RateLimiterRes (has msBeforeNext) when
  60 |     // the limit is actually exceeded; anything else (e.g. Redis down) is a
 GET /api/v1/tenant/resolve 200 in 3ms (next.js: 0.5ms, application-code: 2ms)
[rateLimit] Redis error, failing open: Error: Stream isn't writeable and enableOfflineQueue options is false
    at new Promise (<anonymous>)
    at checkRateLimit (src/lib/rateLimit.ts:57:39)
    at requireInternalAuth (src/lib/internalAuth.ts:92:25)
    at async GET (src/app/api/v1/portal-settings/[companyId]/route.ts:16:22)
  55 |
  56 |   try {
> 57 |     await getLimiter(pointsPerMinute).consume(companyId, 1);
     |                                       ^
  58 |   } catch (err) {
  59 |     // rate-limiter-flexible throws a RateLimiterRes (has msBeforeNext) when
  60 |     // the limit is actually exceeded; anything else (e.g. Redis down) is a
 GET /api/v1/portal-settings/cmtgb04al00050bv3rt10npd9 200 in 3ms (next.js: 0.4ms, application-code: 3ms)
[rateLimit] Redis error, failing open: Error: Stream isn't writeable and enableOfflineQueue options is false
    at new Promise (<anonymous>)
    at checkRateLimit (src/lib/rateLimit.ts:57:39)
    at requireInternalAuth (src/lib/internalAuth.ts:92:25)
    at async GET (src/app/api/v1/tenant/resolve/route.ts:10:27)
  55 |
  56 |   try {
> 57 |     await getLimiter(pointsPerMinute).consume(companyId, 1);
     |                                       ^
  58 |   } catch (err) {
  59 |     // rate-limiter-flexible throws a RateLimiterRes (has msBeforeNext) when
  60 |     // the limit is actually exceeded; anything else (e.g. Redis down) is a
 GET /api/v1/tenant/resolve 200 in 4ms (next.js: 0.8ms, application-code: 3ms)
[rateLimit] Redis error, failing open: Error: Stream isn't writeable and enableOfflineQueue options is false
    at new Promise (<anonymous>)
    at checkRateLimit (src/lib/rateLimit.ts:57:39)
    at requireInternalAuth (src/lib/internalAuth.ts:92:25)
    at async GET (src/app/api/v1/tenant/resolve/route.ts:10:27)
  55 |
  56 |   try {
> 57 |     await getLimiter(pointsPerMinute).consume(companyId, 1);
     |                                       ^
  58 |   } catch (err) {
  59 |     // rate-limiter-flexible throws a RateLimiterRes (has msBeforeNext) when
  60 |     // the limit is actually exceeded; anything else (e.g. Redis down) is a
 GET /api/v1/tenant/resolve 200 in 2ms (next.js: 0.4ms, application-code: 2ms)
[rateLimit] Redis error, failing open: Error: Stream isn't writeable and enableOfflineQueue options is false
    at new Promise (<anonymous>)
    at checkRateLimit (src/lib/rateLimit.ts:57:39)
    at requireInternalAuth (src/lib/internalAuth.ts:92:25)
    at async GET (src/app/api/v1/portal-settings/[companyId]/route.ts:16:22)
  55 |
  56 |   try {
> 57 |     await getLimiter(pointsPerMinute).consume(companyId, 1);
     |                                       ^
  58 |   } catch (err) {
  59 |     // rate-limiter-flexible throws a RateLimiterRes (has msBeforeNext) when
  60 |     // the limit is actually exceeded; anything else (e.g. Redis down) is a
 GET /api/v1/portal-settings/cmtgb04gr000a0bv35evd9ya5 200 in 3ms (next.js: 0.4ms, application-code: 2ms)
[rateLimit] Redis connection error: 
[rateLimit] Redis connection error: 
[rateLimit] Redis connection error: 
[rateLimit] Redis connection error: 
[rateLimit] Redis connection error: 
[rateLimit] Redis connection error: 
[rateLimit] Redis error, failing open: Error: Stream isn't writeable and enableOfflineQueue options is false
    at new Promise (<anonymous>)
    at checkRateLimit (src/lib/rateLimit.ts:57:39)
    at requireInternalAuth (src/lib/internalAuth.ts:92:25)
    at async GET (src/app/api/v1/tenant/resolve/route.ts:10:27)
  55 |
  56 |   try {
> 57 |     await getLimiter(pointsPerMinute).consume(companyId, 1);
     |                                       ^
  58 |   } catch (err) {
  59 |     // rate-limiter-flexible throws a RateLimiterRes (has msBeforeNext) when
  60 |     // the limit is actually exceeded; anything else (e.g. Redis down) is a
 GET /api/v1/tenant/resolve 200 in 13ms (next.js: 4ms, application-code: 9ms)
[rateLimit] Redis error, failing open: Error: Stream isn't writeable and enableOfflineQueue options is false
    at new Promise (<anonymous>)
    at checkRateLimit (src/lib/rateLimit.ts:57:39)
    at requireInternalAuth (src/lib/internalAuth.ts:92:25)
    at async GET (src/app/api/v1/tenant/resolve/route.ts:10:27)
  55 |
  56 |   try {
> 57 |     await getLimiter(pointsPerMinute).consume(companyId, 1);
     |                                       ^
  58 |   } catch (err) {
  59 |     // rate-limiter-flexible throws a RateLimiterRes (has msBeforeNext) when
  60 |     // the limit is actually exceeded; anything else (e.g. Redis down) is a
 GET /api/v1/tenant/resolve 200 in 6ms (next.js: 1.2ms, application-code: 5ms)
[rateLimit] Redis error, failing open: Error: Stream isn't writeable and enableOfflineQueue options is false
    at new Promise (<anonymous>)
    at checkRateLimit (src/lib/rateLimit.ts:57:39)
    at requireInternalAuth (src/lib/internalAuth.ts:92:25)
    at async GET (src/app/api/v1/portal-settings/[companyId]/route.ts:16:22)
  55 |
  56 |   try {
> 57 |     await getLimiter(pointsPerMinute).consume(companyId, 1);
     |                                       ^
  58 |   } catch (err) {
  59 |     // rate-limiter-flexible throws a RateLimiterRes (has msBeforeNext) when
  60 |     // the limit is actually exceeded; anything else (e.g. Redis down) is a
 GET /api/v1/portal-settings/cmtgb040d00000bv3pa01rwb1 200 in 8ms (next.js: 3ms, application-code: 5ms)
[rateLimit] Redis error, failing open: Error: Stream isn't writeable and enableOfflineQueue options is false
    at new Promise (<anonymous>)
    at checkRateLimit (src/lib/rateLimit.ts:57:39)
    at requireInternalAuth (src/lib/internalAuth.ts:92:25)
    at async GET (src/app/api/v1/tenant/resolve/route.ts:10:27)
  55 |
  56 |   try {
> 57 |     await getLimiter(pointsPerMinute).consume(companyId, 1);
     |                                       ^
  58 |   } catch (err) {
  59 |     // rate-limiter-flexible throws a RateLimiterRes (has msBeforeNext) when
  60 |     // the limit is actually exceeded; anything else (e.g. Redis down) is a
 GET /api/v1/tenant/resolve 200 in 3ms (next.js: 0.6ms, application-code: 3ms)
[rateLimit] Redis error, failing open: Error: Stream isn't writeable and enableOfflineQueue options is false
    at new Promise (<anonymous>)
    at checkRateLimit (src/lib/rateLimit.ts:57:39)
    at requireInternalAuth (src/lib/internalAuth.ts:92:25)
    at async GET (src/app/api/v1/tenant/resolve/route.ts:10:27)
  55 |
  56 |   try {
> 57 |     await getLimiter(pointsPerMinute).consume(companyId, 1);
     |                                       ^
  58 |   } catch (err) {
  59 |     // rate-limiter-flexible throws a RateLimiterRes (has msBeforeNext) when
  60 |     // the limit is actually exceeded; anything else (e.g. Redis down) is a
 GET /api/v1/tenant/resolve 200 in 3ms (next.js: 0.5ms, application-code: 3ms)
[rateLimit] Redis error, failing open: Error: Stream isn't writeable and enableOfflineQueue options is false
    at new Promise (<anonymous>)
    at checkRateLimit (src/lib/rateLimit.ts:57:39)
    at requireInternalAuth (src/lib/internalAuth.ts:92:25)
    at async GET (src/app/api/v1/portal-settings/[companyId]/route.ts:16:22)
  55 |
  56 |   try {
> 57 |     await getLimiter(pointsPerMinute).consume(companyId, 1);
     |                                       ^
  58 |   } catch (err) {
  59 |     // rate-limiter-flexible throws a RateLimiterRes (has msBeforeNext) when
  60 |     // the limit is actually exceeded; anything else (e.g. Redis down) is a
 GET /api/v1/portal-settings/cmtgb04al00050bv3rt10npd9 200 in 3ms (next.js: 0.5ms, application-code: 3ms)
[rateLimit] Redis error, failing open: Error: Stream isn't writeable and enableOfflineQueue options is false
    at new Promise (<anonymous>)
    at checkRateLimit (src/lib/rateLimit.ts:57:39)
    at requireInternalAuth (src/lib/internalAuth.ts:92:25)
    at async GET (src/app/api/v1/tenant/resolve/route.ts:10:27)
  55 |
  56 |   try {
> 57 |     await getLimiter(pointsPerMinute).consume(companyId, 1);
     |                                       ^
  58 |   } catch (err) {
  59 |     // rate-limiter-flexible throws a RateLimiterRes (has msBeforeNext) when
  60 |     // the limit is actually exceeded; anything else (e.g. Redis down) is a
 GET /api/v1/tenant/resolve 200 in 3ms (next.js: 0.6ms, application-code: 3ms)
[rateLimit] Redis error, failing open: Error: Stream isn't writeable and enableOfflineQueue options is false
    at new Promise (<anonymous>)
    at checkRateLimit (src/lib/rateLimit.ts:57:39)
    at requireInternalAuth (src/lib/internalAuth.ts:92:25)
    at async GET (src/app/api/v1/tenant/resolve/route.ts:10:27)
  55 |
  56 |   try {
> 57 |     await getLimiter(pointsPerMinute).consume(companyId, 1);
     |                                       ^
  58 |   } catch (err) {
  59 |     // rate-limiter-flexible throws a RateLimiterRes (has msBeforeNext) when
  60 |     // the limit is actually exceeded; anything else (e.g. Redis down) is a
 GET /api/v1/tenant/resolve 200 in 3ms (next.js: 0.4ms, application-code: 2ms)
[rateLimit] Redis error, failing open: Error: Stream isn't writeable and enableOfflineQueue options is false
    at new Promise (<anonymous>)
    at checkRateLimit (src/lib/rateLimit.ts:57:39)
    at requireInternalAuth (src/lib/internalAuth.ts:92:25)
    at async GET (src/app/api/v1/portal-settings/[companyId]/route.ts:16:22)
  55 |
  56 |   try {
> 57 |     await getLimiter(pointsPerMinute).consume(companyId, 1);
     |                                       ^
  58 |   } catch (err) {
  59 |     // rate-limiter-flexible throws a RateLimiterRes (has msBeforeNext) when
  60 |     // the limit is actually exceeded; anything else (e.g. Redis down) is a
 GET /api/v1/portal-settings/cmtgb04gr000a0bv35evd9ya5 200 in 3ms (next.js: 0.4ms, application-code: 3ms)
[rateLimit] Redis connection error: 
[rateLimit] Redis connection error: 
[rateLimit] Redis connection error: 
[rateLimit] Redis connection error: 
[rateLimit] Redis connection error: 
[rateLimit] Redis connection error: 
[rateLimit] Redis error, failing open: Error: Stream isn't writeable and enableOfflineQueue options is false
    at new Promise (<anonymous>)
    at checkRateLimit (src/lib/rateLimit.ts:57:39)
    at requireInternalAuth (src/lib/internalAuth.ts:92:25)
    at async GET (src/app/api/v1/tenant/resolve/route.ts:10:27)
  55 |
  56 |   try {
> 57 |     await getLimiter(pointsPerMinute).consume(companyId, 1);
     |                                       ^
  58 |   } catch (err) {
  59 |     // rate-limiter-flexible throws a RateLimiterRes (has msBeforeNext) when
  60 |     // the limit is actually exceeded; anything else (e.g. Redis down) is a
 GET /api/v1/tenant/resolve 200 in 10ms (next.js: 2ms, application-code: 8ms)
[rateLimit] Redis error, failing open: Error: Stream isn't writeable and enableOfflineQueue options is false
    at new Promise (<anonymous>)
    at checkRateLimit (src/lib/rateLimit.ts:57:39)
    at requireInternalAuth (src/lib/internalAuth.ts:92:25)
    at async GET (src/app/api/v1/tenant/resolve/route.ts:10:27)
  55 |
  56 |   try {
> 57 |     await getLimiter(pointsPerMinute).consume(companyId, 1);
     |                                       ^
  58 |   } catch (err) {
  59 |     // rate-limiter-flexible throws a RateLimiterRes (has msBeforeNext) when
  60 |     // the limit is actually exceeded; anything else (e.g. Redis down) is a
 GET /api/v1/tenant/resolve 200 in 7ms (next.js: 1.4ms, application-code: 5ms)
[rateLimit] Redis error, failing open: Error: Stream isn't writeable and enableOfflineQueue options is false
    at new Promise (<anonymous>)
    at checkRateLimit (src/lib/rateLimit.ts:57:39)
    at requireInternalAuth (src/lib/internalAuth.ts:92:25)
    at async GET (src/app/api/v1/portal-settings/[companyId]/route.ts:16:22)
  55 |
  56 |   try {
> 57 |     await getLimiter(pointsPerMinute).consume(companyId, 1);
     |                                       ^
  58 |   } catch (err) {
  59 |     // rate-limiter-flexible throws a RateLimiterRes (has msBeforeNext) when
  60 |     // the limit is actually exceeded; anything else (e.g. Redis down) is a
 GET /api/v1/portal-settings/cmtgb040d00000bv3pa01rwb1 200 in 8ms (next.js: 2ms, application-code: 6ms)
[rateLimit] Redis error, failing open: Error: Stream isn't writeable and enableOfflineQueue options is false
    at new Promise (<anonymous>)
    at checkRateLimit (src/lib/rateLimit.ts:57:39)
    at requireInternalAuth (src/lib/internalAuth.ts:92:25)
    at async GET (src/app/api/v1/tenant/resolve/route.ts:10:27)
  55 |
  56 |   try {
> 57 |     await getLimiter(pointsPerMinute).consume(companyId, 1);
     |                                       ^
  58 |   } catch (err) {
  59 |     // rate-limiter-flexible throws a RateLimiterRes (has msBeforeNext) when
  60 |     // the limit is actually exceeded; anything else (e.g. Redis down) is a
 GET /api/v1/tenant/resolve 200 in 3ms (next.js: 0.6ms, application-code: 3ms)
[rateLimit] Redis error, failing open: Error: Stream isn't writeable and enableOfflineQueue options is false
    at new Promise (<anonymous>)
    at checkRateLimit (src/lib/rateLimit.ts:57:39)
    at requireInternalAuth (src/lib/internalAuth.ts:92:25)
    at async GET (src/app/api/v1/tenant/resolve/route.ts:10:27)
  55 |
  56 |   try {
> 57 |     await getLimiter(pointsPerMinute).consume(companyId, 1);
     |                                       ^
  58 |   } catch (err) {
  59 |     // rate-limiter-flexible throws a RateLimiterRes (has msBeforeNext) when
  60 |     // the limit is actually exceeded; anything else (e.g. Redis down) is a
 GET /api/v1/tenant/resolve 200 in 3ms (next.js: 0.5ms, application-code: 2ms)
[rateLimit] Redis error, failing open: Error: Stream isn't writeable and enableOfflineQueue options is false
    at new Promise (<anonymous>)
    at checkRateLimit (src/lib/rateLimit.ts:57:39)
    at requireInternalAuth (src/lib/internalAuth.ts:92:25)
    at async GET (src/app/api/v1/portal-settings/[companyId]/route.ts:16:22)
  55 |
  56 |   try {
> 57 |     await getLimiter(pointsPerMinute).consume(companyId, 1);
     |                                       ^
  58 |   } catch (err) {
  59 |     // rate-limiter-flexible throws a RateLimiterRes (has msBeforeNext) when
  60 |     // the limit is actually exceeded; anything else (e.g. Redis down) is a
 GET /api/v1/portal-settings/cmtgb04al00050bv3rt10npd9 200 in 4ms (next.js: 0.5ms, application-code: 3ms)
[rateLimit] Redis error, failing open: Error: Stream isn't writeable and enableOfflineQueue options is false
    at new Promise (<anonymous>)
    at checkRateLimit (src/lib/rateLimit.ts:57:39)
    at requireInternalAuth (src/lib/internalAuth.ts:92:25)
    at async GET (src/app/api/v1/tenant/resolve/route.ts:10:27)
  55 |
  56 |   try {
> 57 |     await getLimiter(pointsPerMinute).consume(companyId, 1);
     |                                       ^
  58 |   } catch (err) {
  59 |     // rate-limiter-flexible throws a RateLimiterRes (has msBeforeNext) when
  60 |     // the limit is actually exceeded; anything else (e.g. Redis down) is a
 GET /api/v1/tenant/resolve 200 in 3ms (next.js: 0.6ms, application-code: 2ms)
[rateLimit] Redis error, failing open: Error: Stream isn't writeable and enableOfflineQueue options is false
    at new Promise (<anonymous>)
    at checkRateLimit (src/lib/rateLimit.ts:57:39)
    at requireInternalAuth (src/lib/internalAuth.ts:92:25)
    at async GET (src/app/api/v1/tenant/resolve/route.ts:10:27)
  55 |
  56 |   try {
> 57 |     await getLimiter(pointsPerMinute).consume(companyId, 1);
     |                                       ^
  58 |   } catch (err) {
  59 |     // rate-limiter-flexible throws a RateLimiterRes (has msBeforeNext) when
  60 |     // the limit is actually exceeded; anything else (e.g. Redis down) is a
 GET /api/v1/tenant/resolve 200 in 3ms (next.js: 0.6ms, application-code: 2ms)
[rateLimit] Redis error, failing open: Error: Stream isn't writeable and enableOfflineQueue options is false
    at new Promise (<anonymous>)
    at checkRateLimit (src/lib/rateLimit.ts:57:39)
    at requireInternalAuth (src/lib/internalAuth.ts:92:25)
    at async GET (src/app/api/v1/portal-settings/[companyId]/route.ts:16:22)
  55 |
  56 |   try {
> 57 |     await getLimiter(pointsPerMinute).consume(companyId, 1);
     |                                       ^
  58 |   } catch (err) {
  59 |     // rate-limiter-flexible throws a RateLimiterRes (has msBeforeNext) when
  60 |     // the limit is actually exceeded; anything else (e.g. Redis down) is a
 GET /api/v1/portal-settings/cmtgb04gr000a0bv35evd9ya5 200 in 3ms (next.js: 0.4ms, application-code: 2ms)
[rateLimit] Redis connection error: 
[rateLimit] Redis connection error: 
[rateLimit] Redis connection error: 
[rateLimit] Redis connection error: 
[rateLimit] Redis connection error: 
[rateLimit] Redis connection error: 
[rateLimit] Redis error, failing open: Error: Stream isn't writeable and enableOfflineQueue options is false
    at new Promise (<anonymous>)
    at checkRateLimit (src/lib/rateLimit.ts:57:39)
    at requireInternalAuth (src/lib/internalAuth.ts:92:25)
    at async GET (src/app/api/v1/tenant/resolve/route.ts:10:27)
  55 |
  56 |   try {
> 57 |     await getLimiter(pointsPerMinute).consume(companyId, 1);
     |                                       ^
  58 |   } catch (err) {
  59 |     // rate-limiter-flexible throws a RateLimiterRes (has msBeforeNext) when
  60 |     // the limit is actually exceeded; anything else (e.g. Redis down) is a
 GET /api/v1/tenant/resolve 200 in 11ms (next.js: 2ms, application-code: 9ms)
[rateLimit] Redis error, failing open: Error: Stream isn't writeable and enableOfflineQueue options is false
    at new Promise (<anonymous>)
    at checkRateLimit (src/lib/rateLimit.ts:57:39)
    at requireInternalAuth (src/lib/internalAuth.ts:92:25)
    at async GET (src/app/api/v1/tenant/resolve/route.ts:10:27)
  55 |
  56 |   try {
> 57 |     await getLimiter(pointsPerMinute).consume(companyId, 1);
     |                                       ^
  58 |   } catch (err) {
  59 |     // rate-limiter-flexible throws a RateLimiterRes (has msBeforeNext) when
  60 |     // the limit is actually exceeded; anything else (e.g. Redis down) is a
 GET /api/v1/tenant/resolve 200 in 8ms (next.js: 1.7ms, application-code: 6ms)
[rateLimit] Redis error, failing open: Error: Stream isn't writeable and enableOfflineQueue options is false
    at new Promise (<anonymous>)
    at checkRateLimit (src/lib/rateLimit.ts:57:39)
    at requireInternalAuth (src/lib/internalAuth.ts:92:25)
    at async GET (src/app/api/v1/portal-settings/[companyId]/route.ts:16:22)
  55 |
  56 |   try {
> 57 |     await getLimiter(pointsPerMinute).consume(companyId, 1);
     |                                       ^
  58 |   } catch (err) {
  59 |     // rate-limiter-flexible throws a RateLimiterRes (has msBeforeNext) when
  60 |     // the limit is actually exceeded; anything else (e.g. Redis down) is a
 GET /api/v1/portal-settings/cmtgb040d00000bv3pa01rwb1 200 in 8ms (next.js: 3ms, application-code: 5ms)
[rateLimit] Redis error, failing open: Error: Stream isn't writeable and enableOfflineQueue options is false
    at new Promise (<anonymous>)
    at checkRateLimit (src/lib/rateLimit.ts:57:39)
    at requireInternalAuth (src/lib/internalAuth.ts:92:25)
    at async GET (src/app/api/v1/tenant/resolve/route.ts:10:27)
  55 |
  56 |   try {
> 57 |     await getLimiter(pointsPerMinute).consume(companyId, 1);
     |                                       ^
  58 |   } catch (err) {
  59 |     // rate-limiter-flexible throws a RateLimiterRes (has msBeforeNext) when
  60 |     // the limit is actually exceeded; anything else (e.g. Redis down) is a
 GET /api/v1/tenant/resolve 200 in 3ms (next.js: 0.6ms, application-code: 3ms)
[rateLimit] Redis error, failing open: Error: Stream isn't writeable and enableOfflineQueue options is false
    at new Promise (<anonymous>)
    at checkRateLimit (src/lib/rateLimit.ts:57:39)
    at requireInternalAuth (src/lib/internalAuth.ts:92:25)
    at async GET (src/app/api/v1/tenant/resolve/route.ts:10:27)
  55 |
  56 |   try {
> 57 |     await getLimiter(pointsPerMinute).consume(companyId, 1);
     |                                       ^
  58 |   } catch (err) {
  59 |     // rate-limiter-flexible throws a RateLimiterRes (has msBeforeNext) when
  60 |     // the limit is actually exceeded; anything else (e.g. Redis down) is a
 GET /api/v1/tenant/resolve 200 in 3ms (next.js: 0.5ms, application-code: 2ms)
[rateLimit] Redis error, failing open: Error: Stream isn't writeable and enableOfflineQueue options is false
    at new Promise (<anonymous>)
    at checkRateLimit (src/lib/rateLimit.ts:57:39)
    at requireInternalAuth (src/lib/internalAuth.ts:92:25)
    at async GET (src/app/api/v1/portal-settings/[companyId]/route.ts:16:22)
  55 |
  56 |   try {
> 57 |     await getLimiter(pointsPerMinute).consume(companyId, 1);
     |                                       ^
  58 |   } catch (err) {
  59 |     // rate-limiter-flexible throws a RateLimiterRes (has msBeforeNext) when
  60 |     // the limit is actually exceeded; anything else (e.g. Redis down) is a
 GET /api/v1/portal-settings/cmtgb04al00050bv3rt10npd9 200 in 3ms (next.js: 0.5ms, application-code: 3ms)
[rateLimit] Redis error, failing open: Error: Stream isn't writeable and enableOfflineQueue options is false
    at new Promise (<anonymous>)
    at checkRateLimit (src/lib/rateLimit.ts:57:39)
    at requireInternalAuth (src/lib/internalAuth.ts:92:25)
    at async GET (src/app/api/v1/tenant/resolve/route.ts:10:27)
  55 |
  56 |   try {
> 57 |     await getLimiter(pointsPerMinute).consume(companyId, 1);
     |                                       ^
  58 |   } catch (err) {
  59 |     // rate-limiter-flexible throws a RateLimiterRes (has msBeforeNext) when
  60 |     // the limit is actually exceeded; anything else (e.g. Redis down) is a
 GET /api/v1/tenant/resolve 200 in 3ms (next.js: 0.6ms, application-code: 3ms)
[rateLimit] Redis error, failing open: Error: Stream isn't writeable and enableOfflineQueue options is false
    at new Promise (<anonymous>)
    at checkRateLimit (src/lib/rateLimit.ts:57:39)
    at requireInternalAuth (src/lib/internalAuth.ts:92:25)
    at async GET (src/app/api/v1/tenant/resolve/route.ts:10:27)
  55 |
  56 |   try {
> 57 |     await getLimiter(pointsPerMinute).consume(companyId, 1);
     |                                       ^
  58 |   } catch (err) {
  59 |     // rate-limiter-flexible throws a RateLimiterRes (has msBeforeNext) when
  60 |     // the limit is actually exceeded; anything else (e.g. Redis down) is a
 GET /api/v1/tenant/resolve 200 in 2ms (next.js: 0.4ms, application-code: 2ms)
[rateLimit] Redis error, failing open: Error: Stream isn't writeable and enableOfflineQueue options is false
    at new Promise (<anonymous>)
    at checkRateLimit (src/lib/rateLimit.ts:57:39)
    at requireInternalAuth (src/lib/internalAuth.ts:92:25)
    at async GET (src/app/api/v1/portal-settings/[companyId]/route.ts:16:22)
  55 |
  56 |   try {
> 57 |     await getLimiter(pointsPerMinute).consume(companyId, 1);
     |                                       ^
  58 |   } catch (err) {
  59 |     // rate-limiter-flexible throws a RateLimiterRes (has msBeforeNext) when
  60 |     // the limit is actually exceeded; anything else (e.g. Redis down) is a
 GET /api/v1/portal-settings/cmtgb04gr000a0bv35evd9ya5 200 in 4ms (next.js: 0.6ms, application-code: 3ms)
[rateLimit] Redis connection error: 
[rateLimit] Redis connection error: 
[rateLimit] Redis connection error: 
[rateLimit] Redis connection error: 
[rateLimit] Redis connection error: 
[rateLimit] Redis error, failing open: Error: Stream isn't writeable and enableOfflineQueue options is false
    at new Promise (<anonymous>)
    at checkRateLimit (src/lib/rateLimit.ts:57:39)
    at requireInternalAuth (src/lib/internalAuth.ts:92:25)
    at async GET (src/app/api/v1/tenant/resolve/route.ts:10:27)
  55 |
  56 |   try {
> 57 |     await getLimiter(pointsPerMinute).consume(companyId, 1);
     |                                       ^
  58 |   } catch (err) {
  59 |     // rate-limiter-flexible throws a RateLimiterRes (has msBeforeNext) when
  60 |     // the limit is actually exceeded; anything else (e.g. Redis down) is a
 GET /api/v1/tenant/resolve 200 in 12ms (next.js: 2ms, application-code: 10ms)
[rateLimit] Redis error, failing open: Error: Stream isn't writeable and enableOfflineQueue options is false
    at new Promise (<anonymous>)
    at checkRateLimit (src/lib/rateLimit.ts:57:39)
    at requireInternalAuth (src/lib/internalAuth.ts:92:25)
    at async GET (src/app/api/v1/tenant/resolve/route.ts:10:27)
  55 |
  56 |   try {
> 57 |     await getLimiter(pointsPerMinute).consume(companyId, 1);
     |                                       ^
  58 |   } catch (err) {
  59 |     // rate-limiter-flexible throws a RateLimiterRes (has msBeforeNext) when
  60 |     // the limit is actually exceeded; anything else (e.g. Redis down) is a
 GET /api/v1/tenant/resolve 200 in 6ms (next.js: 1.3ms, application-code: 5ms)
[rateLimit] Redis error, failing open: Error: Stream isn't writeable and enableOfflineQueue options is false
    at new Promise (<anonymous>)
    at checkRateLimit (src/lib/rateLimit.ts:57:39)
    at requireInternalAuth (src/lib/internalAuth.ts:92:25)
    at async GET (src/app/api/v1/portal-settings/[companyId]/route.ts:16:22)
  55 |
  56 |   try {
> 57 |     await getLimiter(pointsPerMinute).consume(companyId, 1);
     |                                       ^
  58 |   } catch (err) {
  59 |     // rate-limiter-flexible throws a RateLimiterRes (has msBeforeNext) when
  60 |     // the limit is actually exceeded; anything else (e.g. Redis down) is a
 GET /api/v1/portal-settings/cmtgb040d00000bv3pa01rwb1 200 in 8ms (next.js: 3ms, application-code: 5ms)
[rateLimit] Redis error, failing open: Error: Stream isn't writeable and enableOfflineQueue options is false
    at new Promise (<anonymous>)
    at checkRateLimit (src/lib/rateLimit.ts:57:39)
    at requireInternalAuth (src/lib/internalAuth.ts:92:25)
    at async GET (src/app/api/v1/tenant/resolve/route.ts:10:27)
  55 |
  56 |   try {
> 57 |     await getLimiter(pointsPerMinute).consume(companyId, 1);
     |                                       ^
  58 |   } catch (err) {
  59 |     // rate-limiter-flexible throws a RateLimiterRes (has msBeforeNext) when
  60 |     // the limit is actually exceeded; anything else (e.g. Redis down) is a
 GET /api/v1/tenant/resolve 200 in 3ms (next.js: 0.8ms, application-code: 3ms)
[rateLimit] Redis error, failing open: Error: Stream isn't writeable and enableOfflineQueue options is false
    at new Promise (<anonymous>)
    at checkRateLimit (src/lib/rateLimit.ts:57:39)
    at requireInternalAuth (src/lib/internalAuth.ts:92:25)
    at async GET (src/app/api/v1/tenant/resolve/route.ts:10:27)
  55 |
  56 |   try {
> 57 |     await getLimiter(pointsPerMinute).consume(companyId, 1);
     |                                       ^
  58 |   } catch (err) {
  59 |     // rate-limiter-flexible throws a RateLimiterRes (has msBeforeNext) when
  60 |     // the limit is actually exceeded; anything else (e.g. Redis down) is a
 GET /api/v1/tenant/resolve 200 in 3ms (next.js: 0.4ms, application-code: 2ms)
[rateLimit] Redis error, failing open: Error: Stream isn't writeable and enableOfflineQueue options is false
    at new Promise (<anonymous>)
    at checkRateLimit (src/lib/rateLimit.ts:57:39)
    at requireInternalAuth (src/lib/internalAuth.ts:92:25)
    at async GET (src/app/api/v1/portal-settings/[companyId]/route.ts:16:22)
  55 |
  56 |   try {
> 57 |     await getLimiter(pointsPerMinute).consume(companyId, 1);
     |                                       ^
  58 |   } catch (err) {
  59 |     // rate-limiter-flexible throws a RateLimiterRes (has msBeforeNext) when
  60 |     // the limit is actually exceeded; anything else (e.g. Redis down) is a
 GET /api/v1/portal-settings/cmtgb04al00050bv3rt10npd9 200 in 4ms (next.js: 0.5ms, application-code: 3ms)
[rateLimit] Redis error, failing open: Error: Stream isn't writeable and enableOfflineQueue options is false
    at new Promise (<anonymous>)
    at checkRateLimit (src/lib/rateLimit.ts:57:39)
    at requireInternalAuth (src/lib/internalAuth.ts:92:25)
    at async GET (src/app/api/v1/tenant/resolve/route.ts:10:27)
  55 |
  56 |   try {
> 57 |     await getLimiter(pointsPerMinute).consume(companyId, 1);
     |                                       ^
  58 |   } catch (err) {
  59 |     // rate-limiter-flexible throws a RateLimiterRes (has msBeforeNext) when
  60 |     // the limit is actually exceeded; anything else (e.g. Redis down) is a
 GET /api/v1/tenant/resolve 200 in 3ms (next.js: 0.7ms, application-code: 3ms)
[rateLimit] Redis error, failing open: Error: Stream isn't writeable and enableOfflineQueue options is false
    at new Promise (<anonymous>)
    at checkRateLimit (src/lib/rateLimit.ts:57:39)
    at requireInternalAuth (src/lib/internalAuth.ts:92:25)
    at async GET (src/app/api/v1/tenant/resolve/route.ts:10:27)
  55 |
  56 |   try {
> 57 |     await getLimiter(pointsPerMinute).consume(companyId, 1);
     |                                       ^
  58 |   } catch (err) {
  59 |     // rate-limiter-flexible throws a RateLimiterRes (has msBeforeNext) when
  60 |     // the limit is actually exceeded; anything else (e.g. Redis down) is a
 GET /api/v1/tenant/resolve 200 in 2ms (next.js: 0.5ms, application-code: 2ms)
[rateLimit] Redis error, failing open: Error: Stream isn't writeable and enableOfflineQueue options is false
    at new Promise (<anonymous>)
    at checkRateLimit (src/lib/rateLimit.ts:57:39)
    at requireInternalAuth (src/lib/internalAuth.ts:92:25)
    at async GET (src/app/api/v1/portal-settings/[companyId]/route.ts:16:22)
  55 |
  56 |   try {
> 57 |     await getLimiter(pointsPerMinute).consume(companyId, 1);
     |                                       ^
  58 |   } catch (err) {
  59 |     // rate-limiter-flexible throws a RateLimiterRes (has msBeforeNext) when
  60 |     // the limit is actually exceeded; anything else (e.g. Redis down) is a
 GET /api/v1/portal-settings/cmtgb04gr000a0bv35evd9ya5 200 in 3ms (next.js: 0.4ms, application-code: 3ms)
[rateLimit] Redis connection error: 
[rateLimit] Redis connection error: 
[rateLimit] Redis connection error: 
[rateLimit] Redis connection error: 
[rateLimit] Redis connection error: 
[rateLimit] Redis connection error: 
[rateLimit] Redis error, failing open: Error: Stream isn't writeable and enableOfflineQueue options is false
    at new Promise (<anonymous>)
    at checkRateLimit (src/lib/rateLimit.ts:57:39)
    at requireInternalAuth (src/lib/internalAuth.ts:92:25)
    at async GET (src/app/api/v1/tenant/api-key/route.ts:13:44)
  55 |
  56 |   try {
> 57 |     await getLimiter(pointsPerMinute).consume(companyId, 1);
     |                                       ^
  58 |   } catch (err) {
  59 |     // rate-limiter-flexible throws a RateLimiterRes (has msBeforeNext) when
  60 |     // the limit is actually exceeded; anything else (e.g. Redis down) is a
 GET /api/v1/tenant/api-key 200 in 16ms (next.js: 4ms, application-code: 12ms)
[rateLimit] Redis error, failing open: Error: Stream isn't writeable and enableOfflineQueue options is false
    at new Promise (<anonymous>)
    at checkRateLimit (src/lib/rateLimit.ts:57:39)
    at requireInternalAuth (src/lib/internalAuth.ts:92:25)
    at async GET (src/app/api/v1/tenant/resolve/route.ts:10:27)
  55 |
  56 |   try {
> 57 |     await getLimiter(pointsPerMinute).consume(companyId, 1);
     |                                       ^
  58 |   } catch (err) {
  59 |     // rate-limiter-flexible throws a RateLimiterRes (has msBeforeNext) when
  60 |     // the limit is actually exceeded; anything else (e.g. Redis down) is a
 GET /api/v1/tenant/resolve 200 in 7ms (next.js: 1.6ms, application-code: 5ms)
[rateLimit] Redis error, failing open: Error: Stream isn't writeable and enableOfflineQueue options is false
    at new Promise (<anonymous>)
    at checkRateLimit (src/lib/rateLimit.ts:57:39)
    at requireInternalAuth (src/lib/internalAuth.ts:92:25)
    at async GET (src/app/api/v1/tenant/resolve/route.ts:10:27)
  55 |
  56 |   try {
> 57 |     await getLimiter(pointsPerMinute).consume(companyId, 1);
     |                                       ^
  58 |   } catch (err) {
  59 |     // rate-limiter-flexible throws a RateLimiterRes (has msBeforeNext) when
  60 |     // the limit is actually exceeded; anything else (e.g. Redis down) is a
 GET /api/v1/tenant/resolve 200 in 5ms (next.js: 1.0ms, application-code: 4ms)
[rateLimit] Redis error, failing open: Error: Stream isn't writeable and enableOfflineQueue options is false
    at new Promise (<anonymous>)
    at checkRateLimit (src/lib/rateLimit.ts:57:39)
    at requireInternalAuth (src/lib/internalAuth.ts:92:25)
    at async GET (src/app/api/v1/portal-settings/[companyId]/route.ts:16:22)
  55 |
  56 |   try {
> 57 |     await getLimiter(pointsPerMinute).consume(companyId, 1);
     |                                       ^
  58 |   } catch (err) {
  59 |     // rate-limiter-flexible throws a RateLimiterRes (has msBeforeNext) when
  60 |     // the limit is actually exceeded; anything else (e.g. Redis down) is a
 GET /api/v1/portal-settings/cmtgb040d00000bv3pa01rwb1 200 in 9ms (next.js: 3ms, application-code: 7ms)
[rateLimit] Redis error, failing open: Error: Stream isn't writeable and enableOfflineQueue options is false
    at new Promise (<anonymous>)
    at checkRateLimit (src/lib/rateLimit.ts:57:39)
    at requireInternalAuth (src/lib/internalAuth.ts:92:25)
    at async GET (src/app/api/v1/tenant/api-key/route.ts:13:44)
  55 |
  56 |   try {
> 57 |     await getLimiter(pointsPerMinute).consume(companyId, 1);
     |                                       ^
  58 |   } catch (err) {
  59 |     // rate-limiter-flexible throws a RateLimiterRes (has msBeforeNext) when
  60 |     // the limit is actually exceeded; anything else (e.g. Redis down) is a
 GET /api/v1/tenant/api-key 200 in 5ms (next.js: 0.7ms, application-code: 4ms)
[rateLimit] Redis error, failing open: Error: Stream isn't writeable and enableOfflineQueue options is false
    at new Promise (<anonymous>)
    at checkRateLimit (src/lib/rateLimit.ts:57:39)
    at requireInternalAuth (src/lib/internalAuth.ts:92:25)
    at async GET (src/app/api/v1/tenant/resolve/route.ts:10:27)
  55 |
  56 |   try {
> 57 |     await getLimiter(pointsPerMinute).consume(companyId, 1);
     |                                       ^
  58 |   } catch (err) {
  59 |     // rate-limiter-flexible throws a RateLimiterRes (has msBeforeNext) when
  60 |     // the limit is actually exceeded; anything else (e.g. Redis down) is a
 GET /api/v1/tenant/resolve 200 in 3ms (next.js: 0.6ms, application-code: 3ms)
[rateLimit] Redis error, failing open: Error: Stream isn't writeable and enableOfflineQueue options is false
    at new Promise (<anonymous>)
    at checkRateLimit (src/lib/rateLimit.ts:57:39)
    at requireInternalAuth (src/lib/internalAuth.ts:92:25)
    at async GET (src/app/api/v1/tenant/resolve/route.ts:10:27)
  55 |
  56 |   try {
> 57 |     await getLimiter(pointsPerMinute).consume(companyId, 1);
     |                                       ^
  58 |   } catch (err) {
  59 |     // rate-limiter-flexible throws a RateLimiterRes (has msBeforeNext) when
  60 |     // the limit is actually exceeded; anything else (e.g. Redis down) is a
 GET /api/v1/tenant/resolve 200 in 2ms (next.js: 0.4ms, application-code: 2ms)
[rateLimit] Redis error, failing open: Error: Stream isn't writeable and enableOfflineQueue options is false
    at new Promise (<anonymous>)
    at checkRateLimit (src/lib/rateLimit.ts:57:39)
    at requireInternalAuth (src/lib/internalAuth.ts:92:25)
    at async GET (src/app/api/v1/portal-settings/[companyId]/route.ts:16:22)
  55 |
  56 |   try {
> 57 |     await getLimiter(pointsPerMinute).consume(companyId, 1);
     |                                       ^
  58 |   } catch (err) {
  59 |     // rate-limiter-flexible throws a RateLimiterRes (has msBeforeNext) when
  60 |     // the limit is actually exceeded; anything else (e.g. Redis down) is a
 GET /api/v1/portal-settings/cmtgb04al00050bv3rt10npd9 200 in 3ms (next.js: 0.4ms, application-code: 2ms)
[rateLimit] Redis error, failing open: Error: Stream isn't writeable and enableOfflineQueue options is false
    at new Promise (<anonymous>)
    at checkRateLimit (src/lib/rateLimit.ts:57:39)
    at requireInternalAuth (src/lib/internalAuth.ts:92:25)
    at async GET (src/app/api/v1/tenant/api-key/route.ts:13:44)
  55 |
  56 |   try {
> 57 |     await getLimiter(pointsPerMinute).consume(companyId, 1);
     |                                       ^
  58 |   } catch (err) {
  59 |     // rate-limiter-flexible throws a RateLimiterRes (has msBeforeNext) when
  60 |     // the limit is actually exceeded; anything else (e.g. Redis down) is a
 GET /api/v1/tenant/api-key 200 in 4ms (next.js: 0.6ms, application-code: 3ms)
[rateLimit] Redis error, failing open: Error: Stream isn't writeable and enableOfflineQueue options is false
    at new Promise (<anonymous>)
    at checkRateLimit (src/lib/rateLimit.ts:57:39)
    at requireInternalAuth (src/lib/internalAuth.ts:92:25)
    at async GET (src/app/api/v1/tenant/resolve/route.ts:10:27)
  55 |
  56 |   try {
> 57 |     await getLimiter(pointsPerMinute).consume(companyId, 1);
     |                                       ^
  58 |   } catch (err) {
  59 |     // rate-limiter-flexible throws a RateLimiterRes (has msBeforeNext) when
  60 |     // the limit is actually exceeded; anything else (e.g. Redis down) is a
 GET /api/v1/tenant/resolve 200 in 3ms (next.js: 0.5ms, application-code: 3ms)
[rateLimit] Redis error, failing open: Error: Stream isn't writeable and enableOfflineQueue options is false
    at new Promise (<anonymous>)
    at checkRateLimit (src/lib/rateLimit.ts:57:39)
    at requireInternalAuth (src/lib/internalAuth.ts:92:25)
    at async GET (src/app/api/v1/tenant/resolve/route.ts:10:27)
  55 |
  56 |   try {
> 57 |     await getLimiter(pointsPerMinute).consume(companyId, 1);
     |                                       ^
  58 |   } catch (err) {
  59 |     // rate-limiter-flexible throws a RateLimiterRes (has msBeforeNext) when
  60 |     // the limit is actually exceeded; anything else (e.g. Redis down) is a
 GET /api/v1/tenant/resolve 200 in 3ms (next.js: 0.5ms, application-code: 2ms)
[rateLimit] Redis error, failing open: Error: Stream isn't writeable and enableOfflineQueue options is false
    at new Promise (<anonymous>)
    at checkRateLimit (src/lib/rateLimit.ts:57:39)
    at requireInternalAuth (src/lib/internalAuth.ts:92:25)
    at async GET (src/app/api/v1/portal-settings/[companyId]/route.ts:16:22)
  55 |
  56 |   try {
> 57 |     await getLimiter(pointsPerMinute).consume(companyId, 1);
     |                                       ^
  58 |   } catch (err) {
  59 |     // rate-limiter-flexible throws a RateLimiterRes (has msBeforeNext) when
  60 |     // the limit is actually exceeded; anything else (e.g. Redis down) is a
 GET /api/v1/portal-settings/cmtgb04gr000a0bv35evd9ya5 200 in 4ms (next.js: 0.5ms, application-code: 3ms)
[rateLimit] Redis connection error: 
[rateLimit] Redis connection error: 
[rateLimit] Redis connection error: 
[rateLimit] Redis connection error: 
[rateLimit] Redis connection error: 
[rateLimit] Redis connection error: 
[rateLimit] Redis error, failing open: Error: Stream isn't writeable and enableOfflineQueue options is false
    at new Promise (<anonymous>)
    at checkRateLimit (src/lib/rateLimit.ts:57:39)
    at requireInternalAuth (src/lib/internalAuth.ts:92:25)
    at async GET (src/app/api/v1/tenant/resolve/route.ts:10:27)
  55 |
  56 |   try {
> 57 |     await getLimiter(pointsPerMinute).consume(companyId, 1);
     |                                       ^
  58 |   } catch (err) {
  59 |     // rate-limiter-flexible throws a RateLimiterRes (has msBeforeNext) when
  60 |     // the limit is actually exceeded; anything else (e.g. Redis down) is a
 GET /api/v1/tenant/resolve 200 in 12ms (next.js: 2ms, application-code: 9ms)
[rateLimit] Redis error, failing open: Error: Stream isn't writeable and enableOfflineQueue options is false
    at new Promise (<anonymous>)
    at checkRateLimit (src/lib/rateLimit.ts:57:39)
    at requireInternalAuth (src/lib/internalAuth.ts:92:25)
    at async GET (src/app/api/v1/tenant/resolve/route.ts:10:27)
  55 |
  56 |   try {
> 57 |     await getLimiter(pointsPerMinute).consume(companyId, 1);
     |                                       ^
  58 |   } catch (err) {
  59 |     // rate-limiter-flexible throws a RateLimiterRes (has msBeforeNext) when
  60 |     // the limit is actually exceeded; anything else (e.g. Redis down) is a
 GET /api/v1/tenant/resolve 200 in 8ms (next.js: 1.3ms, application-code: 6ms)
[rateLimit] Redis error, failing open: Error: Stream isn't writeable and enableOfflineQueue options is false
    at new Promise (<anonymous>)
    at checkRateLimit (src/lib/rateLimit.ts:57:39)
    at requireInternalAuth (src/lib/internalAuth.ts:92:25)
    at async GET (src/app/api/v1/portal-settings/[companyId]/route.ts:16:22)
  55 |
  56 |   try {
> 57 |     await getLimiter(pointsPerMinute).consume(companyId, 1);
     |                                       ^
  58 |   } catch (err) {
  59 |     // rate-limiter-flexible throws a RateLimiterRes (has msBeforeNext) when
  60 |     // the limit is actually exceeded; anything else (e.g. Redis down) is a
 GET /api/v1/portal-settings/cmtgb040d00000bv3pa01rwb1 200 in 9ms (next.js: 3ms, application-code: 6ms)
[rateLimit] Redis error, failing open: Error: Stream isn't writeable and enableOfflineQueue options is false
    at new Promise (<anonymous>)
    at checkRateLimit (src/lib/rateLimit.ts:57:39)
    at requireInternalAuth (src/lib/internalAuth.ts:92:25)
    at async GET (src/app/api/v1/tenant/resolve/route.ts:10:27)
  55 |
  56 |   try {
> 57 |     await getLimiter(pointsPerMinute).consume(companyId, 1);
     |                                       ^
  58 |   } catch (err) {
  59 |     // rate-limiter-flexible throws a RateLimiterRes (has msBeforeNext) when
  60 |     // the limit is actually exceeded; anything else (e.g. Redis down) is a
 GET /api/v1/tenant/resolve 200 in 3ms (next.js: 0.6ms, application-code: 3ms)
[rateLimit] Redis error, failing open: Error: Stream isn't writeable and enableOfflineQueue options is false
    at new Promise (<anonymous>)
    at checkRateLimit (src/lib/rateLimit.ts:57:39)
    at requireInternalAuth (src/lib/internalAuth.ts:92:25)
    at async GET (src/app/api/v1/tenant/resolve/route.ts:10:27)
  55 |
  56 |   try {
> 57 |     await getLimiter(pointsPerMinute).consume(companyId, 1);
     |                                       ^
  58 |   } catch (err) {
  59 |     // rate-limiter-flexible throws a RateLimiterRes (has msBeforeNext) when
  60 |     // the limit is actually exceeded; anything else (e.g. Redis down) is a
 GET /api/v1/tenant/resolve 200 in 3ms (next.js: 0.5ms, application-code: 3ms)
[rateLimit] Redis error, failing open: Error: Stream isn't writeable and enableOfflineQueue options is false
    at new Promise (<anonymous>)
    at checkRateLimit (src/lib/rateLimit.ts:57:39)
    at requireInternalAuth (src/lib/internalAuth.ts:92:25)
    at async GET (src/app/api/v1/portal-settings/[companyId]/route.ts:16:22)
  55 |
  56 |   try {
> 57 |     await getLimiter(pointsPerMinute).consume(companyId, 1);
     |                                       ^
  58 |   } catch (err) {
  59 |     // rate-limiter-flexible throws a RateLimiterRes (has msBeforeNext) when
  60 |     // the limit is actually exceeded; anything else (e.g. Redis down) is a
 GET /api/v1/portal-settings/cmtgb04al00050bv3rt10npd9 200 in 4ms (next.js: 0.5ms, application-code: 3ms)
[rateLimit] Redis error, failing open: Error: Stream isn't writeable and enableOfflineQueue options is false
    at new Promise (<anonymous>)
    at checkRateLimit (src/lib/rateLimit.ts:57:39)
    at requireInternalAuth (src/lib/internalAuth.ts:92:25)
    at async GET (src/app/api/v1/tenant/resolve/route.ts:10:27)
  55 |
  56 |   try {
> 57 |     await getLimiter(pointsPerMinute).consume(companyId, 1);
     |                                       ^
  58 |   } catch (err) {
  59 |     // rate-limiter-flexible throws a RateLimiterRes (has msBeforeNext) when
  60 |     // the limit is actually exceeded; anything else (e.g. Redis down) is a
 GET /api/v1/tenant/resolve 200 in 3ms (next.js: 0.5ms, application-code: 3ms)
[rateLimit] Redis error, failing open: Error: Stream isn't writeable and enableOfflineQueue options is false
    at new Promise (<anonymous>)
    at checkRateLimit (src/lib/rateLimit.ts:57:39)
    at requireInternalAuth (src/lib/internalAuth.ts:92:25)
    at async GET (src/app/api/v1/tenant/resolve/route.ts:10:27)
  55 |
  56 |   try {
> 57 |     await getLimiter(pointsPerMinute).consume(companyId, 1);
     |                                       ^
  58 |   } catch (err) {
  59 |     // rate-limiter-flexible throws a RateLimiterRes (has msBeforeNext) when
  60 |     // the limit is actually exceeded; anything else (e.g. Redis down) is a
 GET /api/v1/tenant/resolve 200 in 3ms (next.js: 0.5ms, application-code: 2ms)
[rateLimit] Redis error, failing open: Error: Stream isn't writeable and enableOfflineQueue options is false
    at new Promise (<anonymous>)
    at checkRateLimit (src/lib/rateLimit.ts:57:39)
    at requireInternalAuth (src/lib/internalAuth.ts:92:25)
    at async GET (src/app/api/v1/portal-settings/[companyId]/route.ts:16:22)
  55 |
  56 |   try {
> 57 |     await getLimiter(pointsPerMinute).consume(companyId, 1);
     |                                       ^
  58 |   } catch (err) {
  59 |     // rate-limiter-flexible throws a RateLimiterRes (has msBeforeNext) when
  60 |     // the limit is actually exceeded; anything else (e.g. Redis down) is a
 GET /api/v1/portal-settings/cmtgb04gr000a0bv35evd9ya5 200 in 3ms (next.js: 0.5ms, application-code: 3ms)
[rateLimit] Redis connection error: 
[rateLimit] Redis connection error: 
[rateLimit] Redis connection error: 
[rateLimit] Redis connection error: 
[rateLimit] Redis connection error: 
[rateLimit] Redis connection error: 
[rateLimit] Redis error, failing open: Error: Stream isn't writeable and enableOfflineQueue options is false
    at new Promise (<anonymous>)
    at checkRateLimit (src/lib/rateLimit.ts:57:39)
    at requireInternalAuth (src/lib/internalAuth.ts:92:25)
    at async GET (src/app/api/v1/tenant/resolve/route.ts:10:27)
  55 |
  56 |   try {
> 57 |     await getLimiter(pointsPerMinute).consume(companyId, 1);
     |                                       ^
  58 |   } catch (err) {
  59 |     // rate-limiter-flexible throws a RateLimiterRes (has msBeforeNext) when
  60 |     // the limit is actually exceeded; anything else (e.g. Redis down) is a
 GET /api/v1/tenant/resolve 200 in 15ms (next.js: 1.7ms, application-code: 13ms)
[rateLimit] Redis error, failing open: Error: Stream isn't writeable and enableOfflineQueue options is false
    at new Promise (<anonymous>)
    at checkRateLimit (src/lib/rateLimit.ts:57:39)
    at requireInternalAuth (src/lib/internalAuth.ts:92:25)
    at async GET (src/app/api/v1/tenant/resolve/route.ts:10:27)
  55 |
  56 |   try {
> 57 |     await getLimiter(pointsPerMinute).consume(companyId, 1);
     |                                       ^
  58 |   } catch (err) {
  59 |     // rate-limiter-flexible throws a RateLimiterRes (has msBeforeNext) when
  60 |     // the limit is actually exceeded; anything else (e.g. Redis down) is a
 GET /api/v1/tenant/resolve 200 in 3ms (next.js: 0.6ms, application-code: 2ms)
[rateLimit] Redis error, failing open: Error: Stream isn't writeable and enableOfflineQueue options is false
    at new Promise (<anonymous>)
    at checkRateLimit (src/lib/rateLimit.ts:57:39)
    at requireInternalAuth (src/lib/internalAuth.ts:92:25)
    at async GET (src/app/api/v1/portal-settings/[companyId]/route.ts:16:22)
  55 |
  56 |   try {
> 57 |     await getLimiter(pointsPerMinute).consume(companyId, 1);
     |                                       ^
  58 |   } catch (err) {
  59 |     // rate-limiter-flexible throws a RateLimiterRes (has msBeforeNext) when
  60 |     // the limit is actually exceeded; anything else (e.g. Redis down) is a
 GET /api/v1/portal-settings/cmtgb040d00000bv3pa01rwb1 200 in 7ms (next.js: 1.6ms, application-code: 5ms)
[rateLimit] Redis error, failing open: Error: Stream isn't writeable and enableOfflineQueue options is false
    at new Promise (<anonymous>)
    at checkRateLimit (src/lib/rateLimit.ts:57:39)
    at requireInternalAuth (src/lib/internalAuth.ts:92:25)
    at async GET (src/app/api/v1/tenant/resolve/route.ts:10:27)
  55 |
  56 |   try {
> 57 |     await getLimiter(pointsPerMinute).consume(companyId, 1);
     |                                       ^
  58 |   } catch (err) {
  59 |     // rate-limiter-flexible throws a RateLimiterRes (has msBeforeNext) when
  60 |     // the limit is actually exceeded; anything else (e.g. Redis down) is a
 GET /api/v1/tenant/resolve 200 in 3ms (next.js: 0.6ms, application-code: 2ms)
[rateLimit] Redis error, failing open: Error: Stream isn't writeable and enableOfflineQueue options is false
    at new Promise (<anonymous>)
    at checkRateLimit (src/lib/rateLimit.ts:57:39)
    at requireInternalAuth (src/lib/internalAuth.ts:92:25)
    at async GET (src/app/api/v1/tenant/resolve/route.ts:10:27)
  55 |
  56 |   try {
> 57 |     await getLimiter(pointsPerMinute).consume(companyId, 1);
     |                                       ^
  58 |   } catch (err) {
  59 |     // rate-limiter-flexible throws a RateLimiterRes (has msBeforeNext) when
  60 |     // the limit is actually exceeded; anything else (e.g. Redis down) is a
 GET /api/v1/tenant/resolve 200 in 3ms (next.js: 0.5ms, application-code: 2ms)
[rateLimit] Redis error, failing open: Error: Stream isn't writeable and enableOfflineQueue options is false
    at new Promise (<anonymous>)
    at checkRateLimit (src/lib/rateLimit.ts:57:39)
    at requireInternalAuth (src/lib/internalAuth.ts:92:25)
    at async GET (src/app/api/v1/portal-settings/[companyId]/route.ts:16:22)
  55 |
  56 |   try {
> 57 |     await getLimiter(pointsPerMinute).consume(companyId, 1);
     |                                       ^
  58 |   } catch (err) {
  59 |     // rate-limiter-flexible throws a RateLimiterRes (has msBeforeNext) when
  60 |     // the limit is actually exceeded; anything else (e.g. Redis down) is a
 GET /api/v1/portal-settings/cmtgb04al00050bv3rt10npd9 200 in 3ms (next.js: 0.4ms, application-code: 3ms)
[rateLimit] Redis error, failing open: Error: Stream isn't writeable and enableOfflineQueue options is false
    at new Promise (<anonymous>)
    at checkRateLimit (src/lib/rateLimit.ts:57:39)
    at requireInternalAuth (src/lib/internalAuth.ts:92:25)
    at async GET (src/app/api/v1/tenant/resolve/route.ts:10:27)
  55 |
  56 |   try {
> 57 |     await getLimiter(pointsPerMinute).consume(companyId, 1);
     |                                       ^
  58 |   } catch (err) {
  59 |     // rate-limiter-flexible throws a RateLimiterRes (has msBeforeNext) when
  60 |     // the limit is actually exceeded; anything else (e.g. Redis down) is a
 GET /api/v1/tenant/resolve 200 in 3ms (next.js: 0.6ms, application-code: 3ms)
[rateLimit] Redis error, failing open: Error: Stream isn't writeable and enableOfflineQueue options is false
    at new Promise (<anonymous>)
    at checkRateLimit (src/lib/rateLimit.ts:57:39)
    at requireInternalAuth (src/lib/internalAuth.ts:92:25)
    at async GET (src/app/api/v1/tenant/resolve/route.ts:10:27)
  55 |
  56 |   try {
> 57 |     await getLimiter(pointsPerMinute).consume(companyId, 1);
     |                                       ^
  58 |   } catch (err) {
  59 |     // rate-limiter-flexible throws a RateLimiterRes (has msBeforeNext) when
  60 |     // the limit is actually exceeded; anything else (e.g. Redis down) is a
 GET /api/v1/tenant/resolve 200 in 3ms (next.js: 0.5ms, application-code: 2ms)
[rateLimit] Redis error, failing open: Error: Stream isn't writeable and enableOfflineQueue options is false
    at new Promise (<anonymous>)
    at checkRateLimit (src/lib/rateLimit.ts:57:39)
    at requireInternalAuth (src/lib/internalAuth.ts:92:25)
    at async GET (src/app/api/v1/portal-settings/[companyId]/route.ts:16:22)
  55 |
  56 |   try {
> 57 |     await getLimiter(pointsPerMinute).consume(companyId, 1);
     |                                       ^
  58 |   } catch (err) {
  59 |     // rate-limiter-flexible throws a RateLimiterRes (has msBeforeNext) when
  60 |     // the limit is actually exceeded; anything else (e.g. Redis down) is a
 GET /api/v1/portal-settings/cmtgb04gr000a0bv35evd9ya5 200 in 3ms (next.js: 0.4ms, application-code: 3ms)
[rateLimit] Redis connection error: 
[rateLimit] Redis connection error: 
[rateLimit] Redis connection error: 
[rateLimit] Redis connection error: 
[rateLimit] Redis connection error: 
[rateLimit] Redis connection error: 
[rateLimit] Redis error, failing open: Error: Stream isn't writeable and enableOfflineQueue options is false
    at new Promise (<anonymous>)
    at checkRateLimit (src/lib/rateLimit.ts:57:39)
    at requireInternalAuth (src/lib/internalAuth.ts:92:25)
    at async GET (src/app/api/v1/tenant/resolve/route.ts:10:27)
  55 |
  56 |   try {
> 57 |     await getLimiter(pointsPerMinute).consume(companyId, 1);
     |                                       ^
  58 |   } catch (err) {
  59 |     // rate-limiter-flexible throws a RateLimiterRes (has msBeforeNext) when
  60 |     // the limit is actually exceeded; anything else (e.g. Redis down) is a
 GET /api/v1/tenant/resolve 200 in 10ms (next.js: 3ms, application-code: 6ms)
[rateLimit] Redis error, failing open: Error: Stream isn't writeable and enableOfflineQueue options is false
    at new Promise (<anonymous>)
    at checkRateLimit (src/lib/rateLimit.ts:57:39)
    at requireInternalAuth (src/lib/internalAuth.ts:92:25)
    at async GET (src/app/api/v1/tenant/resolve/route.ts:10:27)
  55 |
  56 |   try {
> 57 |     await getLimiter(pointsPerMinute).consume(companyId, 1);
     |                                       ^
  58 |   } catch (err) {
  59 |     // rate-limiter-flexible throws a RateLimiterRes (has msBeforeNext) when
  60 |     // the limit is actually exceeded; anything else (e.g. Redis down) is a
 GET /api/v1/tenant/resolve 200 in 4ms (next.js: 0.7ms, application-code: 3ms)
[rateLimit] Redis error, failing open: Error: Stream isn't writeable and enableOfflineQueue options is false
    at new Promise (<anonymous>)
    at checkRateLimit (src/lib/rateLimit.ts:57:39)
    at requireInternalAuth (src/lib/internalAuth.ts:92:25)
    at async GET (src/app/api/v1/portal-settings/[companyId]/route.ts:16:22)
  55 |
  56 |   try {
> 57 |     await getLimiter(pointsPerMinute).consume(companyId, 1);
     |                                       ^
  58 |   } catch (err) {
  59 |     // rate-limiter-flexible throws a RateLimiterRes (has msBeforeNext) when
  60 |     // the limit is actually exceeded; anything else (e.g. Redis down) is a
 GET /api/v1/portal-settings/cmtgb040d00000bv3pa01rwb1 200 in 7ms (next.js: 2ms, application-code: 5ms)
[rateLimit] Redis error, failing open: Error: Stream isn't writeable and enableOfflineQueue options is false
    at new Promise (<anonymous>)
    at checkRateLimit (src/lib/rateLimit.ts:57:39)
    at requireInternalAuth (src/lib/internalAuth.ts:92:25)
    at async GET (src/app/api/v1/tenant/resolve/route.ts:10:27)
  55 |
  56 |   try {
> 57 |     await getLimiter(pointsPerMinute).consume(companyId, 1);
     |                                       ^
  58 |   } catch (err) {
  59 |     // rate-limiter-flexible throws a RateLimiterRes (has msBeforeNext) when
  60 |     // the limit is actually exceeded; anything else (e.g. Redis down) is a
 GET /api/v1/tenant/resolve 200 in 3ms (next.js: 0.6ms, application-code: 2ms)
[rateLimit] Redis error, failing open: Error: Stream isn't writeable and enableOfflineQueue options is false
    at new Promise (<anonymous>)
    at checkRateLimit (src/lib/rateLimit.ts:57:39)
    at requireInternalAuth (src/lib/internalAuth.ts:92:25)
    at async GET (src/app/api/v1/tenant/resolve/route.ts:10:27)
  55 |
  56 |   try {
> 57 |     await getLimiter(pointsPerMinute).consume(companyId, 1);
     |                                       ^
  58 |   } catch (err) {
  59 |     // rate-limiter-flexible throws a RateLimiterRes (has msBeforeNext) when
  60 |     // the limit is actually exceeded; anything else (e.g. Redis down) is a
 GET /api/v1/tenant/resolve 200 in 3ms (next.js: 0.5ms, application-code: 2ms)
[rateLimit] Redis error, failing open: Error: Stream isn't writeable and enableOfflineQueue options is false
    at new Promise (<anonymous>)
    at checkRateLimit (src/lib/rateLimit.ts:57:39)
    at requireInternalAuth (src/lib/internalAuth.ts:92:25)
    at async GET (src/app/api/v1/portal-settings/[companyId]/route.ts:16:22)
  55 |
  56 |   try {
> 57 |     await getLimiter(pointsPerMinute).consume(companyId, 1);
     |                                       ^
  58 |   } catch (err) {
  59 |     // rate-limiter-flexible throws a RateLimiterRes (has msBeforeNext) when
  60 |     // the limit is actually exceeded; anything else (e.g. Redis down) is a
 GET /api/v1/portal-settings/cmtgb04al00050bv3rt10npd9 200 in 3ms (next.js: 0.5ms, application-code: 3ms)
[rateLimit] Redis error, failing open: Error: Stream isn't writeable and enableOfflineQueue options is false
    at new Promise (<anonymous>)
    at checkRateLimit (src/lib/rateLimit.ts:57:39)
    at requireInternalAuth (src/lib/internalAuth.ts:92:25)
    at async GET (src/app/api/v1/tenant/resolve/route.ts:10:27)
  55 |
  56 |   try {
> 57 |     await getLimiter(pointsPerMinute).consume(companyId, 1);
     |                                       ^
  58 |   } catch (err) {
  59 |     // rate-limiter-flexible throws a RateLimiterRes (has msBeforeNext) when
  60 |     // the limit is actually exceeded; anything else (e.g. Redis down) is a
 GET /api/v1/tenant/resolve 200 in 4ms (next.js: 0.6ms, application-code: 3ms)
[rateLimit] Redis error, failing open: Error: Stream isn't writeable and enableOfflineQueue options is false
    at new Promise (<anonymous>)
    at checkRateLimit (src/lib/rateLimit.ts:57:39)
    at requireInternalAuth (src/lib/internalAuth.ts:92:25)
    at async GET (src/app/api/v1/tenant/resolve/route.ts:10:27)
  55 |
  56 |   try {
> 57 |     await getLimiter(pointsPerMinute).consume(companyId, 1);
     |                                       ^
  58 |   } catch (err) {
  59 |     // rate-limiter-flexible throws a RateLimiterRes (has msBeforeNext) when
  60 |     // the limit is actually exceeded; anything else (e.g. Redis down) is a
 GET /api/v1/tenant/resolve 200 in 4ms (next.js: 0.7ms, application-code: 4ms)
[rateLimit] Redis error, failing open: Error: Stream isn't writeable and enableOfflineQueue options is false
    at new Promise (<anonymous>)
    at checkRateLimit (src/lib/rateLimit.ts:57:39)
    at requireInternalAuth (src/lib/internalAuth.ts:92:25)
    at async GET (src/app/api/v1/portal-settings/[companyId]/route.ts:16:22)
  55 |
  56 |   try {
> 57 |     await getLimiter(pointsPerMinute).consume(companyId, 1);
     |                                       ^
  58 |   } catch (err) {
  59 |     // rate-limiter-flexible throws a RateLimiterRes (has msBeforeNext) when
  60 |     // the limit is actually exceeded; anything else (e.g. Redis down) is a
 GET /api/v1/portal-settings/cmtgb04gr000a0bv35evd9ya5 200 in 4ms (next.js: 0.6ms, application-code: 4ms)
[rateLimit] Redis connection error: 
[rateLimit] Redis connection error: 
[rateLimit] Redis connection error: 
[rateLimit] Redis connection error: 
[rateLimit] Redis connection error: 
[rateLimit] Redis connection error: 
[rateLimit] Redis error, failing open: Error: Stream isn't writeable and enableOfflineQueue options is false
    at new Promise (<anonymous>)
    at checkRateLimit (src/lib/rateLimit.ts:57:39)
    at requireInternalAuth (src/lib/internalAuth.ts:92:25)
    at async GET (src/app/api/v1/tenant/resolve/route.ts:10:27)
  55 |
  56 |   try {
> 57 |     await getLimiter(pointsPerMinute).consume(companyId, 1);
     |                                       ^
  58 |   } catch (err) {
  59 |     // rate-limiter-flexible throws a RateLimiterRes (has msBeforeNext) when
  60 |     // the limit is actually exceeded; anything else (e.g. Redis down) is a
 GET /api/v1/tenant/resolve 200 in 10ms (next.js: 2.0ms, application-code: 8ms)
[rateLimit] Redis error, failing open: Error: Stream isn't writeable and enableOfflineQueue options is false
    at new Promise (<anonymous>)
    at checkRateLimit (src/lib/rateLimit.ts:57:39)
    at requireInternalAuth (src/lib/internalAuth.ts:92:25)
    at async GET (src/app/api/v1/tenant/resolve/route.ts:10:27)
  55 |
  56 |   try {
> 57 |     await getLimiter(pointsPerMinute).consume(companyId, 1);
     |                                       ^
  58 |   } catch (err) {
  59 |     // rate-limiter-flexible throws a RateLimiterRes (has msBeforeNext) when
  60 |     // the limit is actually exceeded; anything else (e.g. Redis down) is a
 GET /api/v1/tenant/resolve 200 in 7ms (next.js: 1.6ms, application-code: 6ms)
[rateLimit] Redis error, failing open: Error: Stream isn't writeable and enableOfflineQueue options is false
    at new Promise (<anonymous>)
    at checkRateLimit (src/lib/rateLimit.ts:57:39)
    at requireInternalAuth (src/lib/internalAuth.ts:92:25)
    at async GET (src/app/api/v1/portal-settings/[companyId]/route.ts:16:22)
  55 |
  56 |   try {
> 57 |     await getLimiter(pointsPerMinute).consume(companyId, 1);
     |                                       ^
  58 |   } catch (err) {
  59 |     // rate-limiter-flexible throws a RateLimiterRes (has msBeforeNext) when
  60 |     // the limit is actually exceeded; anything else (e.g. Redis down) is a
 GET /api/v1/portal-settings/cmtgb040d00000bv3pa01rwb1 200 in 8ms (next.js: 2ms, application-code: 6ms)
[rateLimit] Redis error, failing open: Error: Stream isn't writeable and enableOfflineQueue options is false
    at new Promise (<anonymous>)
    at checkRateLimit (src/lib/rateLimit.ts:57:39)
    at requireInternalAuth (src/lib/internalAuth.ts:92:25)
    at async GET (src/app/api/v1/tenant/resolve/route.ts:10:27)
  55 |
  56 |   try {
> 57 |     await getLimiter(pointsPerMinute).consume(companyId, 1);
     |                                       ^
  58 |   } catch (err) {
  59 |     // rate-limiter-flexible throws a RateLimiterRes (has msBeforeNext) when
  60 |     // the limit is actually exceeded; anything else (e.g. Redis down) is a
 GET /api/v1/tenant/resolve 200 in 3ms (next.js: 0.7ms, application-code: 3ms)
[rateLimit] Redis error, failing open: Error: Stream isn't writeable and enableOfflineQueue options is false
    at new Promise (<anonymous>)
    at checkRateLimit (src/lib/rateLimit.ts:57:39)
    at requireInternalAuth (src/lib/internalAuth.ts:92:25)
    at async GET (src/app/api/v1/tenant/resolve/route.ts:10:27)
  55 |
  56 |   try {
> 57 |     await getLimiter(pointsPerMinute).consume(companyId, 1);
     |                                       ^
  58 |   } catch (err) {
  59 |     // rate-limiter-flexible throws a RateLimiterRes (has msBeforeNext) when
  60 |     // the limit is actually exceeded; anything else (e.g. Redis down) is a
 GET /api/v1/tenant/resolve 200 in 3ms (next.js: 0.5ms, application-code: 2ms)
[rateLimit] Redis error, failing open: Error: Stream isn't writeable and enableOfflineQueue options is false
    at new Promise (<anonymous>)
    at checkRateLimit (src/lib/rateLimit.ts:57:39)
    at requireInternalAuth (src/lib/internalAuth.ts:92:25)
    at async GET (src/app/api/v1/portal-settings/[companyId]/route.ts:16:22)
  55 |
  56 |   try {
> 57 |     await getLimiter(pointsPerMinute).consume(companyId, 1);
     |                                       ^
  58 |   } catch (err) {
  59 |     // rate-limiter-flexible throws a RateLimiterRes (has msBeforeNext) when
  60 |     // the limit is actually exceeded; anything else (e.g. Redis down) is a
 GET /api/v1/portal-settings/cmtgb04al00050bv3rt10npd9 200 in 3ms (next.js: 0.5ms, application-code: 3ms)
[rateLimit] Redis error, failing open: Error: Stream isn't writeable and enableOfflineQueue options is false
    at new Promise (<anonymous>)
    at checkRateLimit (src/lib/rateLimit.ts:57:39)
    at requireInternalAuth (src/lib/internalAuth.ts:92:25)
    at async GET (src/app/api/v1/tenant/resolve/route.ts:10:27)
  55 |
  56 |   try {
> 57 |     await getLimiter(pointsPerMinute).consume(companyId, 1);
     |                                       ^
  58 |   } catch (err) {
  59 |     // rate-limiter-flexible throws a RateLimiterRes (has msBeforeNext) when
  60 |     // the limit is actually exceeded; anything else (e.g. Redis down) is a
 GET /api/v1/tenant/resolve 200 in 3ms (next.js: 0.6ms, application-code: 2ms)
[rateLimit] Redis error, failing open: Error: Stream isn't writeable and enableOfflineQueue options is false
    at new Promise (<anonymous>)
    at checkRateLimit (src/lib/rateLimit.ts:57:39)
    at requireInternalAuth (src/lib/internalAuth.ts:92:25)
    at async GET (src/app/api/v1/tenant/resolve/route.ts:10:27)
  55 |
  56 |   try {
> 57 |     await getLimiter(pointsPerMinute).consume(companyId, 1);
     |                                       ^
  58 |   } catch (err) {
  59 |     // rate-limiter-flexible throws a RateLimiterRes (has msBeforeNext) when
  60 |     // the limit is actually exceeded; anything else (e.g. Redis down) is a
 GET /api/v1/tenant/resolve 200 in 2ms (next.js: 0.4ms, application-code: 2ms)
[rateLimit] Redis error, failing open: Error: Stream isn't writeable and enableOfflineQueue options is false
    at new Promise (<anonymous>)
    at checkRateLimit (src/lib/rateLimit.ts:57:39)
    at requireInternalAuth (src/lib/internalAuth.ts:92:25)
    at async GET (src/app/api/v1/portal-settings/[companyId]/route.ts:16:22)
  55 |
  56 |   try {
> 57 |     await getLimiter(pointsPerMinute).consume(companyId, 1);
     |                                       ^
  58 |   } catch (err) {
  59 |     // rate-limiter-flexible throws a RateLimiterRes (has msBeforeNext) when
  60 |     // the limit is actually exceeded; anything else (e.g. Redis down) is a
 GET /api/v1/portal-settings/cmtgb04gr000a0bv35evd9ya5 200 in 3ms (next.js: 0.4ms, application-code: 3ms)
[rateLimit] Redis connection error: 
[rateLimit] Redis connection error: 
[rateLimit] Redis connection error: 
[rateLimit] Redis connection error: 
[rateLimit] Redis connection error: 
[rateLimit] Redis connection error: 
[rateLimit] Redis error, failing open: Error: Stream isn't writeable and enableOfflineQueue options is false
    at new Promise (<anonymous>)
    at checkRateLimit (src/lib/rateLimit.ts:57:39)
    at requireInternalAuth (src/lib/internalAuth.ts:92:25)
    at async GET (src/app/api/v1/tenant/resolve/route.ts:10:27)
  55 |
  56 |   try {
> 57 |     await getLimiter(pointsPerMinute).consume(companyId, 1);
     |                                       ^
  58 |   } catch (err) {
  59 |     // rate-limiter-flexible throws a RateLimiterRes (has msBeforeNext) when
  60 |     // the limit is actually exceeded; anything else (e.g. Redis down) is a
 GET /api/v1/tenant/resolve 200 in 5ms (next.js: 1.0ms, application-code: 4ms)
[rateLimit] Redis error, failing open: Error: Stream isn't writeable and enableOfflineQueue options is false
    at new Promise (<anonymous>)
    at checkRateLimit (src/lib/rateLimit.ts:57:39)
    at requireInternalAuth (src/lib/internalAuth.ts:92:25)
    at async GET (src/app/api/v1/tenant/resolve/route.ts:10:27)
  55 |
  56 |   try {
> 57 |     await getLimiter(pointsPerMinute).consume(companyId, 1);
     |                                       ^
  58 |   } catch (err) {
  59 |     // rate-limiter-flexible throws a RateLimiterRes (has msBeforeNext) when
  60 |     // the limit is actually exceeded; anything else (e.g. Redis down) is a
 GET /api/v1/tenant/resolve 200 in 4ms (next.js: 0.6ms, application-code: 3ms)
[rateLimit] Redis error, failing open: Error: Stream isn't writeable and enableOfflineQueue options is false
    at new Promise (<anonymous>)
    at checkRateLimit (src/lib/rateLimit.ts:57:39)
    at requireInternalAuth (src/lib/internalAuth.ts:92:25)
    at async GET (src/app/api/v1/portal-settings/[companyId]/route.ts:16:22)
  55 |
  56 |   try {
> 57 |     await getLimiter(pointsPerMinute).consume(companyId, 1);
     |                                       ^
  58 |   } catch (err) {
  59 |     // rate-limiter-flexible throws a RateLimiterRes (has msBeforeNext) when
  60 |     // the limit is actually exceeded; anything else (e.g. Redis down) is a
 GET /api/v1/portal-settings/cmtgb040d00000bv3pa01rwb1 200 in 5ms (next.js: 1.6ms, application-code: 4ms)
[rateLimit] Redis error, failing open: Error: Stream isn't writeable and enableOfflineQueue options is false
    at new Promise (<anonymous>)
    at checkRateLimit (src/lib/rateLimit.ts:57:39)
    at requireInternalAuth (src/lib/internalAuth.ts:92:25)
    at async GET (src/app/api/v1/tenant/resolve/route.ts:10:27)
  55 |
  56 |   try {
> 57 |     await getLimiter(pointsPerMinute).consume(companyId, 1);
     |                                       ^
  58 |   } catch (err) {
  59 |     // rate-limiter-flexible throws a RateLimiterRes (has msBeforeNext) when
  60 |     // the limit is actually exceeded; anything else (e.g. Redis down) is a
 GET /api/v1/tenant/resolve 200 in 3ms (next.js: 0.5ms, application-code: 2ms)
[rateLimit] Redis error, failing open: Error: Stream isn't writeable and enableOfflineQueue options is false
    at new Promise (<anonymous>)
    at checkRateLimit (src/lib/rateLimit.ts:57:39)
    at requireInternalAuth (src/lib/internalAuth.ts:92:25)
    at async GET (src/app/api/v1/tenant/resolve/route.ts:10:27)
  55 |
  56 |   try {
> 57 |     await getLimiter(pointsPerMinute).consume(companyId, 1);
     |                                       ^
  58 |   } catch (err) {
  59 |     // rate-limiter-flexible throws a RateLimiterRes (has msBeforeNext) when
  60 |     // the limit is actually exceeded; anything else (e.g. Redis down) is a
 GET /api/v1/tenant/resolve 200 in 3ms (next.js: 0.4ms, application-code: 2ms)
[rateLimit] Redis error, failing open: Error: Stream isn't writeable and enableOfflineQueue options is false
    at new Promise (<anonymous>)
    at checkRateLimit (src/lib/rateLimit.ts:57:39)
    at requireInternalAuth (src/lib/internalAuth.ts:92:25)
    at async GET (src/app/api/v1/portal-settings/[companyId]/route.ts:16:22)
  55 |
  56 |   try {
> 57 |     await getLimiter(pointsPerMinute).consume(companyId, 1);
     |                                       ^
  58 |   } catch (err) {
  59 |     // rate-limiter-flexible throws a RateLimiterRes (has msBeforeNext) when
  60 |     // the limit is actually exceeded; anything else (e.g. Redis down) is a
 GET /api/v1/portal-settings/cmtgb04al00050bv3rt10npd9 200 in 3ms (next.js: 0.5ms, application-code: 3ms)
[rateLimit] Redis error, failing open: Error: Stream isn't writeable and enableOfflineQueue options is false
    at new Promise (<anonymous>)
    at checkRateLimit (src/lib/rateLimit.ts:57:39)
    at requireInternalAuth (src/lib/internalAuth.ts:92:25)
    at async GET (src/app/api/v1/tenant/resolve/route.ts:10:27)
  55 |
  56 |   try {
> 57 |     await getLimiter(pointsPerMinute).consume(companyId, 1);
     |                                       ^
  58 |   } catch (err) {
  59 |     // rate-limiter-flexible throws a RateLimiterRes (has msBeforeNext) when
  60 |     // the limit is actually exceeded; anything else (e.g. Redis down) is a
 GET /api/v1/tenant/resolve 200 in 3ms (next.js: 0.6ms, application-code: 3ms)
[rateLimit] Redis error, failing open: Error: Stream isn't writeable and enableOfflineQueue options is false
    at new Promise (<anonymous>)
    at checkRateLimit (src/lib/rateLimit.ts:57:39)
    at requireInternalAuth (src/lib/internalAuth.ts:92:25)
    at async GET (src/app/api/v1/tenant/resolve/route.ts:10:27)
  55 |
  56 |   try {
> 57 |     await getLimiter(pointsPerMinute).consume(companyId, 1);
     |                                       ^
  58 |   } catch (err) {
  59 |     // rate-limiter-flexible throws a RateLimiterRes (has msBeforeNext) when
  60 |     // the limit is actually exceeded; anything else (e.g. Redis down) is a
 GET /api/v1/tenant/resolve 200 in 2ms (next.js: 0.4ms, application-code: 2.0ms)
[rateLimit] Redis error, failing open: Error: Stream isn't writeable and enableOfflineQueue options is false
    at new Promise (<anonymous>)
    at checkRateLimit (src/lib/rateLimit.ts:57:39)
    at requireInternalAuth (src/lib/internalAuth.ts:92:25)
    at async GET (src/app/api/v1/portal-settings/[companyId]/route.ts:16:22)
  55 |
  56 |   try {
> 57 |     await getLimiter(pointsPerMinute).consume(companyId, 1);
     |                                       ^
  58 |   } catch (err) {
  59 |     // rate-limiter-flexible throws a RateLimiterRes (has msBeforeNext) when
  60 |     // the limit is actually exceeded; anything else (e.g. Redis down) is a
 GET /api/v1/portal-settings/cmtgb04gr000a0bv35evd9ya5 200 in 3ms (next.js: 0.4ms, application-code: 3ms)
[rateLimit] Redis connection error: 
[rateLimit] Redis connection error: 
[rateLimit] Redis connection error: 
[rateLimit] Redis connection error: 
[rateLimit] Redis connection error: 
[rateLimit] Redis connection error: 
[rateLimit] Redis error, failing open: Error: Stream isn't writeable and enableOfflineQueue options is false
    at new Promise (<anonymous>)
    at checkRateLimit (src/lib/rateLimit.ts:57:39)
    at requireInternalAuth (src/lib/internalAuth.ts:92:25)
    at async GET (src/app/api/v1/tenant/resolve/route.ts:10:27)
  55 |
  56 |   try {
> 57 |     await getLimiter(pointsPerMinute).consume(companyId, 1);
     |                                       ^
  58 |   } catch (err) {
  59 |     // rate-limiter-flexible throws a RateLimiterRes (has msBeforeNext) when
  60 |     // the limit is actually exceeded; anything else (e.g. Redis down) is a
 GET /api/v1/tenant/resolve 200 in 12ms (next.js: 3ms, application-code: 9ms)
[rateLimit] Redis error, failing open: Error: Stream isn't writeable and enableOfflineQueue options is false
    at new Promise (<anonymous>)
    at checkRateLimit (src/lib/rateLimit.ts:57:39)
    at requireInternalAuth (src/lib/internalAuth.ts:92:25)
    at async GET (src/app/api/v1/tenant/resolve/route.ts:10:27)
  55 |
  56 |   try {
> 57 |     await getLimiter(pointsPerMinute).consume(companyId, 1);
     |                                       ^
  58 |   } catch (err) {
  59 |     // rate-limiter-flexible throws a RateLimiterRes (has msBeforeNext) when
  60 |     // the limit is actually exceeded; anything else (e.g. Redis down) is a
 GET /api/v1/tenant/resolve 200 in 6ms (next.js: 1.2ms, application-code: 5ms)
[rateLimit] Redis error, failing open: Error: Stream isn't writeable and enableOfflineQueue options is false
    at new Promise (<anonymous>)
    at checkRateLimit (src/lib/rateLimit.ts:57:39)
    at requireInternalAuth (src/lib/internalAuth.ts:92:25)
    at async GET (src/app/api/v1/portal-settings/[companyId]/route.ts:16:22)
  55 |
  56 |   try {
> 57 |     await getLimiter(pointsPerMinute).consume(companyId, 1);
     |                                       ^
  58 |   } catch (err) {
  59 |     // rate-limiter-flexible throws a RateLimiterRes (has msBeforeNext) when
  60 |     // the limit is actually exceeded; anything else (e.g. Redis down) is a
 GET /api/v1/portal-settings/cmtgb040d00000bv3pa01rwb1 200 in 9ms (next.js: 3ms, application-code: 6ms)
[rateLimit] Redis error, failing open: Error: Stream isn't writeable and enableOfflineQueue options is false
    at new Promise (<anonymous>)
    at checkRateLimit (src/lib/rateLimit.ts:57:39)
    at requireInternalAuth (src/lib/internalAuth.ts:92:25)
    at async GET (src/app/api/v1/tenant/resolve/route.ts:10:27)
  55 |
  56 |   try {
> 57 |     await getLimiter(pointsPerMinute).consume(companyId, 1);
     |                                       ^
  58 |   } catch (err) {
  59 |     // rate-limiter-flexible throws a RateLimiterRes (has msBeforeNext) when
  60 |     // the limit is actually exceeded; anything else (e.g. Redis down) is a
 GET /api/v1/tenant/resolve 200 in 3ms (next.js: 0.6ms, application-code: 3ms)
[rateLimit] Redis error, failing open: Error: Stream isn't writeable and enableOfflineQueue options is false
    at new Promise (<anonymous>)
    at checkRateLimit (src/lib/rateLimit.ts:57:39)
    at requireInternalAuth (src/lib/internalAuth.ts:92:25)
    at async GET (src/app/api/v1/tenant/resolve/route.ts:10:27)
  55 |
  56 |   try {
> 57 |     await getLimiter(pointsPerMinute).consume(companyId, 1);
     |                                       ^
  58 |   } catch (err) {
  59 |     // rate-limiter-flexible throws a RateLimiterRes (has msBeforeNext) when
  60 |     // the limit is actually exceeded; anything else (e.g. Redis down) is a
 GET /api/v1/tenant/resolve 200 in 3ms (next.js: 0.5ms, application-code: 3ms)
[rateLimit] Redis error, failing open: Error: Stream isn't writeable and enableOfflineQueue options is false
    at new Promise (<anonymous>)
    at checkRateLimit (src/lib/rateLimit.ts:57:39)
    at requireInternalAuth (src/lib/internalAuth.ts:92:25)
    at async GET (src/app/api/v1/portal-settings/[companyId]/route.ts:16:22)
  55 |
  56 |   try {
> 57 |     await getLimiter(pointsPerMinute).consume(companyId, 1);
     |                                       ^
  58 |   } catch (err) {
  59 |     // rate-limiter-flexible throws a RateLimiterRes (has msBeforeNext) when
  60 |     // the limit is actually exceeded; anything else (e.g. Redis down) is a
 GET /api/v1/portal-settings/cmtgb04al00050bv3rt10npd9 200 in 3ms (next.js: 0.5ms, application-code: 3ms)
[rateLimit] Redis error, failing open: Error: Stream isn't writeable and enableOfflineQueue options is false
    at new Promise (<anonymous>)
    at checkRateLimit (src/lib/rateLimit.ts:57:39)
    at requireInternalAuth (src/lib/internalAuth.ts:92:25)
    at async GET (src/app/api/v1/tenant/resolve/route.ts:10:27)
  55 |
  56 |   try {
> 57 |     await getLimiter(pointsPerMinute).consume(companyId, 1);
     |                                       ^
  58 |   } catch (err) {
  59 |     // rate-limiter-flexible throws a RateLimiterRes (has msBeforeNext) when
  60 |     // the limit is actually exceeded; anything else (e.g. Redis down) is a
 GET /api/v1/tenant/resolve 200 in 3ms (next.js: 0.6ms, application-code: 2ms)
[rateLimit] Redis error, failing open: Error: Stream isn't writeable and enableOfflineQueue options is false
    at new Promise (<anonymous>)
    at checkRateLimit (src/lib/rateLimit.ts:57:39)
    at requireInternalAuth (src/lib/internalAuth.ts:92:25)
    at async GET (src/app/api/v1/tenant/resolve/route.ts:10:27)
  55 |
  56 |   try {
> 57 |     await getLimiter(pointsPerMinute).consume(companyId, 1);
     |                                       ^
  58 |   } catch (err) {
  59 |     // rate-limiter-flexible throws a RateLimiterRes (has msBeforeNext) when
  60 |     // the limit is actually exceeded; anything else (e.g. Redis down) is a
 GET /api/v1/tenant/resolve 200 in 3ms (next.js: 0.4ms, application-code: 2ms)
[rateLimit] Redis error, failing open: Error: Stream isn't writeable and enableOfflineQueue options is false
    at new Promise (<anonymous>)
    at checkRateLimit (src/lib/rateLimit.ts:57:39)
    at requireInternalAuth (src/lib/internalAuth.ts:92:25)
    at async GET (src/app/api/v1/portal-settings/[companyId]/route.ts:16:22)
  55 |
  56 |   try {
> 57 |     await getLimiter(pointsPerMinute).consume(companyId, 1);
     |                                       ^
  58 |   } catch (err) {
  59 |     // rate-limiter-flexible throws a RateLimiterRes (has msBeforeNext) when
  60 |     // the limit is actually exceeded; anything else (e.g. Redis down) is a
 GET /api/v1/portal-settings/cmtgb04gr000a0bv35evd9ya5 200 in 3ms (next.js: 0.4ms, application-code: 3ms)
[rateLimit] Redis connection error: 
[rateLimit] Redis connection error: 
[rateLimit] Redis connection error: 
[rateLimit] Redis connection error: 
[rateLimit] Redis connection error: 
[rateLimit] Redis error, failing open: Error: Stream isn't writeable and enableOfflineQueue options is false
    at new Promise (<anonymous>)
    at checkRateLimit (src/lib/rateLimit.ts:57:39)
    at requireInternalAuth (src/lib/internalAuth.ts:92:25)
    at async GET (src/app/api/v1/tenant/resolve/route.ts:10:27)
  55 |
  56 |   try {
> 57 |     await getLimiter(pointsPerMinute).consume(companyId, 1);
     |                                       ^
  58 |   } catch (err) {
  59 |     // rate-limiter-flexible throws a RateLimiterRes (has msBeforeNext) when
  60 |     // the limit is actually exceeded; anything else (e.g. Redis down) is a
 GET /api/v1/tenant/resolve 200 in 11ms (next.js: 2ms, application-code: 9ms)
[rateLimit] Redis error, failing open: Error: Stream isn't writeable and enableOfflineQueue options is false
    at new Promise (<anonymous>)
    at checkRateLimit (src/lib/rateLimit.ts:57:39)
    at requireInternalAuth (src/lib/internalAuth.ts:92:25)
    at async GET (src/app/api/v1/tenant/resolve/route.ts:10:27)
  55 |
  56 |   try {
> 57 |     await getLimiter(pointsPerMinute).consume(companyId, 1);
     |                                       ^
  58 |   } catch (err) {
  59 |     // rate-limiter-flexible throws a RateLimiterRes (has msBeforeNext) when
  60 |     // the limit is actually exceeded; anything else (e.g. Redis down) is a
 GET /api/v1/tenant/resolve 200 in 8ms (next.js: 1.7ms, application-code: 7ms)
[rateLimit] Redis error, failing open: Error: Stream isn't writeable and enableOfflineQueue options is false
    at new Promise (<anonymous>)
    at checkRateLimit (src/lib/rateLimit.ts:57:39)
    at requireInternalAuth (src/lib/internalAuth.ts:92:25)
    at async GET (src/app/api/v1/portal-settings/[companyId]/route.ts:16:22)
  55 |
  56 |   try {
> 57 |     await getLimiter(pointsPerMinute).consume(companyId, 1);
     |                                       ^
  58 |   } catch (err) {
  59 |     // rate-limiter-flexible throws a RateLimiterRes (has msBeforeNext) when
  60 |     // the limit is actually exceeded; anything else (e.g. Redis down) is a
 GET /api/v1/portal-settings/cmtgb040d00000bv3pa01rwb1 200 in 9ms (next.js: 3ms, application-code: 6ms)
[rateLimit] Redis error, failing open: Error: Stream isn't writeable and enableOfflineQueue options is false
    at new Promise (<anonymous>)
    at checkRateLimit (src/lib/rateLimit.ts:57:39)
    at requireInternalAuth (src/lib/internalAuth.ts:92:25)
    at async GET (src/app/api/v1/tenant/resolve/route.ts:10:27)
  55 |
  56 |   try {
> 57 |     await getLimiter(pointsPerMinute).consume(companyId, 1);
     |                                       ^
  58 |   } catch (err) {
  59 |     // rate-limiter-flexible throws a RateLimiterRes (has msBeforeNext) when
  60 |     // the limit is actually exceeded; anything else (e.g. Redis down) is a
 GET /api/v1/tenant/resolve 200 in 3ms (next.js: 0.6ms, application-code: 3ms)
[rateLimit] Redis error, failing open: Error: Stream isn't writeable and enableOfflineQueue options is false
    at new Promise (<anonymous>)
    at checkRateLimit (src/lib/rateLimit.ts:57:39)
    at requireInternalAuth (src/lib/internalAuth.ts:92:25)
    at async GET (src/app/api/v1/tenant/resolve/route.ts:10:27)
  55 |
  56 |   try {
> 57 |     await getLimiter(pointsPerMinute).consume(companyId, 1);
     |                                       ^
  58 |   } catch (err) {
  59 |     // rate-limiter-flexible throws a RateLimiterRes (has msBeforeNext) when
  60 |     // the limit is actually exceeded; anything else (e.g. Redis down) is a
 GET /api/v1/tenant/resolve 200 in 3ms (next.js: 0.5ms, application-code: 3ms)
[rateLimit] Redis error, failing open: Error: Stream isn't writeable and enableOfflineQueue options is false
    at new Promise (<anonymous>)
    at checkRateLimit (src/lib/rateLimit.ts:57:39)
    at requireInternalAuth (src/lib/internalAuth.ts:92:25)
    at async GET (src/app/api/v1/portal-settings/[companyId]/route.ts:16:22)
  55 |
  56 |   try {
> 57 |     await getLimiter(pointsPerMinute).consume(companyId, 1);
     |                                       ^
  58 |   } catch (err) {
  59 |     // rate-limiter-flexible throws a RateLimiterRes (has msBeforeNext) when
  60 |     // the limit is actually exceeded; anything else (e.g. Redis down) is a
 GET /api/v1/portal-settings/cmtgb04al00050bv3rt10npd9 200 in 4ms (next.js: 0.5ms, application-code: 3ms)
[rateLimit] Redis connection error: 
[rateLimit] Redis error, failing open: Error: Stream isn't writeable and enableOfflineQueue options is false
    at new Promise (<anonymous>)
    at checkRateLimit (src/lib/rateLimit.ts:57:39)
    at requireInternalAuth (src/lib/internalAuth.ts:92:25)
    at async GET (src/app/api/v1/tenant/resolve/route.ts:10:27)
  55 |
  56 |   try {
> 57 |     await getLimiter(pointsPerMinute).consume(companyId, 1);
     |                                       ^
  58 |   } catch (err) {
  59 |     // rate-limiter-flexible throws a RateLimiterRes (has msBeforeNext) when
  60 |     // the limit is actually exceeded; anything else (e.g. Redis down) is a
 GET /api/v1/tenant/resolve 200 in 3ms (next.js: 0.6ms, application-code: 2ms)
[rateLimit] Redis error, failing open: Error: Stream isn't writeable and enableOfflineQueue options is false
    at new Promise (<anonymous>)
    at checkRateLimit (src/lib/rateLimit.ts:57:39)
    at requireInternalAuth (src/lib/internalAuth.ts:92:25)
    at async GET (src/app/api/v1/tenant/resolve/route.ts:10:27)
  55 |
  56 |   try {
> 57 |     await getLimiter(pointsPerMinute).consume(companyId, 1);
     |                                       ^
  58 |   } catch (err) {
  59 |     // rate-limiter-flexible throws a RateLimiterRes (has msBeforeNext) when
  60 |     // the limit is actually exceeded; anything else (e.g. Redis down) is a
 GET /api/v1/tenant/resolve 200 in 2ms (next.js: 0.4ms, application-code: 2.0ms)
[rateLimit] Redis error, failing open: Error: Stream isn't writeable and enableOfflineQueue options is false
    at new Promise (<anonymous>)
    at checkRateLimit (src/lib/rateLimit.ts:57:39)
    at requireInternalAuth (src/lib/internalAuth.ts:92:25)
    at async GET (src/app/api/v1/portal-settings/[companyId]/route.ts:16:22)
  55 |
  56 |   try {
> 57 |     await getLimiter(pointsPerMinute).consume(companyId, 1);
     |                                       ^
  58 |   } catch (err) {
  59 |     // rate-limiter-flexible throws a RateLimiterRes (has msBeforeNext) when
  60 |     // the limit is actually exceeded; anything else (e.g. Redis down) is a
 GET /api/v1/portal-settings/cmtgb04gr000a0bv35evd9ya5 200 in 4ms (next.js: 1.0ms, application-code: 3ms)
[rateLimit] Redis connection error: 
[rateLimit] Redis connection error: 
[rateLimit] Redis connection error: 
[rateLimit] Redis connection error: 
[rateLimit] Redis connection error: 
[rateLimit] Redis error, failing open: Error: Stream isn't writeable and enableOfflineQueue options is false
    at new Promise (<anonymous>)
    at checkRateLimit (src/lib/rateLimit.ts:57:39)
    at requireInternalAuth (src/lib/internalAuth.ts:92:25)
    at async GET (src/app/api/v1/tenant/resolve/route.ts:10:27)
  55 |
  56 |   try {
> 57 |     await getLimiter(pointsPerMinute).consume(companyId, 1);
     |                                       ^
  58 |   } catch (err) {
  59 |     // rate-limiter-flexible throws a RateLimiterRes (has msBeforeNext) when
  60 |     // the limit is actually exceeded; anything else (e.g. Redis down) is a
 GET /api/v1/tenant/resolve 200 in 9ms (next.js: 3ms, application-code: 7ms)
[rateLimit] Redis error, failing open: Error: Stream isn't writeable and enableOfflineQueue options is false
    at new Promise (<anonymous>)
    at checkRateLimit (src/lib/rateLimit.ts:57:39)
    at requireInternalAuth (src/lib/internalAuth.ts:92:25)
    at async GET (src/app/api/v1/tenant/resolve/route.ts:10:27)
  55 |
  56 |   try {
> 57 |     await getLimiter(pointsPerMinute).consume(companyId, 1);
     |                                       ^
  58 |   } catch (err) {
  59 |     // rate-limiter-flexible throws a RateLimiterRes (has msBeforeNext) when
  60 |     // the limit is actually exceeded; anything else (e.g. Redis down) is a
 GET /api/v1/tenant/resolve 200 in 4ms (next.js: 0.6ms, application-code: 3ms)
[rateLimit] Redis error, failing open: Error: Stream isn't writeable and enableOfflineQueue options is false
    at new Promise (<anonymous>)
    at checkRateLimit (src/lib/rateLimit.ts:57:39)
    at requireInternalAuth (src/lib/internalAuth.ts:92:25)
    at async GET (src/app/api/v1/portal-settings/[companyId]/route.ts:16:22)
  55 |
  56 |   try {
> 57 |     await getLimiter(pointsPerMinute).consume(companyId, 1);
     |                                       ^
  58 |   } catch (err) {
  59 |     // rate-limiter-flexible throws a RateLimiterRes (has msBeforeNext) when
  60 |     // the limit is actually exceeded; anything else (e.g. Redis down) is a
 GET /api/v1/portal-settings/cmtgb040d00000bv3pa01rwb1 200 in 6ms (next.js: 1.6ms, application-code: 4ms)
[rateLimit] Redis error, failing open: Error: Stream isn't writeable and enableOfflineQueue options is false
    at new Promise (<anonymous>)
    at checkRateLimit (src/lib/rateLimit.ts:57:39)
    at requireInternalAuth (src/lib/internalAuth.ts:92:25)
    at async GET (src/app/api/v1/tenant/resolve/route.ts:10:27)
  55 |
  56 |   try {
> 57 |     await getLimiter(pointsPerMinute).consume(companyId, 1);
     |                                       ^
  58 |   } catch (err) {
  59 |     // rate-limiter-flexible throws a RateLimiterRes (has msBeforeNext) when
  60 |     // the limit is actually exceeded; anything else (e.g. Redis down) is a
 GET /api/v1/tenant/resolve 200 in 8ms (next.js: 5ms, application-code: 3ms)
[rateLimit] Redis error, failing open: Error: Stream isn't writeable and enableOfflineQueue options is false
    at new Promise (<anonymous>)
    at checkRateLimit (src/lib/rateLimit.ts:57:39)
    at requireInternalAuth (src/lib/internalAuth.ts:92:25)
    at async GET (src/app/api/v1/tenant/resolve/route.ts:10:27)
  55 |
  56 |   try {
> 57 |     await getLimiter(pointsPerMinute).consume(companyId, 1);
     |                                       ^
  58 |   } catch (err) {
  59 |     // rate-limiter-flexible throws a RateLimiterRes (has msBeforeNext) when
  60 |     // the limit is actually exceeded; anything else (e.g. Redis down) is a
 GET /api/v1/tenant/resolve 200 in 5ms (next.js: 1.4ms, application-code: 4ms)
[rateLimit] Redis error, failing open: Error: Stream isn't writeable and enableOfflineQueue options is false
    at new Promise (<anonymous>)
    at checkRateLimit (src/lib/rateLimit.ts:57:39)
    at requireInternalAuth (src/lib/internalAuth.ts:92:25)
    at async GET (src/app/api/v1/portal-settings/[companyId]/route.ts:16:22)
  55 |
  56 |   try {
> 57 |     await getLimiter(pointsPerMinute).consume(companyId, 1);
     |                                       ^
  58 |   } catch (err) {
  59 |     // rate-limiter-flexible throws a RateLimiterRes (has msBeforeNext) when
  60 |     // the limit is actually exceeded; anything else (e.g. Redis down) is a
 GET /api/v1/portal-settings/cmtgb04al00050bv3rt10npd9 200 in 3ms (next.js: 0.5ms, application-code: 3ms)
[rateLimit] Redis error, failing open: Error: Stream isn't writeable and enableOfflineQueue options is false
    at new Promise (<anonymous>)
    at checkRateLimit (src/lib/rateLimit.ts:57:39)
    at requireInternalAuth (src/lib/internalAuth.ts:92:25)
    at async GET (src/app/api/v1/tenant/resolve/route.ts:10:27)
  55 |
  56 |   try {
> 57 |     await getLimiter(pointsPerMinute).consume(companyId, 1);
     |                                       ^
  58 |   } catch (err) {
  59 |     // rate-limiter-flexible throws a RateLimiterRes (has msBeforeNext) when
  60 |     // the limit is actually exceeded; anything else (e.g. Redis down) is a
 GET /api/v1/tenant/resolve 200 in 3ms (next.js: 0.6ms, application-code: 3ms)
[rateLimit] Redis error, failing open: Error: Stream isn't writeable and enableOfflineQueue options is false
    at new Promise (<anonymous>)
    at checkRateLimit (src/lib/rateLimit.ts:57:39)
    at requireInternalAuth (src/lib/internalAuth.ts:92:25)
    at async GET (src/app/api/v1/tenant/resolve/route.ts:10:27)
  55 |
  56 |   try {
> 57 |     await getLimiter(pointsPerMinute).consume(companyId, 1);
     |                                       ^
  58 |   } catch (err) {
  59 |     // rate-limiter-flexible throws a RateLimiterRes (has msBeforeNext) when
  60 |     // the limit is actually exceeded; anything else (e.g. Redis down) is a
 GET /api/v1/tenant/resolve 200 in 3ms (next.js: 0.5ms, application-code: 2ms)
[rateLimit] Redis error, failing open: Error: Stream isn't writeable and enableOfflineQueue options is false
    at new Promise (<anonymous>)
    at checkRateLimit (src/lib/rateLimit.ts:57:39)
    at requireInternalAuth (src/lib/internalAuth.ts:92:25)
    at async GET (src/app/api/v1/portal-settings/[companyId]/route.ts:16:22)
  55 |
  56 |   try {
> 57 |     await getLimiter(pointsPerMinute).consume(companyId, 1);
     |                                       ^
  58 |   } catch (err) {
  59 |     // rate-limiter-flexible throws a RateLimiterRes (has msBeforeNext) when
  60 |     // the limit is actually exceeded; anything else (e.g. Redis down) is a
 GET /api/v1/portal-settings/cmtgb04gr000a0bv35evd9ya5 200 in 3ms (next.js: 0.4ms, application-code: 3ms)
[rateLimit] Redis connection error: 
[rateLimit] Redis connection error: 
[rateLimit] Redis connection error: 
[rateLimit] Redis connection error: 
[rateLimit] Redis connection error: 
[rateLimit] Redis connection error: 
[rateLimit] Redis error, failing open: Error: Stream isn't writeable and enableOfflineQueue options is false
    at new Promise (<anonymous>)
    at checkRateLimit (src/lib/rateLimit.ts:57:39)
    at requireInternalAuth (src/lib/internalAuth.ts:92:25)
    at async GET (src/app/api/v1/tenant/resolve/route.ts:10:27)
  55 |
  56 |   try {
> 57 |     await getLimiter(pointsPerMinute).consume(companyId, 1);
     |                                       ^
  58 |   } catch (err) {
  59 |     // rate-limiter-flexible throws a RateLimiterRes (has msBeforeNext) when
  60 |     // the limit is actually exceeded; anything else (e.g. Redis down) is a
 GET /api/v1/tenant/resolve 200 in 15ms (next.js: 5ms, application-code: 10ms)
[rateLimit] Redis error, failing open: Error: Stream isn't writeable and enableOfflineQueue options is false
    at new Promise (<anonymous>)
    at checkRateLimit (src/lib/rateLimit.ts:57:39)
    at requireInternalAuth (src/lib/internalAuth.ts:92:25)
    at async GET (src/app/api/v1/tenant/resolve/route.ts:10:27)
  55 |
  56 |   try {
> 57 |     await getLimiter(pointsPerMinute).consume(companyId, 1);
     |                                       ^
  58 |   } catch (err) {
  59 |     // rate-limiter-flexible throws a RateLimiterRes (has msBeforeNext) when
  60 |     // the limit is actually exceeded; anything else (e.g. Redis down) is a
 GET /api/v1/tenant/resolve 200 in 7ms (next.js: 1.4ms, application-code: 5ms)
[rateLimit] Redis error, failing open: Error: Stream isn't writeable and enableOfflineQueue options is false
    at new Promise (<anonymous>)
    at checkRateLimit (src/lib/rateLimit.ts:57:39)
    at requireInternalAuth (src/lib/internalAuth.ts:92:25)
    at async GET (src/app/api/v1/portal-settings/[companyId]/route.ts:16:22)
  55 |
  56 |   try {
> 57 |     await getLimiter(pointsPerMinute).consume(companyId, 1);
     |                                       ^
  58 |   } catch (err) {
  59 |     // rate-limiter-flexible throws a RateLimiterRes (has msBeforeNext) when
  60 |     // the limit is actually exceeded; anything else (e.g. Redis down) is a
 GET /api/v1/portal-settings/cmtgb040d00000bv3pa01rwb1 200 in 8ms (next.js: 3ms, application-code: 5ms)
[rateLimit] Redis error, failing open: Error: Stream isn't writeable and enableOfflineQueue options is false
    at new Promise (<anonymous>)
    at checkRateLimit (src/lib/rateLimit.ts:57:39)
    at requireInternalAuth (src/lib/internalAuth.ts:92:25)
    at async GET (src/app/api/v1/tenant/resolve/route.ts:10:27)
  55 |
  56 |   try {
> 57 |     await getLimiter(pointsPerMinute).consume(companyId, 1);
     |                                       ^
  58 |   } catch (err) {
  59 |     // rate-limiter-flexible throws a RateLimiterRes (has msBeforeNext) when
  60 |     // the limit is actually exceeded; anything else (e.g. Redis down) is a
 GET /api/v1/tenant/resolve 200 in 4ms (next.js: 0.8ms, application-code: 3ms)
[rateLimit] Redis error, failing open: Error: Stream isn't writeable and enableOfflineQueue options is false
    at new Promise (<anonymous>)
    at checkRateLimit (src/lib/rateLimit.ts:57:39)
    at requireInternalAuth (src/lib/internalAuth.ts:92:25)
    at async GET (src/app/api/v1/tenant/resolve/route.ts:10:27)
  55 |
  56 |   try {
> 57 |     await getLimiter(pointsPerMinute).consume(companyId, 1);
     |                                       ^
  58 |   } catch (err) {
  59 |     // rate-limiter-flexible throws a RateLimiterRes (has msBeforeNext) when
  60 |     // the limit is actually exceeded; anything else (e.g. Redis down) is a
 GET /api/v1/tenant/resolve 200 in 3ms (next.js: 0.5ms, application-code: 2ms)
[rateLimit] Redis error, failing open: Error: Stream isn't writeable and enableOfflineQueue options is false
    at new Promise (<anonymous>)
    at checkRateLimit (src/lib/rateLimit.ts:57:39)
    at requireInternalAuth (src/lib/internalAuth.ts:92:25)
    at async GET (src/app/api/v1/portal-settings/[companyId]/route.ts:16:22)
  55 |
  56 |   try {
> 57 |     await getLimiter(pointsPerMinute).consume(companyId, 1);
     |                                       ^
  58 |   } catch (err) {
  59 |     // rate-limiter-flexible throws a RateLimiterRes (has msBeforeNext) when
  60 |     // the limit is actually exceeded; anything else (e.g. Redis down) is a
 GET /api/v1/portal-settings/cmtgb04al00050bv3rt10npd9 200 in 4ms (next.js: 0.5ms, application-code: 3ms)
[rateLimit] Redis error, failing open: Error: Stream isn't writeable and enableOfflineQueue options is false
    at new Promise (<anonymous>)
    at checkRateLimit (src/lib/rateLimit.ts:57:39)
    at requireInternalAuth (src/lib/internalAuth.ts:92:25)
    at async GET (src/app/api/v1/tenant/resolve/route.ts:10:27)
  55 |
  56 |   try {
> 57 |     await getLimiter(pointsPerMinute).consume(companyId, 1);
     |                                       ^
  58 |   } catch (err) {
  59 |     // rate-limiter-flexible throws a RateLimiterRes (has msBeforeNext) when
  60 |     // the limit is actually exceeded; anything else (e.g. Redis down) is a
 GET /api/v1/tenant/resolve 200 in 3ms (next.js: 0.6ms, application-code: 3ms)
[rateLimit] Redis error, failing open: Error: Stream isn't writeable and enableOfflineQueue options is false
    at new Promise (<anonymous>)
    at checkRateLimit (src/lib/rateLimit.ts:57:39)
    at requireInternalAuth (src/lib/internalAuth.ts:92:25)
    at async GET (src/app/api/v1/tenant/resolve/route.ts:10:27)
  55 |
  56 |   try {
> 57 |     await getLimiter(pointsPerMinute).consume(companyId, 1);
     |                                       ^
  58 |   } catch (err) {
  59 |     // rate-limiter-flexible throws a RateLimiterRes (has msBeforeNext) when
  60 |     // the limit is actually exceeded; anything else (e.g. Redis down) is a
 GET /api/v1/tenant/resolve 200 in 3ms (next.js: 0.4ms, application-code: 2ms)
[rateLimit] Redis error, failing open: Error: Stream isn't writeable and enableOfflineQueue options is false
    at new Promise (<anonymous>)
    at checkRateLimit (src/lib/rateLimit.ts:57:39)
    at requireInternalAuth (src/lib/internalAuth.ts:92:25)
    at async GET (src/app/api/v1/portal-settings/[companyId]/route.ts:16:22)
  55 |
  56 |   try {
> 57 |     await getLimiter(pointsPerMinute).consume(companyId, 1);
     |                                       ^
  58 |   } catch (err) {
  59 |     // rate-limiter-flexible throws a RateLimiterRes (has msBeforeNext) when
  60 |     // the limit is actually exceeded; anything else (e.g. Redis down) is a
 GET /api/v1/portal-settings/cmtgb04gr000a0bv35evd9ya5 200 in 3ms (next.js: 0.5ms, application-code: 3ms)
[rateLimit] Redis connection error: 
[rateLimit] Redis connection error: 
[rateLimit] Redis connection error: 
[rateLimit] Redis connection error: 
[rateLimit] Redis connection error: 
[rateLimit] Redis connection error: 
[rateLimit] Redis error, failing open: Error: Stream isn't writeable and enableOfflineQueue options is false
    at new Promise (<anonymous>)
    at checkRateLimit (src/lib/rateLimit.ts:57:39)
    at requireInternalAuth (src/lib/internalAuth.ts:92:25)
    at async GET (src/app/api/v1/tenant/api-key/route.ts:13:44)
  55 |
  56 |   try {
> 57 |     await getLimiter(pointsPerMinute).consume(companyId, 1);
     |                                       ^
  58 |   } catch (err) {
  59 |     // rate-limiter-flexible throws a RateLimiterRes (has msBeforeNext) when
  60 |     // the limit is actually exceeded; anything else (e.g. Redis down) is a
 GET /api/v1/tenant/api-key 200 in 7ms (next.js: 1.8ms, application-code: 6ms)
[rateLimit] Redis error, failing open: Error: Stream isn't writeable and enableOfflineQueue options is false
    at new Promise (<anonymous>)
    at checkRateLimit (src/lib/rateLimit.ts:57:39)
    at requireInternalAuth (src/lib/internalAuth.ts:92:25)
    at async GET (src/app/api/v1/tenant/resolve/route.ts:10:27)
  55 |
  56 |   try {
> 57 |     await getLimiter(pointsPerMinute).consume(companyId, 1);
     |                                       ^
  58 |   } catch (err) {
  59 |     // rate-limiter-flexible throws a RateLimiterRes (has msBeforeNext) when
  60 |     // the limit is actually exceeded; anything else (e.g. Redis down) is a
 GET /api/v1/tenant/resolve 200 in 3ms (next.js: 0.7ms, application-code: 3ms)
[rateLimit] Redis error, failing open: Error: Stream isn't writeable and enableOfflineQueue options is false
    at new Promise (<anonymous>)
    at checkRateLimit (src/lib/rateLimit.ts:57:39)
    at requireInternalAuth (src/lib/internalAuth.ts:92:25)
    at async GET (src/app/api/v1/tenant/resolve/route.ts:10:27)
  55 |
  56 |   try {
> 57 |     await getLimiter(pointsPerMinute).consume(companyId, 1);
     |                                       ^
  58 |   } catch (err) {
  59 |     // rate-limiter-flexible throws a RateLimiterRes (has msBeforeNext) when
  60 |     // the limit is actually exceeded; anything else (e.g. Redis down) is a
 GET /api/v1/tenant/resolve 200 in 3ms (next.js: 0.4ms, application-code: 2ms)
[rateLimit] Redis error, failing open: Error: Stream isn't writeable and enableOfflineQueue options is false
    at new Promise (<anonymous>)
    at checkRateLimit (src/lib/rateLimit.ts:57:39)
    at requireInternalAuth (src/lib/internalAuth.ts:92:25)
    at async GET (src/app/api/v1/portal-settings/[companyId]/route.ts:16:22)
  55 |
  56 |   try {
> 57 |     await getLimiter(pointsPerMinute).consume(companyId, 1);
     |                                       ^
  58 |   } catch (err) {
  59 |     // rate-limiter-flexible throws a RateLimiterRes (has msBeforeNext) when
  60 |     // the limit is actually exceeded; anything else (e.g. Redis down) is a
 GET /api/v1/portal-settings/cmtgb040d00000bv3pa01rwb1 200 in 4ms (next.js: 1.4ms, application-code: 3ms)
[rateLimit] Redis error, failing open: Error: Stream isn't writeable and enableOfflineQueue options is false
    at new Promise (<anonymous>)
    at checkRateLimit (src/lib/rateLimit.ts:57:39)
    at requireInternalAuth (src/lib/internalAuth.ts:92:25)
    at async GET (src/app/api/v1/tenant/api-key/route.ts:13:44)
  55 |
  56 |   try {
> 57 |     await getLimiter(pointsPerMinute).consume(companyId, 1);
     |                                       ^
  58 |   } catch (err) {
  59 |     // rate-limiter-flexible throws a RateLimiterRes (has msBeforeNext) when
  60 |     // the limit is actually exceeded; anything else (e.g. Redis down) is a
 GET /api/v1/tenant/api-key 200 in 6ms (next.js: 0.8ms, application-code: 5ms)
[rateLimit] Redis error, failing open: Error: Stream isn't writeable and enableOfflineQueue options is false
    at new Promise (<anonymous>)
    at checkRateLimit (src/lib/rateLimit.ts:57:39)
    at requireInternalAuth (src/lib/internalAuth.ts:92:25)
    at async GET (src/app/api/v1/tenant/resolve/route.ts:10:27)
  55 |
  56 |   try {
> 57 |     await getLimiter(pointsPerMinute).consume(companyId, 1);
     |                                       ^
  58 |   } catch (err) {
  59 |     // rate-limiter-flexible throws a RateLimiterRes (has msBeforeNext) when
  60 |     // the limit is actually exceeded; anything else (e.g. Redis down) is a
 GET /api/v1/tenant/resolve 200 in 3ms (next.js: 0.6ms, application-code: 3ms)
[rateLimit] Redis error, failing open: Error: Stream isn't writeable and enableOfflineQueue options is false
    at new Promise (<anonymous>)
    at checkRateLimit (src/lib/rateLimit.ts:57:39)
    at requireInternalAuth (src/lib/internalAuth.ts:92:25)
    at async GET (src/app/api/v1/tenant/resolve/route.ts:10:27)
  55 |
  56 |   try {
> 57 |     await getLimiter(pointsPerMinute).consume(companyId, 1);
     |                                       ^
  58 |   } catch (err) {
  59 |     // rate-limiter-flexible throws a RateLimiterRes (has msBeforeNext) when
  60 |     // the limit is actually exceeded; anything else (e.g. Redis down) is a
 GET /api/v1/tenant/resolve 200 in 3ms (next.js: 0.5ms, application-code: 2ms)
[rateLimit] Redis error, failing open: Error: Stream isn't writeable and enableOfflineQueue options is false
    at new Promise (<anonymous>)
    at checkRateLimit (src/lib/rateLimit.ts:57:39)
    at requireInternalAuth (src/lib/internalAuth.ts:92:25)
    at async GET (src/app/api/v1/portal-settings/[companyId]/route.ts:16:22)
  55 |
  56 |   try {
> 57 |     await getLimiter(pointsPerMinute).consume(companyId, 1);
     |                                       ^
  58 |   } catch (err) {
  59 |     // rate-limiter-flexible throws a RateLimiterRes (has msBeforeNext) when
  60 |     // the limit is actually exceeded; anything else (e.g. Redis down) is a
 GET /api/v1/portal-settings/cmtgb04al00050bv3rt10npd9 200 in 4ms (next.js: 0.5ms, application-code: 3ms)
[rateLimit] Redis error, failing open: Error: Stream isn't writeable and enableOfflineQueue options is false
    at new Promise (<anonymous>)
    at checkRateLimit (src/lib/rateLimit.ts:57:39)
    at requireInternalAuth (src/lib/internalAuth.ts:92:25)
    at async GET (src/app/api/v1/tenant/api-key/route.ts:13:44)
  55 |
  56 |   try {
> 57 |     await getLimiter(pointsPerMinute).consume(companyId, 1);
     |                                       ^
  58 |   } catch (err) {
  59 |     // rate-limiter-flexible throws a RateLimiterRes (has msBeforeNext) when
  60 |     // the limit is actually exceeded; anything else (e.g. Redis down) is a
 GET /api/v1/tenant/api-key 200 in 3ms (next.js: 0.5ms, application-code: 3ms)
[rateLimit] Redis error, failing open: Error: Stream isn't writeable and enableOfflineQueue options is false
    at new Promise (<anonymous>)
    at checkRateLimit (src/lib/rateLimit.ts:57:39)
    at requireInternalAuth (src/lib/internalAuth.ts:92:25)
    at async GET (src/app/api/v1/tenant/resolve/route.ts:10:27)
  55 |
  56 |   try {
> 57 |     await getLimiter(pointsPerMinute).consume(companyId, 1);
     |                                       ^
  58 |   } catch (err) {
  59 |     // rate-limiter-flexible throws a RateLimiterRes (has msBeforeNext) when
  60 |     // the limit is actually exceeded; anything else (e.g. Redis down) is a
 GET /api/v1/tenant/resolve 200 in 3ms (next.js: 0.6ms, application-code: 3ms)
[rateLimit] Redis error, failing open: Error: Stream isn't writeable and enableOfflineQueue options is false
    at new Promise (<anonymous>)
    at checkRateLimit (src/lib/rateLimit.ts:57:39)
    at requireInternalAuth (src/lib/internalAuth.ts:92:25)
    at async GET (src/app/api/v1/tenant/resolve/route.ts:10:27)
  55 |
  56 |   try {
> 57 |     await getLimiter(pointsPerMinute).consume(companyId, 1);
     |                                       ^
  58 |   } catch (err) {
  59 |     // rate-limiter-flexible throws a RateLimiterRes (has msBeforeNext) when
  60 |     // the limit is actually exceeded; anything else (e.g. Redis down) is a
 GET /api/v1/tenant/resolve 200 in 3ms (next.js: 0.6ms, application-code: 2ms)
[rateLimit] Redis error, failing open: Error: Stream isn't writeable and enableOfflineQueue options is false
    at new Promise (<anonymous>)
    at checkRateLimit (src/lib/rateLimit.ts:57:39)
    at requireInternalAuth (src/lib/internalAuth.ts:92:25)
    at async GET (src/app/api/v1/portal-settings/[companyId]/route.ts:16:22)
  55 |
  56 |   try {
> 57 |     await getLimiter(pointsPerMinute).consume(companyId, 1);
     |                                       ^
  58 |   } catch (err) {
  59 |     // rate-limiter-flexible throws a RateLimiterRes (has msBeforeNext) when
  60 |     // the limit is actually exceeded; anything else (e.g. Redis down) is a
 GET /api/v1/portal-settings/cmtgb04gr000a0bv35evd9ya5 200 in 4ms (next.js: 0.5ms, application-code: 3ms)
[rateLimit] Redis connection error: 
[rateLimit] Redis connection error: 
[rateLimit] Redis connection error: 
[rateLimit] Redis connection error: 
[rateLimit] Redis connection error: 
[rateLimit] Redis connection error: 
[rateLimit] Redis error, failing open: Error: Stream isn't writeable and enableOfflineQueue options is false
    at new Promise (<anonymous>)
    at checkRateLimit (src/lib/rateLimit.ts:57:39)
    at requireInternalAuth (src/lib/internalAuth.ts:92:25)
    at async GET (src/app/api/v1/tenant/resolve/route.ts:10:27)
  55 |
  56 |   try {
> 57 |     await getLimiter(pointsPerMinute).consume(companyId, 1);
     |                                       ^
  58 |   } catch (err) {
  59 |     // rate-limiter-flexible throws a RateLimiterRes (has msBeforeNext) when
  60 |     // the limit is actually exceeded; anything else (e.g. Redis down) is a
 GET /api/v1/tenant/resolve 200 in 13ms (next.js: 3ms, application-code: 10ms)
[rateLimit] Redis error, failing open: Error: Stream isn't writeable and enableOfflineQueue options is false
    at new Promise (<anonymous>)
    at checkRateLimit (src/lib/rateLimit.ts:57:39)
    at requireInternalAuth (src/lib/internalAuth.ts:92:25)
    at async GET (src/app/api/v1/tenant/resolve/route.ts:10:27)
  55 |
  56 |   try {
> 57 |     await getLimiter(pointsPerMinute).consume(companyId, 1);
     |                                       ^
  58 |   } catch (err) {
  59 |     // rate-limiter-flexible throws a RateLimiterRes (has msBeforeNext) when
  60 |     // the limit is actually exceeded; anything else (e.g. Redis down) is a
 GET /api/v1/tenant/resolve 200 in 6ms (next.js: 1.6ms, application-code: 4ms)
[rateLimit] Redis error, failing open: Error: Stream isn't writeable and enableOfflineQueue options is false
    at new Promise (<anonymous>)
    at checkRateLimit (src/lib/rateLimit.ts:57:39)
    at requireInternalAuth (src/lib/internalAuth.ts:92:25)
    at async GET (src/app/api/v1/portal-settings/[companyId]/route.ts:16:22)
  55 |
  56 |   try {
> 57 |     await getLimiter(pointsPerMinute).consume(companyId, 1);
     |                                       ^
  58 |   } catch (err) {
  59 |     // rate-limiter-flexible throws a RateLimiterRes (has msBeforeNext) when
  60 |     // the limit is actually exceeded; anything else (e.g. Redis down) is a
 GET /api/v1/portal-settings/cmtgb040d00000bv3pa01rwb1 200 in 8ms (next.js: 3ms, application-code: 5ms)
[rateLimit] Redis error, failing open: Error: Stream isn't writeable and enableOfflineQueue options is false
    at new Promise (<anonymous>)
    at checkRateLimit (src/lib/rateLimit.ts:57:39)
    at requireInternalAuth (src/lib/internalAuth.ts:92:25)
    at async GET (src/app/api/v1/tenant/resolve/route.ts:10:27)
  55 |
  56 |   try {
> 57 |     await getLimiter(pointsPerMinute).consume(companyId, 1);
     |                                       ^
  58 |   } catch (err) {
  59 |     // rate-limiter-flexible throws a RateLimiterRes (has msBeforeNext) when
  60 |     // the limit is actually exceeded; anything else (e.g. Redis down) is a
 GET /api/v1/tenant/resolve 200 in 3ms (next.js: 0.6ms, application-code: 3ms)
[rateLimit] Redis error, failing open: Error: Stream isn't writeable and enableOfflineQueue options is false
    at new Promise (<anonymous>)
    at checkRateLimit (src/lib/rateLimit.ts:57:39)
    at requireInternalAuth (src/lib/internalAuth.ts:92:25)
    at async GET (src/app/api/v1/tenant/resolve/route.ts:10:27)
  55 |
  56 |   try {
> 57 |     await getLimiter(pointsPerMinute).consume(companyId, 1);
     |                                       ^
  58 |   } catch (err) {
  59 |     // rate-limiter-flexible throws a RateLimiterRes (has msBeforeNext) when
  60 |     // the limit is actually exceeded; anything else (e.g. Redis down) is a
 GET /api/v1/tenant/resolve 200 in 3ms (next.js: 0.6ms, application-code: 3ms)
[rateLimit] Redis error, failing open: Error: Stream isn't writeable and enableOfflineQueue options is false
    at new Promise (<anonymous>)
    at checkRateLimit (src/lib/rateLimit.ts:57:39)
    at requireInternalAuth (src/lib/internalAuth.ts:92:25)
    at async GET (src/app/api/v1/portal-settings/[companyId]/route.ts:16:22)
  55 |
  56 |   try {
> 57 |     await getLimiter(pointsPerMinute).consume(companyId, 1);
     |                                       ^
  58 |   } catch (err) {
  59 |     // rate-limiter-flexible throws a RateLimiterRes (has msBeforeNext) when
  60 |     // the limit is actually exceeded; anything else (e.g. Redis down) is a
 GET /api/v1/portal-settings/cmtgb04al00050bv3rt10npd9 200 in 4ms (next.js: 0.6ms, application-code: 3ms)
[rateLimit] Redis error, failing open: Error: Stream isn't writeable and enableOfflineQueue options is false
    at new Promise (<anonymous>)
    at checkRateLimit (src/lib/rateLimit.ts:57:39)
    at requireInternalAuth (src/lib/internalAuth.ts:92:25)
    at async GET (src/app/api/v1/tenant/resolve/route.ts:10:27)
  55 |
  56 |   try {
> 57 |     await getLimiter(pointsPerMinute).consume(companyId, 1);
     |                                       ^
  58 |   } catch (err) {
  59 |     // rate-limiter-flexible throws a RateLimiterRes (has msBeforeNext) when
  60 |     // the limit is actually exceeded; anything else (e.g. Redis down) is a
 GET /api/v1/tenant/resolve 200 in 5ms (next.js: 1.0ms, application-code: 4ms)
[rateLimit] Redis error, failing open: Error: Stream isn't writeable and enableOfflineQueue options is false
    at new Promise (<anonymous>)
    at checkRateLimit (src/lib/rateLimit.ts:57:39)
    at requireInternalAuth (src/lib/internalAuth.ts:92:25)
    at async GET (src/app/api/v1/tenant/resolve/route.ts:10:27)
  55 |
  56 |   try {
> 57 |     await getLimiter(pointsPerMinute).consume(companyId, 1);
     |                                       ^
  58 |   } catch (err) {
  59 |     // rate-limiter-flexible throws a RateLimiterRes (has msBeforeNext) when
  60 |     // the limit is actually exceeded; anything else (e.g. Redis down) is a
 GET /api/v1/tenant/resolve 200 in 6ms (next.js: 1.0ms, application-code: 5ms)
[rateLimit] Redis error, failing open: Error: Stream isn't writeable and enableOfflineQueue options is false
    at new Promise (<anonymous>)
    at checkRateLimit (src/lib/rateLimit.ts:57:39)
    at requireInternalAuth (src/lib/internalAuth.ts:92:25)
    at async GET (src/app/api/v1/portal-settings/[companyId]/route.ts:16:22)
  55 |
  56 |   try {
> 57 |     await getLimiter(pointsPerMinute).consume(companyId, 1);
     |                                       ^
  58 |   } catch (err) {
  59 |     // rate-limiter-flexible throws a RateLimiterRes (has msBeforeNext) when
  60 |     // the limit is actually exceeded; anything else (e.g. Redis down) is a
 GET /api/v1/portal-settings/cmtgb04gr000a0bv35evd9ya5 200 in 7ms (next.js: 1.2ms, application-code: 6ms)
[rateLimit] Redis connection error: 
[rateLimit] Redis connection error: 
[rateLimit] Redis connection error: 
[rateLimit] Redis connection error: 
[rateLimit] Redis connection error: 
[rateLimit] Redis connection error: 
[rateLimit] Redis error, failing open: Error: Stream isn't writeable and enableOfflineQueue options is false
    at new Promise (<anonymous>)
    at checkRateLimit (src/lib/rateLimit.ts:57:39)
    at requireInternalAuth (src/lib/internalAuth.ts:92:25)
    at async GET (src/app/api/v1/tenant/resolve/route.ts:10:27)
  55 |
  56 |   try {
> 57 |     await getLimiter(pointsPerMinute).consume(companyId, 1);
     |                                       ^
  58 |   } catch (err) {
  59 |     // rate-limiter-flexible throws a RateLimiterRes (has msBeforeNext) when
  60 |     // the limit is actually exceeded; anything else (e.g. Redis down) is a
 GET /api/v1/tenant/resolve 200 in 17ms (next.js: 3ms, application-code: 15ms)
[rateLimit] Redis error, failing open: Error: Stream isn't writeable and enableOfflineQueue options is false
    at new Promise (<anonymous>)
    at checkRateLimit (src/lib/rateLimit.ts:57:39)
    at requireInternalAuth (src/lib/internalAuth.ts:92:25)
    at async GET (src/app/api/v1/tenant/resolve/route.ts:10:27)
  55 |
  56 |   try {
> 57 |     await getLimiter(pointsPerMinute).consume(companyId, 1);
     |                                       ^
  58 |   } catch (err) {
  59 |     // rate-limiter-flexible throws a RateLimiterRes (has msBeforeNext) when
  60 |     // the limit is actually exceeded; anything else (e.g. Redis down) is a
 GET /api/v1/tenant/resolve 200 in 9ms (next.js: 2ms, application-code: 7ms)
[rateLimit] Redis error, failing open: Error: Stream isn't writeable and enableOfflineQueue options is false
    at new Promise (<anonymous>)
    at checkRateLimit (src/lib/rateLimit.ts:57:39)
    at requireInternalAuth (src/lib/internalAuth.ts:92:25)
    at async GET (src/app/api/v1/portal-settings/[companyId]/route.ts:16:22)
  55 |
  56 |   try {
> 57 |     await getLimiter(pointsPerMinute).consume(companyId, 1);
     |                                       ^
  58 |   } catch (err) {
  59 |     // rate-limiter-flexible throws a RateLimiterRes (has msBeforeNext) when
  60 |     // the limit is actually exceeded; anything else (e.g. Redis down) is a
 GET /api/v1/portal-settings/cmtgb040d00000bv3pa01rwb1 200 in 12ms (next.js: 3ms, application-code: 9ms)
[rateLimit] Redis error, failing open: Error: Stream isn't writeable and enableOfflineQueue options is false
    at new Promise (<anonymous>)
    at checkRateLimit (src/lib/rateLimit.ts:57:39)
    at requireInternalAuth (src/lib/internalAuth.ts:92:25)
    at async GET (src/app/api/v1/tenant/resolve/route.ts:10:27)
  55 |
  56 |   try {
> 57 |     await getLimiter(pointsPerMinute).consume(companyId, 1);
     |                                       ^
  58 |   } catch (err) {
  59 |     // rate-limiter-flexible throws a RateLimiterRes (has msBeforeNext) when
  60 |     // the limit is actually exceeded; anything else (e.g. Redis down) is a
 GET /api/v1/tenant/resolve 200 in 4ms (next.js: 0.7ms, application-code: 3ms)
[rateLimit] Redis error, failing open: Error: Stream isn't writeable and enableOfflineQueue options is false
    at new Promise (<anonymous>)
    at checkRateLimit (src/lib/rateLimit.ts:57:39)
    at requireInternalAuth (src/lib/internalAuth.ts:92:25)
    at async GET (src/app/api/v1/tenant/resolve/route.ts:10:27)
  55 |
  56 |   try {
> 57 |     await getLimiter(pointsPerMinute).consume(companyId, 1);
     |                                       ^
  58 |   } catch (err) {
  59 |     // rate-limiter-flexible throws a RateLimiterRes (has msBeforeNext) when
  60 |     // the limit is actually exceeded; anything else (e.g. Redis down) is a
 GET /api/v1/tenant/resolve 200 in 3ms (next.js: 0.6ms, application-code: 3ms)
[rateLimit] Redis error, failing open: Error: Stream isn't writeable and enableOfflineQueue options is false
    at new Promise (<anonymous>)
    at checkRateLimit (src/lib/rateLimit.ts:57:39)
    at requireInternalAuth (src/lib/internalAuth.ts:92:25)
    at async GET (src/app/api/v1/portal-settings/[companyId]/route.ts:16:22)
  55 |
  56 |   try {
> 57 |     await getLimiter(pointsPerMinute).consume(companyId, 1);
     |                                       ^
  58 |   } catch (err) {
  59 |     // rate-limiter-flexible throws a RateLimiterRes (has msBeforeNext) when
  60 |     // the limit is actually exceeded; anything else (e.g. Redis down) is a
 GET /api/v1/portal-settings/cmtgb04al00050bv3rt10npd9 200 in 4ms (next.js: 0.5ms, application-code: 3ms)
[rateLimit] Redis error, failing open: Error: Stream isn't writeable and enableOfflineQueue options is false
    at new Promise (<anonymous>)
    at checkRateLimit (src/lib/rateLimit.ts:57:39)
    at requireInternalAuth (src/lib/internalAuth.ts:92:25)
    at async GET (src/app/api/v1/tenant/resolve/route.ts:10:27)
  55 |
  56 |   try {
> 57 |     await getLimiter(pointsPerMinute).consume(companyId, 1);
     |                                       ^
  58 |   } catch (err) {
  59 |     // rate-limiter-flexible throws a RateLimiterRes (has msBeforeNext) when
  60 |     // the limit is actually exceeded; anything else (e.g. Redis down) is a
 GET /api/v1/tenant/resolve 200 in 3ms (next.js: 0.6ms, application-code: 2ms)
[rateLimit] Redis error, failing open: Error: Stream isn't writeable and enableOfflineQueue options is false
    at new Promise (<anonymous>)
    at checkRateLimit (src/lib/rateLimit.ts:57:39)
    at requireInternalAuth (src/lib/internalAuth.ts:92:25)
    at async GET (src/app/api/v1/tenant/resolve/route.ts:10:27)
  55 |
  56 |   try {
> 57 |     await getLimiter(pointsPerMinute).consume(companyId, 1);
     |                                       ^
  58 |   } catch (err) {
  59 |     // rate-limiter-flexible throws a RateLimiterRes (has msBeforeNext) when
  60 |     // the limit is actually exceeded; anything else (e.g. Redis down) is a
 GET /api/v1/tenant/resolve 200 in 2ms (next.js: 0.5ms, application-code: 2ms)
[rateLimit] Redis error, failing open: Error: Stream isn't writeable and enableOfflineQueue options is false
    at new Promise (<anonymous>)
    at checkRateLimit (src/lib/rateLimit.ts:57:39)
    at requireInternalAuth (src/lib/internalAuth.ts:92:25)
    at async GET (src/app/api/v1/portal-settings/[companyId]/route.ts:16:22)
  55 |
  56 |   try {
> 57 |     await getLimiter(pointsPerMinute).consume(companyId, 1);
     |                                       ^
  58 |   } catch (err) {
  59 |     // rate-limiter-flexible throws a RateLimiterRes (has msBeforeNext) when
  60 |     // the limit is actually exceeded; anything else (e.g. Redis down) is a
 GET /api/v1/portal-settings/cmtgb04gr000a0bv35evd9ya5 200 in 3ms (next.js: 0.4ms, application-code: 3ms)
[rateLimit] Redis connection error: 
[rateLimit] Redis connection error: 
[rateLimit] Redis error, failing open: Error: Stream isn't writeable and enableOfflineQueue options is false
    at new Promise (<anonymous>)
    at checkRateLimit (src/lib/rateLimit.ts:57:39)
    at requireInternalAuth (src/lib/internalAuth.ts:92:25)
    at async GET (src/app/api/v1/tenant/resolve/route.ts:10:27)
  55 |
  56 |   try {
> 57 |     await getLimiter(pointsPerMinute).consume(companyId, 1);
     |                                       ^
  58 |   } catch (err) {
  59 |     // rate-limiter-flexible throws a RateLimiterRes (has msBeforeNext) when
  60 |     // the limit is actually exceeded; anything else (e.g. Redis down) is a
 GET /api/v1/tenant/resolve 200 in 3ms (next.js: 0.6ms, application-code: 3ms)
[rateLimit] Redis error, failing open: Error: Stream isn't writeable and enableOfflineQueue options is false
    at new Promise (<anonymous>)
    at checkRateLimit (src/lib/rateLimit.ts:57:39)
    at requireInternalAuth (src/lib/internalAuth.ts:92:25)
    at async GET (src/app/api/v1/portal-settings/[companyId]/route.ts:16:22)
  55 |
  56 |   try {
> 57 |     await getLimiter(pointsPerMinute).consume(companyId, 1);
     |                                       ^
  58 |   } catch (err) {
  59 |     // rate-limiter-flexible throws a RateLimiterRes (has msBeforeNext) when
  60 |     // the limit is actually exceeded; anything else (e.g. Redis down) is a
 GET /api/v1/portal-settings/cmtgb040d00000bv3pa01rwb1 200 in 4ms (next.js: 1.2ms, application-code: 3ms)
[rateLimit] Redis error, failing open: Error: Stream isn't writeable and enableOfflineQueue options is false
    at new Promise (<anonymous>)
    at checkRateLimit (src/lib/rateLimit.ts:57:39)
    at requireInternalAuth (src/lib/internalAuth.ts:92:25)
    at async GET (src/app/api/v1/tenant/resolve/route.ts:10:27)
  55 |
  56 |   try {
> 57 |     await getLimiter(pointsPerMinute).consume(companyId, 1);
     |                                       ^
  58 |   } catch (err) {
  59 |     // rate-limiter-flexible throws a RateLimiterRes (has msBeforeNext) when
  60 |     // the limit is actually exceeded; anything else (e.g. Redis down) is a
 GET /api/v1/tenant/resolve 200 in 15ms (next.js: 8ms, application-code: 7ms)
[rateLimit] Redis error, failing open: Error: Stream isn't writeable and enableOfflineQueue options is false
    at new Promise (<anonymous>)
    at checkRateLimit (src/lib/rateLimit.ts:57:39)
    at requireInternalAuth (src/lib/internalAuth.ts:92:25)
    at async GET (src/app/api/v1/files/portal-settings/[companyId]/logo/route.ts:14:22)
  55 |
  56 |   try {
> 57 |     await getLimiter(pointsPerMinute).consume(companyId, 1);
     |                                       ^
  58 |   } catch (err) {
  59 |     // rate-limiter-flexible throws a RateLimiterRes (has msBeforeNext) when
  60 |     // the limit is actually exceeded; anything else (e.g. Redis down) is a
 GET /api/v1/files/portal-settings/cmtgb040d00000bv3pa01rwb1/logo 200 in 9ms (next.js: 2ms, application-code: 7ms)
[rateLimit] Redis connection error: 
[rateLimit] Redis error, failing open: Error: Stream isn't writeable and enableOfflineQueue options is false
    at new Promise (<anonymous>)
    at checkRateLimit (src/lib/rateLimit.ts:57:39)
    at requireInternalAuth (src/lib/internalAuth.ts:92:25)
    at async POST (src/app/api/v1/auth/login/route.ts:32:22)
  55 |
  56 |   try {
> 57 |     await getLimiter(pointsPerMinute).consume(companyId, 1);
     |                                       ^
  58 |   } catch (err) {
  59 |     // rate-limiter-flexible throws a RateLimiterRes (has msBeforeNext) when
  60 |     // the limit is actually exceeded; anything else (e.g. Redis down) is a
 POST /api/v1/auth/login 200 in 292ms (next.js: 213ms, application-code: 79ms)
[rateLimit] Redis error, failing open: Error: Stream isn't writeable and enableOfflineQueue options is false
    at new Promise (<anonymous>)
    at checkRateLimit (src/lib/rateLimit.ts:57:39)
    at requireInternalAuth (src/lib/internalAuth.ts:92:25)
    at async GET (src/app/api/v1/tenant/resolve/route.ts:10:27)
  55 |
  56 |   try {
> 57 |     await getLimiter(pointsPerMinute).consume(companyId, 1);
     |                                       ^
  58 |   } catch (err) {
  59 |     // rate-limiter-flexible throws a RateLimiterRes (has msBeforeNext) when
  60 |     // the limit is actually exceeded; anything else (e.g. Redis down) is a
 GET /api/v1/tenant/resolve 200 in 5ms (next.js: 1.3ms, application-code: 4ms)
[rateLimit] Redis error, failing open: Error: Stream isn't writeable and enableOfflineQueue options is false
    at new Promise (<anonymous>)
    at checkRateLimit (src/lib/rateLimit.ts:57:39)
    at requireInternalAuth (src/lib/internalAuth.ts:92:25)
    at async GET (src/app/api/v1/portal-settings/[companyId]/route.ts:16:22)
  55 |
  56 |   try {
> 57 |     await getLimiter(pointsPerMinute).consume(companyId, 1);
     |                                       ^
  58 |   } catch (err) {
  59 |     // rate-limiter-flexible throws a RateLimiterRes (has msBeforeNext) when
  60 |     // the limit is actually exceeded; anything else (e.g. Redis down) is a
 GET /api/v1/portal-settings/cmtgb040d00000bv3pa01rwb1 200 in 6ms (next.js: 1.7ms, application-code: 4ms)
[rateLimit] Redis error, failing open: Error: Stream isn't writeable and enableOfflineQueue options is false
    at new Promise (<anonymous>)
    at checkRateLimit (src/lib/rateLimit.ts:57:39)
    at requireInternalAuth (src/lib/internalAuth.ts:92:25)
    at async GET (src/app/api/v1/tenant/resolve/route.ts:10:27)
  55 |
  56 |   try {
> 57 |     await getLimiter(pointsPerMinute).consume(companyId, 1);
     |                                       ^
  58 |   } catch (err) {
  59 |     // rate-limiter-flexible throws a RateLimiterRes (has msBeforeNext) when
  60 |     // the limit is actually exceeded; anything else (e.g. Redis down) is a
 GET /api/v1/tenant/resolve 200 in 5ms (next.js: 1.7ms, application-code: 3ms)
[rateLimit] Redis error, failing open: Error: Stream isn't writeable and enableOfflineQueue options is false
    at new Promise (<anonymous>)
    at checkRateLimit (src/lib/rateLimit.ts:57:39)
    at requireInternalAuth (src/lib/internalAuth.ts:92:25)
    at async GET (src/app/api/v1/portal-settings/[companyId]/route.ts:16:22)
  55 |
  56 |   try {
> 57 |     await getLimiter(pointsPerMinute).consume(companyId, 1);
     |                                       ^
  58 |   } catch (err) {
  59 |     // rate-limiter-flexible throws a RateLimiterRes (has msBeforeNext) when
  60 |     // the limit is actually exceeded; anything else (e.g. Redis down) is a
 GET /api/v1/portal-settings/cmtgb040d00000bv3pa01rwb1 200 in 7ms (next.js: 1.3ms, application-code: 6ms)
[rateLimit] Redis error, failing open: Error: Stream isn't writeable and enableOfflineQueue options is false
    at new Promise (<anonymous>)
    at checkRateLimit (src/lib/rateLimit.ts:57:39)
    at requireInternalAuth (src/lib/internalAuth.ts:92:25)
    at async GET (src/app/api/v1/packages/route.ts:21:22)
  55 |
  56 |   try {
> 57 |     await getLimiter(pointsPerMinute).consume(companyId, 1);
     |                                       ^
  58 |   } catch (err) {
  59 |     // rate-limiter-flexible throws a RateLimiterRes (has msBeforeNext) when
  60 |     // the limit is actually exceeded; anything else (e.g. Redis down) is a
[rateLimit] Redis error, failing open: Error: Stream isn't writeable and enableOfflineQueue options is false
    at new Promise (<anonymous>)
    at checkRateLimit (src/lib/rateLimit.ts:57:39)
    at requireInternalAuth (src/lib/internalAuth.ts:92:25)
    at async GET (src/app/api/v1/packages/route.ts:21:22)
  55 |
  56 |   try {
> 57 |     await getLimiter(pointsPerMinute).consume(companyId, 1);
     |                                       ^
  58 |   } catch (err) {
  59 |     // rate-limiter-flexible throws a RateLimiterRes (has msBeforeNext) when
  60 |     // the limit is actually exceeded; anything else (e.g. Redis down) is a
prisma:error 
Invalid `__TURBOPACK__imported__module__$5b$project$5d2f$src$2f$lib$2f$prisma$2e$ts__$5b$app$2d$route$5d$__$28$ecmascript$29$__["prisma"].package.findMany()` invocation in
/Users/deevexx/Documents/PROJECTS/freight-forwarder/api/.next/dev/server/chunks/[root-of-the-server]__1ia8c4e._.js:244:146

  241     } : {}
  242 };
  243 const [packages, total] = await Promise.all([
→ 244     __TURBOPACK__imported__module__$5b$project$5d2f$src$2f$lib$2f$prisma$2e$ts__$5b$app$2d$route$5d$__$28$ecmascript$29$__["prisma"].package.findMany(
Value 'LOGGER' not found in enum 'Role'
⨯ Error [PrismaClientUnknownRequestError]: 
Invalid `{imported module ./src/lib/prisma.ts}["prisma"].package.findMany()` invocation in
/Users/deevexx/Documents/PROJECTS/freight-forwarder/api/.next/dev/server/chunks/[root-of-the-server]__1ia8c4e._.js:244:146

  241     } : {}
  242 };
  243 const [packages, total] = await Promise.all([
→ 244     {imported module ./src/lib/prisma.ts}["prisma"].package.findMany(
Value 'LOGGER' not found in enum 'Role'
    at <unknown> (src/app/api/v1/packages/route.ts:65:20)
    at async GET (src/app/api/v1/packages/route.ts:64:29)
  63 |
  64 |   const [packages, total] = await Promise.all([
> 65 |     prisma.package.findMany({
     |                    ^
  66 |       where,
  67 |       orderBy: { createdAt: "desc" },
  68 |       include: packageInclude, {
  clientVersion: '6.19.3'
}
 GET /api/v1/packages?page=1&pageSize=25 500 in 128ms (next.js: 73ms, application-code: 55ms)
prisma:error 
Invalid `__TURBOPACK__imported__module__$5b$project$5d2f$src$2f$lib$2f$prisma$2e$ts__$5b$app$2d$route$5d$__$28$ecmascript$29$__["prisma"].package.findMany()` invocation in
/Users/deevexx/Documents/PROJECTS/freight-forwarder/api/.next/dev/server/chunks/[root-of-the-server]__1ia8c4e._.js:244:146

  241     } : {}
  242 };
  243 const [packages, total] = await Promise.all([
→ 244     __TURBOPACK__imported__module__$5b$project$5d2f$src$2f$lib$2f$prisma$2e$ts__$5b$app$2d$route$5d$__$28$ecmascript$29$__["prisma"].package.findMany(
Value 'LOGGER' not found in enum 'Role'
⨯ Error [PrismaClientUnknownRequestError]: 
Invalid `{imported module ./src/lib/prisma.ts}["prisma"].package.findMany()` invocation in
/Users/deevexx/Documents/PROJECTS/freight-forwarder/api/.next/dev/server/chunks/[root-of-the-server]__1ia8c4e._.js:244:146

  241     } : {}
  242 };
  243 const [packages, total] = await Promise.all([
→ 244     {imported module ./src/lib/prisma.ts}["prisma"].package.findMany(
Value 'LOGGER' not found in enum 'Role'
    at <unknown> (src/app/api/v1/packages/route.ts:65:20)
    at async GET (src/app/api/v1/packages/route.ts:64:29)
  63 |
  64 |   const [packages, total] = await Promise.all([
> 65 |     prisma.package.findMany({
     |                    ^
  66 |       where,
  67 |       orderBy: { createdAt: "desc" },
  68 |       include: packageInclude, {
  clientVersion: '6.19.3'
}
 GET /api/v1/packages?page=1&pageSize=25 500 in 159ms (next.js: 99ms, application-code: 60ms)
[rateLimit] Redis error, failing open: Error: Stream isn't writeable and enableOfflineQueue options is false
    at new Promise (<anonymous>)
    at checkRateLimit (src/lib/rateLimit.ts:57:39)
    at requireInternalAuth (src/lib/internalAuth.ts:92:25)
    at async GET (src/app/api/v1/portal-users/[id]/route.ts:13:22)
  55 |
  56 |   try {
> 57 |     await getLimiter(pointsPerMinute).consume(companyId, 1);
     |                                       ^
  58 |   } catch (err) {
  59 |     // rate-limiter-flexible throws a RateLimiterRes (has msBeforeNext) when
  60 |     // the limit is actually exceeded; anything else (e.g. Redis down) is a
[rateLimit] Redis error, failing open: Error: Stream isn't writeable and enableOfflineQueue options is false
    at new Promise (<anonymous>)
    at checkRateLimit (src/lib/rateLimit.ts:57:39)
    at requireInternalAuth (src/lib/internalAuth.ts:92:25)
    at async GET (src/app/api/v1/portal-users/[id]/route.ts:13:22)
  55 |
  56 |   try {
> 57 |     await getLimiter(pointsPerMinute).consume(companyId, 1);
     |                                       ^
  58 |   } catch (err) {
  59 |     // rate-limiter-flexible throws a RateLimiterRes (has msBeforeNext) when
  60 |     // the limit is actually exceeded; anything else (e.g. Redis down) is a
 GET /api/v1/portal-users/cmtgb4ndy001d0b7ys1fzvnhl 200 in 505ms (next.js: 487ms, application-code: 19ms)
 GET /api/v1/portal-users/cmtgb4ndy001d0b7ys1fzvnhl 200 in 541ms (next.js: 522ms, application-code: 19ms)
[rateLimit] Redis connection error: 
[rateLimit] Redis connection error: 
[rateLimit] Redis error, failing open: Error: Stream isn't writeable and enableOfflineQueue options is false
    at new Promise (<anonymous>)
    at checkRateLimit (src/lib/rateLimit.ts:57:39)
    at requireInternalAuth (src/lib/internalAuth.ts:92:25)
    at async GET (src/app/api/v1/tenant/resolve/route.ts:10:27)
  55 |
  56 |   try {
> 57 |     await getLimiter(pointsPerMinute).consume(companyId, 1);
     |                                       ^
  58 |   } catch (err) {
  59 |     // rate-limiter-flexible throws a RateLimiterRes (has msBeforeNext) when
  60 |     // the limit is actually exceeded; anything else (e.g. Redis down) is a
 GET /api/v1/tenant/resolve 200 in 5ms (next.js: 0.8ms, application-code: 4ms)
[rateLimit] Redis error, failing open: Error: Stream isn't writeable and enableOfflineQueue options is false
    at new Promise (<anonymous>)
    at checkRateLimit (src/lib/rateLimit.ts:57:39)
    at requireInternalAuth (src/lib/internalAuth.ts:92:25)
    at async GET (src/app/api/v1/packages/route.ts:21:22)
  55 |
  56 |   try {
> 57 |     await getLimiter(pointsPerMinute).consume(companyId, 1);
     |                                       ^
  58 |   } catch (err) {
  59 |     // rate-limiter-flexible throws a RateLimiterRes (has msBeforeNext) when
  60 |     // the limit is actually exceeded; anything else (e.g. Redis down) is a
prisma:error 
Invalid `__TURBOPACK__imported__module__$5b$project$5d2f$src$2f$lib$2f$prisma$2e$ts__$5b$app$2d$route$5d$__$28$ecmascript$29$__["prisma"].package.findMany()` invocation in
/Users/deevexx/Documents/PROJECTS/freight-forwarder/api/.next/dev/server/chunks/[root-of-the-server]__1ia8c4e._.js:244:146

  241     } : {}
  242 };
  243 const [packages, total] = await Promise.all([
→ 244     __TURBOPACK__imported__module__$5b$project$5d2f$src$2f$lib$2f$prisma$2e$ts__$5b$app$2d$route$5d$__$28$ecmascript$29$__["prisma"].package.findMany(
Value 'LOGGER' not found in enum 'Role'
⨯ Error [PrismaClientUnknownRequestError]: 
Invalid `{imported module ./src/lib/prisma.ts}["prisma"].package.findMany()` invocation in
/Users/deevexx/Documents/PROJECTS/freight-forwarder/api/.next/dev/server/chunks/[root-of-the-server]__1ia8c4e._.js:244:146

  241     } : {}
  242 };
  243 const [packages, total] = await Promise.all([
→ 244     {imported module ./src/lib/prisma.ts}["prisma"].package.findMany(
Value 'LOGGER' not found in enum 'Role'
    at <unknown> (src/app/api/v1/packages/route.ts:65:20)
    at async GET (src/app/api/v1/packages/route.ts:64:29)
  63 |
  64 |   const [packages, total] = await Promise.all([
> 65 |     prisma.package.findMany({
     |                    ^
  66 |       where,
  67 |       orderBy: { createdAt: "desc" },
  68 |       include: packageInclude, {
  clientVersion: '6.19.3'
}
 GET /api/v1/packages?page=1&pageSize=25 500 in 8ms (next.js: 1.0ms, application-code: 7ms)
[rateLimit] Redis error, failing open: Error: Stream isn't writeable and enableOfflineQueue options is false
    at new Promise (<anonymous>)
    at checkRateLimit (src/lib/rateLimit.ts:57:39)
    at requireInternalAuth (src/lib/internalAuth.ts:92:25)
    at async GET (src/app/api/v1/portal-users/[id]/route.ts:13:22)
  55 |
  56 |   try {
> 57 |     await getLimiter(pointsPerMinute).consume(companyId, 1);
     |                                       ^
  58 |   } catch (err) {
  59 |     // rate-limiter-flexible throws a RateLimiterRes (has msBeforeNext) when
  60 |     // the limit is actually exceeded; anything else (e.g. Redis down) is a
 GET /api/v1/portal-users/cmtgb4ndy001d0b7ys1fzvnhl 200 in 8ms (next.js: 1.5ms, application-code: 7ms)
[rateLimit] Redis error, failing open: Error: Stream isn't writeable and enableOfflineQueue options is false
    at new Promise (<anonymous>)
    at checkRateLimit (src/lib/rateLimit.ts:57:39)
    at requireInternalAuth (src/lib/internalAuth.ts:92:25)
    at async GET (src/app/api/v1/portal-settings/[companyId]/route.ts:16:22)
  55 |
  56 |   try {
> 57 |     await getLimiter(pointsPerMinute).consume(companyId, 1);
     |                                       ^
  58 |   } catch (err) {
  59 |     // rate-limiter-flexible throws a RateLimiterRes (has msBeforeNext) when
  60 |     // the limit is actually exceeded; anything else (e.g. Redis down) is a
 GET /api/v1/portal-settings/cmtgb040d00000bv3pa01rwb1 200 in 7ms (next.js: 3ms, application-code: 4ms)
[rateLimit] Redis error, failing open: Error: Stream isn't writeable and enableOfflineQueue options is false
    at new Promise (<anonymous>)
    at checkRateLimit (src/lib/rateLimit.ts:57:39)
    at requireInternalAuth (src/lib/internalAuth.ts:92:25)
    at async GET (src/app/api/v1/tenant/resolve/route.ts:10:27)
  55 |
  56 |   try {
> 57 |     await getLimiter(pointsPerMinute).consume(companyId, 1);
     |                                       ^
  58 |   } catch (err) {
  59 |     // rate-limiter-flexible throws a RateLimiterRes (has msBeforeNext) when
  60 |     // the limit is actually exceeded; anything else (e.g. Redis down) is a
 GET /api/v1/tenant/resolve 200 in 5ms (next.js: 1.3ms, application-code: 3ms)
[rateLimit] Redis error, failing open: Error: Stream isn't writeable and enableOfflineQueue options is false
    at new Promise (<anonymous>)
    at checkRateLimit (src/lib/rateLimit.ts:57:39)
    at requireInternalAuth (src/lib/internalAuth.ts:92:25)
    at async GET (src/app/api/v1/portal-settings/[companyId]/route.ts:16:22)
  55 |
  56 |   try {
> 57 |     await getLimiter(pointsPerMinute).consume(companyId, 1);
     |                                       ^
  58 |   } catch (err) {
  59 |     // rate-limiter-flexible throws a RateLimiterRes (has msBeforeNext) when
  60 |     // the limit is actually exceeded; anything else (e.g. Redis down) is a
 GET /api/v1/portal-settings/cmtgb040d00000bv3pa01rwb1 200 in 6ms (next.js: 0.7ms, application-code: 5ms)
[rateLimit] Redis error, failing open: Error: Stream isn't writeable and enableOfflineQueue options is false
    at new Promise (<anonymous>)
    at checkRateLimit (src/lib/rateLimit.ts:57:39)
    at requireInternalAuth (src/lib/internalAuth.ts:92:25)
    at async GET (src/app/api/v1/tenant/resolve/route.ts:10:27)
  55 |
  56 |   try {
> 57 |     await getLimiter(pointsPerMinute).consume(companyId, 1);
     |                                       ^
  58 |   } catch (err) {
  59 |     // rate-limiter-flexible throws a RateLimiterRes (has msBeforeNext) when
  60 |     // the limit is actually exceeded; anything else (e.g. Redis down) is a
 GET /api/v1/tenant/resolve 200 in 7ms (next.js: 0.9ms, application-code: 6ms)
[rateLimit] Redis error, failing open: Error: Stream isn't writeable and enableOfflineQueue options is false
    at new Promise (<anonymous>)
    at checkRateLimit (src/lib/rateLimit.ts:57:39)
    at requireInternalAuth (src/lib/internalAuth.ts:92:25)
    at async GET (src/app/api/v1/files/portal-settings/[companyId]/logo/route.ts:14:22)
  55 |
  56 |   try {
> 57 |     await getLimiter(pointsPerMinute).consume(companyId, 1);
     |                                       ^
  58 |   } catch (err) {
  59 |     // rate-limiter-flexible throws a RateLimiterRes (has msBeforeNext) when
  60 |     // the limit is actually exceeded; anything else (e.g. Redis down) is a
 GET /api/v1/files/portal-settings/cmtgb040d00000bv3pa01rwb1/logo 200 in 12ms (next.js: 4ms, application-code: 8ms)
[rateLimit] Redis error, failing open: Error: Stream isn't writeable and enableOfflineQueue options is false
    at new Promise (<anonymous>)
    at checkRateLimit (src/lib/rateLimit.ts:57:39)
    at requireInternalAuth (src/lib/internalAuth.ts:92:25)
    at async GET (src/app/api/v1/tenant/resolve/route.ts:10:27)
  55 |
  56 |   try {
> 57 |     await getLimiter(pointsPerMinute).consume(companyId, 1);
     |                                       ^
  58 |   } catch (err) {
  59 |     // rate-limiter-flexible throws a RateLimiterRes (has msBeforeNext) when
  60 |     // the limit is actually exceeded; anything else (e.g. Redis down) is a
 GET /api/v1/tenant/resolve 200 in 5ms (next.js: 1.3ms, application-code: 3ms)
[rateLimit] Redis error, failing open: Error: Stream isn't writeable and enableOfflineQueue options is false
    at new Promise (<anonymous>)
    at checkRateLimit (src/lib/rateLimit.ts:57:39)
    at requireInternalAuth (src/lib/internalAuth.ts:92:25)
    at async GET (src/app/api/v1/files/portal-settings/[companyId]/favicon/route.ts:14:22)
  55 |
  56 |   try {
> 57 |     await getLimiter(pointsPerMinute).consume(companyId, 1);
     |                                       ^
  58 |   } catch (err) {
  59 |     // rate-limiter-flexible throws a RateLimiterRes (has msBeforeNext) when
  60 |     // the limit is actually exceeded; anything else (e.g. Redis down) is a
 GET /api/v1/files/portal-settings/cmtgb040d00000bv3pa01rwb1/favicon 200 in 8ms (next.js: 2ms, application-code: 6ms)
[rateLimit] Redis connection error: 
[rateLimit] Redis error, failing open: Error: Stream isn't writeable and enableOfflineQueue options is false
    at new Promise (<anonymous>)
    at checkRateLimit (src/lib/rateLimit.ts:57:39)
    at requireInternalAuth (src/lib/internalAuth.ts:92:25)
    at async GET (src/app/api/v1/tenant/resolve/route.ts:10:27)
  55 |
  56 |   try {
> 57 |     await getLimiter(pointsPerMinute).consume(companyId, 1);
     |                                       ^
  58 |   } catch (err) {
  59 |     // rate-limiter-flexible throws a RateLimiterRes (has msBeforeNext) when
  60 |     // the limit is actually exceeded; anything else (e.g. Redis down) is a
 GET /api/v1/tenant/resolve 200 in 11ms (next.js: 2ms, application-code: 9ms)
[rateLimit] Redis error, failing open: Error: Stream isn't writeable and enableOfflineQueue options is false
    at new Promise (<anonymous>)
    at checkRateLimit (src/lib/rateLimit.ts:57:39)
    at requireInternalAuth (src/lib/internalAuth.ts:92:25)
    at async GET (src/app/api/v1/tenant/resolve/route.ts:10:27)
  55 |
  56 |   try {
> 57 |     await getLimiter(pointsPerMinute).consume(companyId, 1);
     |                                       ^
  58 |   } catch (err) {
  59 |     // rate-limiter-flexible throws a RateLimiterRes (has msBeforeNext) when
  60 |     // the limit is actually exceeded; anything else (e.g. Redis down) is a
 GET /api/v1/tenant/resolve 200 in 8ms (next.js: 1.4ms, application-code: 6ms)
[rateLimit] Redis error, failing open: Error: Stream isn't writeable and enableOfflineQueue options is false
    at new Promise (<anonymous>)
    at checkRateLimit (src/lib/rateLimit.ts:57:39)
    at requireInternalAuth (src/lib/internalAuth.ts:92:25)
    at async GET (src/app/api/v1/portal-settings/[companyId]/route.ts:16:22)
  55 |
  56 |   try {
> 57 |     await getLimiter(pointsPerMinute).consume(companyId, 1);
     |                                       ^
  58 |   } catch (err) {
  59 |     // rate-limiter-flexible throws a RateLimiterRes (has msBeforeNext) when
  60 |     // the limit is actually exceeded; anything else (e.g. Redis down) is a
 GET /api/v1/portal-settings/cmtgb040d00000bv3pa01rwb1 200 in 9ms (next.js: 3ms, application-code: 6ms)
[rateLimit] Redis error, failing open: Error: Stream isn't writeable and enableOfflineQueue options is false
    at new Promise (<anonymous>)
    at checkRateLimit (src/lib/rateLimit.ts:57:39)
    at requireInternalAuth (src/lib/internalAuth.ts:92:25)
    at async GET (src/app/api/v1/tenant/resolve/route.ts:10:27)
  55 |
  56 |   try {
> 57 |     await getLimiter(pointsPerMinute).consume(companyId, 1);
     |                                       ^
  58 |   } catch (err) {
  59 |     // rate-limiter-flexible throws a RateLimiterRes (has msBeforeNext) when
  60 |     // the limit is actually exceeded; anything else (e.g. Redis down) is a
 GET /api/v1/tenant/resolve 200 in 4ms (next.js: 0.7ms, application-code: 3ms)
[rateLimit] Redis error, failing open: Error: Stream isn't writeable and enableOfflineQueue options is false
    at new Promise (<anonymous>)
    at checkRateLimit (src/lib/rateLimit.ts:57:39)
    at requireInternalAuth (src/lib/internalAuth.ts:92:25)
    at async GET (src/app/api/v1/tenant/resolve/route.ts:10:27)
  55 |
  56 |   try {
> 57 |     await getLimiter(pointsPerMinute).consume(companyId, 1);
     |                                       ^
  58 |   } catch (err) {
  59 |     // rate-limiter-flexible throws a RateLimiterRes (has msBeforeNext) when
  60 |     // the limit is actually exceeded; anything else (e.g. Redis down) is a
 GET /api/v1/tenant/resolve 200 in 3ms (next.js: 0.6ms, application-code: 3ms)
[rateLimit] Redis error, failing open: Error: Stream isn't writeable and enableOfflineQueue options is false
    at new Promise (<anonymous>)
    at checkRateLimit (src/lib/rateLimit.ts:57:39)
    at requireInternalAuth (src/lib/internalAuth.ts:92:25)
    at async GET (src/app/api/v1/portal-settings/[companyId]/route.ts:16:22)
  55 |
  56 |   try {
> 57 |     await getLimiter(pointsPerMinute).consume(companyId, 1);
     |                                       ^
  58 |   } catch (err) {
  59 |     // rate-limiter-flexible throws a RateLimiterRes (has msBeforeNext) when
  60 |     // the limit is actually exceeded; anything else (e.g. Redis down) is a
 GET /api/v1/portal-settings/cmtgb04al00050bv3rt10npd9 200 in 4ms (next.js: 0.5ms, application-code: 3ms)
[rateLimit] Redis error, failing open: Error: Stream isn't writeable and enableOfflineQueue options is false
    at new Promise (<anonymous>)
    at checkRateLimit (src/lib/rateLimit.ts:57:39)
    at requireInternalAuth (src/lib/internalAuth.ts:92:25)
    at async GET (src/app/api/v1/tenant/resolve/route.ts:10:27)
  55 |
  56 |   try {
> 57 |     await getLimiter(pointsPerMinute).consume(companyId, 1);
     |                                       ^
  58 |   } catch (err) {
  59 |     // rate-limiter-flexible throws a RateLimiterRes (has msBeforeNext) when
  60 |     // the limit is actually exceeded; anything else (e.g. Redis down) is a
 GET /api/v1/tenant/resolve 200 in 3ms (next.js: 0.6ms, application-code: 2ms)
[rateLimit] Redis error, failing open: Error: Stream isn't writeable and enableOfflineQueue options is false
    at new Promise (<anonymous>)
    at checkRateLimit (src/lib/rateLimit.ts:57:39)
    at requireInternalAuth (src/lib/internalAuth.ts:92:25)
    at async GET (src/app/api/v1/tenant/resolve/route.ts:10:27)
  55 |
  56 |   try {
> 57 |     await getLimiter(pointsPerMinute).consume(companyId, 1);
     |                                       ^
  58 |   } catch (err) {
  59 |     // rate-limiter-flexible throws a RateLimiterRes (has msBeforeNext) when
  60 |     // the limit is actually exceeded; anything else (e.g. Redis down) is a
 GET /api/v1/tenant/resolve 200 in 2ms (next.js: 0.4ms, application-code: 1.9ms)
[rateLimit] Redis error, failing open: Error: Stream isn't writeable and enableOfflineQueue options is false
    at new Promise (<anonymous>)
    at checkRateLimit (src/lib/rateLimit.ts:57:39)
    at requireInternalAuth (src/lib/internalAuth.ts:92:25)
    at async GET (src/app/api/v1/portal-settings/[companyId]/route.ts:16:22)
  55 |
  56 |   try {
> 57 |     await getLimiter(pointsPerMinute).consume(companyId, 1);
     |                                       ^
  58 |   } catch (err) {
  59 |     // rate-limiter-flexible throws a RateLimiterRes (has msBeforeNext) when
  60 |     // the limit is actually exceeded; anything else (e.g. Redis down) is a
 GET /api/v1/portal-settings/cmtgb04gr000a0bv35evd9ya5 200 in 3ms (next.js: 0.4ms, application-code: 2ms)
[rateLimit] Redis connection error: 
[rateLimit] Redis connection error: 
[rateLimit] Redis error, failing open: Error: Stream isn't writeable and enableOfflineQueue options is false
    at new Promise (<anonymous>)
    at checkRateLimit (src/lib/rateLimit.ts:57:39)
    at requireInternalAuth (src/lib/internalAuth.ts:92:25)
    at async GET (src/app/api/v1/tenant/resolve/route.ts:10:27)
  55 |
  56 |   try {
> 57 |     await getLimiter(pointsPerMinute).consume(companyId, 1);
     |                                       ^
  58 |   } catch (err) {
  59 |     // rate-limiter-flexible throws a RateLimiterRes (has msBeforeNext) when
  60 |     // the limit is actually exceeded; anything else (e.g. Redis down) is a
 GET /api/v1/tenant/resolve 200 in 8ms (next.js: 3ms, application-code: 5ms)
[rateLimit] Redis error, failing open: Error: Stream isn't writeable and enableOfflineQueue options is false
    at new Promise (<anonymous>)
    at checkRateLimit (src/lib/rateLimit.ts:57:39)
    at requireInternalAuth (src/lib/internalAuth.ts:92:25)
    at async GET (src/app/api/v1/portal-settings/[companyId]/route.ts:16:22)
  55 |
  56 |   try {
> 57 |     await getLimiter(pointsPerMinute).consume(companyId, 1);
     |                                       ^
  58 |   } catch (err) {
  59 |     // rate-limiter-flexible throws a RateLimiterRes (has msBeforeNext) when
  60 |     // the limit is actually exceeded; anything else (e.g. Redis down) is a
 GET /api/v1/portal-settings/cmtgb04al00050bv3rt10npd9 200 in 8ms (next.js: 3ms, application-code: 5ms)
[rateLimit] Redis error, failing open: Error: Stream isn't writeable and enableOfflineQueue options is false
    at new Promise (<anonymous>)
    at checkRateLimit (src/lib/rateLimit.ts:57:39)
    at requireInternalAuth (src/lib/internalAuth.ts:92:25)
    at async GET (src/app/api/v1/tenant/resolve/route.ts:10:27)
  55 |
  56 |   try {
> 57 |     await getLimiter(pointsPerMinute).consume(companyId, 1);
     |                                       ^
  58 |   } catch (err) {
  59 |     // rate-limiter-flexible throws a RateLimiterRes (has msBeforeNext) when
  60 |     // the limit is actually exceeded; anything else (e.g. Redis down) is a
 GET /api/v1/tenant/resolve 200 in 7ms (next.js: 1.0ms, application-code: 6ms)
[rateLimit] Redis error, failing open: Error: Stream isn't writeable and enableOfflineQueue options is false
    at new Promise (<anonymous>)
    at checkRateLimit (src/lib/rateLimit.ts:57:39)
    at requireInternalAuth (src/lib/internalAuth.ts:92:25)
    at async GET (src/app/api/v1/files/portal-settings/[companyId]/logo/route.ts:14:22)
  55 |
  56 |   try {
> 57 |     await getLimiter(pointsPerMinute).consume(companyId, 1);
     |                                       ^
  58 |   } catch (err) {
  59 |     // rate-limiter-flexible throws a RateLimiterRes (has msBeforeNext) when
  60 |     // the limit is actually exceeded; anything else (e.g. Redis down) is a
 GET /api/v1/files/portal-settings/cmtgb04al00050bv3rt10npd9/logo 200 in 10ms (next.js: 3ms, application-code: 7ms)
[rateLimit] Redis error, failing open: Error: Stream isn't writeable and enableOfflineQueue options is false
    at new Promise (<anonymous>)
    at checkRateLimit (src/lib/rateLimit.ts:57:39)
    at requireInternalAuth (src/lib/internalAuth.ts:92:25)
    at async POST (src/app/api/v1/auth/login/route.ts:32:22)
  55 |
  56 |   try {
> 57 |     await getLimiter(pointsPerMinute).consume(companyId, 1);
     |                                       ^
  58 |   } catch (err) {
  59 |     // rate-limiter-flexible throws a RateLimiterRes (has msBeforeNext) when
  60 |     // the limit is actually exceeded; anything else (e.g. Redis down) is a
 POST /api/v1/auth/login 200 in 78ms (next.js: 14ms, application-code: 64ms)
[rateLimit] Redis error, failing open: Error: Stream isn't writeable and enableOfflineQueue options is false
    at new Promise (<anonymous>)
    at checkRateLimit (src/lib/rateLimit.ts:57:39)
    at requireInternalAuth (src/lib/internalAuth.ts:92:25)
    at async GET (src/app/api/v1/tenant/resolve/route.ts:10:27)
  55 |
  56 |   try {
> 57 |     await getLimiter(pointsPerMinute).consume(companyId, 1);
     |                                       ^
  58 |   } catch (err) {
  59 |     // rate-limiter-flexible throws a RateLimiterRes (has msBeforeNext) when
  60 |     // the limit is actually exceeded; anything else (e.g. Redis down) is a
 GET /api/v1/tenant/resolve 200 in 4ms (next.js: 1.3ms, application-code: 3ms)
[rateLimit] Redis error, failing open: Error: Stream isn't writeable and enableOfflineQueue options is false
    at new Promise (<anonymous>)
    at checkRateLimit (src/lib/rateLimit.ts:57:39)
    at requireInternalAuth (src/lib/internalAuth.ts:92:25)
    at async GET (src/app/api/v1/portal-settings/[companyId]/route.ts:16:22)
  55 |
  56 |   try {
> 57 |     await getLimiter(pointsPerMinute).consume(companyId, 1);
     |                                       ^
  58 |   } catch (err) {
  59 |     // rate-limiter-flexible throws a RateLimiterRes (has msBeforeNext) when
  60 |     // the limit is actually exceeded; anything else (e.g. Redis down) is a
 GET /api/v1/portal-settings/cmtgb04al00050bv3rt10npd9 200 in 6ms (next.js: 1.6ms, application-code: 4ms)
[rateLimit] Redis error, failing open: Error: Stream isn't writeable and enableOfflineQueue options is false
    at new Promise (<anonymous>)
    at checkRateLimit (src/lib/rateLimit.ts:57:39)
    at requireInternalAuth (src/lib/internalAuth.ts:92:25)
    at async GET (src/app/api/v1/portal-users/[id]/route.ts:13:22)
  55 |
  56 |   try {
> 57 |     await getLimiter(pointsPerMinute).consume(companyId, 1);
     |                                       ^
  58 |   } catch (err) {
  59 |     // rate-limiter-flexible throws a RateLimiterRes (has msBeforeNext) when
  60 |     // the limit is actually exceeded; anything else (e.g. Redis down) is a
[rateLimit] Redis error, failing open: Error: Stream isn't writeable and enableOfflineQueue options is false
    at new Promise (<anonymous>)
    at checkRateLimit (src/lib/rateLimit.ts:57:39)
    at requireInternalAuth (src/lib/internalAuth.ts:92:25)
    at async GET (src/app/api/v1/packages/route.ts:21:22)
  55 |
  56 |   try {
> 57 |     await getLimiter(pointsPerMinute).consume(companyId, 1);
     |                                       ^
  58 |   } catch (err) {
  59 |     // rate-limiter-flexible throws a RateLimiterRes (has msBeforeNext) when
  60 |     // the limit is actually exceeded; anything else (e.g. Redis down) is a
 GET /api/v1/portal-users/cmtgb04cd00090bv3ii5hgjh4 200 in 23ms (next.js: 12ms, application-code: 11ms)
prisma:error 
Invalid `__TURBOPACK__imported__module__$5b$project$5d2f$src$2f$lib$2f$prisma$2e$ts__$5b$app$2d$route$5d$__$28$ecmascript$29$__["prisma"].package.findMany()` invocation in
/Users/deevexx/Documents/PROJECTS/freight-forwarder/api/.next/dev/server/chunks/[root-of-the-server]__1ia8c4e._.js:244:146

  241     } : {}
  242 };
  243 const [packages, total] = await Promise.all([
→ 244     __TURBOPACK__imported__module__$5b$project$5d2f$src$2f$lib$2f$prisma$2e$ts__$5b$app$2d$route$5d$__$28$ecmascript$29$__["prisma"].package.findMany(
Value 'LOGGER' not found in enum 'Role'
⨯ Error [PrismaClientUnknownRequestError]: 
Invalid `{imported module ./src/lib/prisma.ts}["prisma"].package.findMany()` invocation in
/Users/deevexx/Documents/PROJECTS/freight-forwarder/api/.next/dev/server/chunks/[root-of-the-server]__1ia8c4e._.js:244:146

  241     } : {}
  242 };
  243 const [packages, total] = await Promise.all([
→ 244     {imported module ./src/lib/prisma.ts}["prisma"].package.findMany(
Value 'LOGGER' not found in enum 'Role'
    at <unknown> (src/app/api/v1/packages/route.ts:65:20)
    at async GET (src/app/api/v1/packages/route.ts:64:29)
  63 |
  64 |   const [packages, total] = await Promise.all([
> 65 |     prisma.package.findMany({
     |                    ^
  66 |       where,
  67 |       orderBy: { createdAt: "desc" },
  68 |       include: packageInclude, {
  clientVersion: '6.19.3'
}
 GET /api/v1/packages?page=1&pageSize=25 500 in 18ms (next.js: 7ms, application-code: 11ms)
[rateLimit] Redis error, failing open: Error: Stream isn't writeable and enableOfflineQueue options is false
    at new Promise (<anonymous>)
    at checkRateLimit (src/lib/rateLimit.ts:57:39)
    at requireInternalAuth (src/lib/internalAuth.ts:92:25)
    at async GET (src/app/api/v1/tenant/resolve/route.ts:10:27)
  55 |
  56 |   try {
> 57 |     await getLimiter(pointsPerMinute).consume(companyId, 1);
     |                                       ^
  58 |   } catch (err) {
  59 |     // rate-limiter-flexible throws a RateLimiterRes (has msBeforeNext) when
  60 |     // the limit is actually exceeded; anything else (e.g. Redis down) is a
 GET /api/v1/tenant/resolve 200 in 3ms (next.js: 0.6ms, application-code: 3ms)
[rateLimit] Redis error, failing open: Error: Stream isn't writeable and enableOfflineQueue options is false
    at new Promise (<anonymous>)
    at checkRateLimit (src/lib/rateLimit.ts:57:39)
    at requireInternalAuth (src/lib/internalAuth.ts:92:25)
    at async GET (src/app/api/v1/portal-settings/[companyId]/route.ts:16:22)
  55 |
  56 |   try {
> 57 |     await getLimiter(pointsPerMinute).consume(companyId, 1);
     |                                       ^
  58 |   } catch (err) {
  59 |     // rate-limiter-flexible throws a RateLimiterRes (has msBeforeNext) when
  60 |     // the limit is actually exceeded; anything else (e.g. Redis down) is a
 GET /api/v1/portal-settings/cmtgb04al00050bv3rt10npd9 200 in 4ms (next.js: 0.6ms, application-code: 4ms)
[rateLimit] Redis error, failing open: Error: Stream isn't writeable and enableOfflineQueue options is false
    at new Promise (<anonymous>)
    at checkRateLimit (src/lib/rateLimit.ts:57:39)
    at requireInternalAuth (src/lib/internalAuth.ts:92:25)
    at async GET (src/app/api/v1/portal-users/[id]/route.ts:13:22)
  55 |
  56 |   try {
> 57 |     await getLimiter(pointsPerMinute).consume(companyId, 1);
     |                                       ^
  58 |   } catch (err) {
  59 |     // rate-limiter-flexible throws a RateLimiterRes (has msBeforeNext) when
  60 |     // the limit is actually exceeded; anything else (e.g. Redis down) is a
 GET /api/v1/portal-users/cmtgb04cd00090bv3ii5hgjh4 200 in 5ms (next.js: 0.7ms, application-code: 4ms)
[rateLimit] Redis error, failing open: Error: Stream isn't writeable and enableOfflineQueue options is false
    at new Promise (<anonymous>)
    at checkRateLimit (src/lib/rateLimit.ts:57:39)
    at requireInternalAuth (src/lib/internalAuth.ts:92:25)
    at async GET (src/app/api/v1/packages/route.ts:21:22)
  55 |
  56 |   try {
> 57 |     await getLimiter(pointsPerMinute).consume(companyId, 1);
     |                                       ^
  58 |   } catch (err) {
  59 |     // rate-limiter-flexible throws a RateLimiterRes (has msBeforeNext) when
  60 |     // the limit is actually exceeded; anything else (e.g. Redis down) is a
prisma:error 
Invalid `__TURBOPACK__imported__module__$5b$project$5d2f$src$2f$lib$2f$prisma$2e$ts__$5b$app$2d$route$5d$__$28$ecmascript$29$__["prisma"].package.findMany()` invocation in
/Users/deevexx/Documents/PROJECTS/freight-forwarder/api/.next/dev/server/chunks/[root-of-the-server]__1ia8c4e._.js:244:146

  241     } : {}
  242 };
  243 const [packages, total] = await Promise.all([
→ 244     __TURBOPACK__imported__module__$5b$project$5d2f$src$2f$lib$2f$prisma$2e$ts__$5b$app$2d$route$5d$__$28$ecmascript$29$__["prisma"].package.findMany(
Value 'LOGGER' not found in enum 'Role'
⨯ Error [PrismaClientUnknownRequestError]: 
Invalid `{imported module ./src/lib/prisma.ts}["prisma"].package.findMany()` invocation in
/Users/deevexx/Documents/PROJECTS/freight-forwarder/api/.next/dev/server/chunks/[root-of-the-server]__1ia8c4e._.js:244:146

  241     } : {}
  242 };
  243 const [packages, total] = await Promise.all([
→ 244     {imported module ./src/lib/prisma.ts}["prisma"].package.findMany(
Value 'LOGGER' not found in enum 'Role'
    at <unknown> (src/app/api/v1/packages/route.ts:65:20)
    at async GET (src/app/api/v1/packages/route.ts:64:29)
  63 |
  64 |   const [packages, total] = await Promise.all([
> 65 |     prisma.package.findMany({
     |                    ^
  66 |       where,
  67 |       orderBy: { createdAt: "desc" },
  68 |       include: packageInclude, {
  clientVersion: '6.19.3'
}
 GET /api/v1/packages?page=1&pageSize=25 500 in 8ms (next.js: 1.8ms, application-code: 6ms)
[rateLimit] Redis connection error: 
[rateLimit] Redis connection error: 
[rateLimit] Redis error, failing open: Error: Stream isn't writeable and enableOfflineQueue options is false
    at new Promise (<anonymous>)
    at checkRateLimit (src/lib/rateLimit.ts:57:39)
    at requireInternalAuth (src/lib/internalAuth.ts:92:25)
    at async GET (src/app/api/v1/tenant/resolve/route.ts:10:27)
  55 |
  56 |   try {
> 57 |     await getLimiter(pointsPerMinute).consume(companyId, 1);
     |                                       ^
  58 |   } catch (err) {
  59 |     // rate-limiter-flexible throws a RateLimiterRes (has msBeforeNext) when
  60 |     // the limit is actually exceeded; anything else (e.g. Redis down) is a
 GET /api/v1/tenant/resolve 200 in 36ms (next.js: 1.5ms, application-code: 35ms)
[rateLimit] Redis error, failing open: Error: Stream isn't writeable and enableOfflineQueue options is false
    at new Promise (<anonymous>)
    at checkRateLimit (src/lib/rateLimit.ts:57:39)
    at requireInternalAuth (src/lib/internalAuth.ts:92:25)
    at async GET (src/app/api/v1/portal-settings/[companyId]/route.ts:16:22)
  55 |
  56 |   try {
> 57 |     await getLimiter(pointsPerMinute).consume(companyId, 1);
     |                                       ^
  58 |   } catch (err) {
  59 |     // rate-limiter-flexible throws a RateLimiterRes (has msBeforeNext) when
  60 |     // the limit is actually exceeded; anything else (e.g. Redis down) is a
 GET /api/v1/portal-settings/cmtgb04gr000a0bv35evd9ya5 200 in 7ms (next.js: 1.9ms, application-code: 5ms)
[rateLimit] Redis error, failing open: Error: Stream isn't writeable and enableOfflineQueue options is false
    at new Promise (<anonymous>)
    at checkRateLimit (src/lib/rateLimit.ts:57:39)
    at requireInternalAuth (src/lib/internalAuth.ts:92:25)
    at async POST (src/app/api/v1/auth/login/route.ts:32:22)
  55 |
  56 |   try {
> 57 |     await getLimiter(pointsPerMinute).consume(companyId, 1);
     |                                       ^
  58 |   } catch (err) {
  59 |     // rate-limiter-flexible throws a RateLimiterRes (has msBeforeNext) when
  60 |     // the limit is actually exceeded; anything else (e.g. Redis down) is a
 POST /api/v1/auth/login 200 in 68ms (next.js: 1.4ms, application-code: 66ms)
[rateLimit] Redis error, failing open: Error: Stream isn't writeable and enableOfflineQueue options is false
    at new Promise (<anonymous>)
    at checkRateLimit (src/lib/rateLimit.ts:57:39)
    at requireInternalAuth (src/lib/internalAuth.ts:92:25)
    at async GET (src/app/api/v1/tenant/resolve/route.ts:10:27)
  55 |
  56 |   try {
> 57 |     await getLimiter(pointsPerMinute).consume(companyId, 1);
     |                                       ^
  58 |   } catch (err) {
  59 |     // rate-limiter-flexible throws a RateLimiterRes (has msBeforeNext) when
  60 |     // the limit is actually exceeded; anything else (e.g. Redis down) is a
 GET /api/v1/tenant/resolve 200 in 5ms (next.js: 1.3ms, application-code: 3ms)
[rateLimit] Redis error, failing open: Error: Stream isn't writeable and enableOfflineQueue options is false
    at new Promise (<anonymous>)
    at checkRateLimit (src/lib/rateLimit.ts:57:39)
    at requireInternalAuth (src/lib/internalAuth.ts:92:25)
    at async GET (src/app/api/v1/portal-settings/[companyId]/route.ts:16:22)
  55 |
  56 |   try {
> 57 |     await getLimiter(pointsPerMinute).consume(companyId, 1);
     |                                       ^
  58 |   } catch (err) {
  59 |     // rate-limiter-flexible throws a RateLimiterRes (has msBeforeNext) when
  60 |     // the limit is actually exceeded; anything else (e.g. Redis down) is a
 GET /api/v1/portal-settings/cmtgb04gr000a0bv35evd9ya5 200 in 6ms (next.js: 1.8ms, application-code: 4ms)
[rateLimit] Redis error, failing open: Error: Stream isn't writeable and enableOfflineQueue options is false
    at new Promise (<anonymous>)
    at checkRateLimit (src/lib/rateLimit.ts:57:39)
    at requireInternalAuth (src/lib/internalAuth.ts:92:25)
    at async GET (src/app/api/v1/portal-users/[id]/route.ts:13:22)
  55 |
  56 |   try {
> 57 |     await getLimiter(pointsPerMinute).consume(companyId, 1);
     |                                       ^
  58 |   } catch (err) {
  59 |     // rate-limiter-flexible throws a RateLimiterRes (has msBeforeNext) when
  60 |     // the limit is actually exceeded; anything else (e.g. Redis down) is a
 GET /api/v1/portal-users/cmtgb4nbn000t0b7y3320s7ls 200 in 5ms (next.js: 1.5ms, application-code: 3ms)
[rateLimit] Redis error, failing open: Error: Stream isn't writeable and enableOfflineQueue options is false
    at new Promise (<anonymous>)
    at checkRateLimit (src/lib/rateLimit.ts:57:39)
    at requireInternalAuth (src/lib/internalAuth.ts:92:25)
    at async GET (src/app/api/v1/tenant/resolve/route.ts:10:27)
  55 |
  56 |   try {
> 57 |     await getLimiter(pointsPerMinute).consume(companyId, 1);
     |                                       ^
  58 |   } catch (err) {
  59 |     // rate-limiter-flexible throws a RateLimiterRes (has msBeforeNext) when
  60 |     // the limit is actually exceeded; anything else (e.g. Redis down) is a
 GET /api/v1/tenant/resolve 200 in 7ms (next.js: 1.2ms, application-code: 6ms)
[rateLimit] Redis error, failing open: Error: Stream isn't writeable and enableOfflineQueue options is false
    at new Promise (<anonymous>)
    at checkRateLimit (src/lib/rateLimit.ts:57:39)
    at requireInternalAuth (src/lib/internalAuth.ts:92:25)
    at async GET (src/app/api/v1/portal-settings/[companyId]/route.ts:16:22)
  55 |
  56 |   try {
> 57 |     await getLimiter(pointsPerMinute).consume(companyId, 1);
     |                                       ^
  58 |   } catch (err) {
  59 |     // rate-limiter-flexible throws a RateLimiterRes (has msBeforeNext) when
  60 |     // the limit is actually exceeded; anything else (e.g. Redis down) is a
 GET /api/v1/portal-settings/cmtgb04gr000a0bv35evd9ya5 200 in 6ms (next.js: 0.7ms, application-code: 5ms)
[rateLimit] Redis error, failing open: Error: Stream isn't writeable and enableOfflineQueue options is false
    at new Promise (<anonymous>)
    at checkRateLimit (src/lib/rateLimit.ts:57:39)
    at requireInternalAuth (src/lib/internalAuth.ts:92:25)
    at async GET (src/app/api/v1/portal-users/[id]/route.ts:13:22)
  55 |
  56 |   try {
> 57 |     await getLimiter(pointsPerMinute).consume(companyId, 1);
     |                                       ^
  58 |   } catch (err) {
  59 |     // rate-limiter-flexible throws a RateLimiterRes (has msBeforeNext) when
  60 |     // the limit is actually exceeded; anything else (e.g. Redis down) is a
 GET /api/v1/portal-users/cmtgb4nbn000t0b7y3320s7ls 200 in 7ms (next.js: 1.3ms, application-code: 5ms)
[rateLimit] Redis error, failing open: Error: Stream isn't writeable and enableOfflineQueue options is false
    at new Promise (<anonymous>)
    at checkRateLimit (src/lib/rateLimit.ts:57:39)
    at requireInternalAuth (src/lib/internalAuth.ts:92:25)
    at async GET (src/app/api/v1/customers/by-email/route.ts:10:22)
  55 |
  56 |   try {
> 57 |     await getLimiter(pointsPerMinute).consume(companyId, 1);
     |                                       ^
  58 |   } catch (err) {
  59 |     // rate-limiter-flexible throws a RateLimiterRes (has msBeforeNext) when
  60 |     // the limit is actually exceeded; anything else (e.g. Redis down) is a
[rateLimit] Redis error, failing open: Error: Stream isn't writeable and enableOfflineQueue options is false
    at new Promise (<anonymous>)
    at checkRateLimit (src/lib/rateLimit.ts:57:39)
    at requireInternalAuth (src/lib/internalAuth.ts:92:25)
    at async GET (src/app/api/v1/customers/by-email/route.ts:10:22)
  55 |
  56 |   try {
> 57 |     await getLimiter(pointsPerMinute).consume(companyId, 1);
     |                                       ^
  58 |   } catch (err) {
  59 |     // rate-limiter-flexible throws a RateLimiterRes (has msBeforeNext) when
  60 |     // the limit is actually exceeded; anything else (e.g. Redis down) is a
 GET /api/v1/customers/by-email?email=customer1%40ids.example.test 200 in 112ms (next.js: 80ms, application-code: 33ms)
 GET /api/v1/customers/by-email?email=customer1%40ids.example.test 200 in 164ms (next.js: 133ms, application-code: 31ms)
[rateLimit] Redis error, failing open: Error: Stream isn't writeable and enableOfflineQueue options is false
    at new Promise (<anonymous>)
    at checkRateLimit (src/lib/rateLimit.ts:57:39)
    at requireInternalAuth (src/lib/internalAuth.ts:92:25)
    at async GET (src/app/api/v1/packages/route.ts:21:22)
  55 |
  56 |   try {
> 57 |     await getLimiter(pointsPerMinute).consume(companyId, 1);
     |                                       ^
  58 |   } catch (err) {
  59 |     // rate-limiter-flexible throws a RateLimiterRes (has msBeforeNext) when
  60 |     // the limit is actually exceeded; anything else (e.g. Redis down) is a
prisma:error 
Invalid `__TURBOPACK__imported__module__$5b$project$5d2f$src$2f$lib$2f$prisma$2e$ts__$5b$app$2d$route$5d$__$28$ecmascript$29$__["prisma"].package.findMany()` invocation in
/Users/deevexx/Documents/PROJECTS/freight-forwarder/api/.next/dev/server/chunks/[root-of-the-server]__1ia8c4e._.js:244:146

  241     } : {}
  242 };
  243 const [packages, total] = await Promise.all([
→ 244     __TURBOPACK__imported__module__$5b$project$5d2f$src$2f$lib$2f$prisma$2e$ts__$5b$app$2d$route$5d$__$28$ecmascript$29$__["prisma"].package.findMany(
Value 'LOGGER' not found in enum 'Role'
⨯ Error [PrismaClientUnknownRequestError]: 
Invalid `{imported module ./src/lib/prisma.ts}["prisma"].package.findMany()` invocation in
/Users/deevexx/Documents/PROJECTS/freight-forwarder/api/.next/dev/server/chunks/[root-of-the-server]__1ia8c4e._.js:244:146

  241     } : {}
  242 };
  243 const [packages, total] = await Promise.all([
→ 244     {imported module ./src/lib/prisma.ts}["prisma"].package.findMany(
Value 'LOGGER' not found in enum 'Role'
    at <unknown> (src/app/api/v1/packages/route.ts:65:20)
    at async GET (src/app/api/v1/packages/route.ts:64:29)
  63 |
  64 |   const [packages, total] = await Promise.all([
> 65 |     prisma.package.findMany({
     |                    ^
  66 |       where,
  67 |       orderBy: { createdAt: "desc" },
  68 |       include: packageInclude, {
  clientVersion: '6.19.3'
}
 GET /api/v1/packages?customerId=fe4cda52-4c2d-4473-9cca-717a810b3f4a&pageSize=500 500 in 13ms (next.js: 3ms, application-code: 10ms)
[rateLimit] Redis error, failing open: Error: Stream isn't writeable and enableOfflineQueue options is false
    at new Promise (<anonymous>)
    at checkRateLimit (src/lib/rateLimit.ts:57:39)
    at requireInternalAuth (src/lib/internalAuth.ts:92:25)
    at async GET (src/app/api/v1/packages/route.ts:21:22)
  55 |
  56 |   try {
> 57 |     await getLimiter(pointsPerMinute).consume(companyId, 1);
     |                                       ^
  58 |   } catch (err) {
  59 |     // rate-limiter-flexible throws a RateLimiterRes (has msBeforeNext) when
  60 |     // the limit is actually exceeded; anything else (e.g. Redis down) is a
prisma:error 
Invalid `__TURBOPACK__imported__module__$5b$project$5d2f$src$2f$lib$2f$prisma$2e$ts__$5b$app$2d$route$5d$__$28$ecmascript$29$__["prisma"].package.findMany()` invocation in
/Users/deevexx/Documents/PROJECTS/freight-forwarder/api/.next/dev/server/chunks/[root-of-the-server]__1ia8c4e._.js:244:146

  241     } : {}
  242 };
  243 const [packages, total] = await Promise.all([
→ 244     __TURBOPACK__imported__module__$5b$project$5d2f$src$2f$lib$2f$prisma$2e$ts__$5b$app$2d$route$5d$__$28$ecmascript$29$__["prisma"].package.findMany(
Value 'LOGGER' not found in enum 'Role'
⨯ Error [PrismaClientUnknownRequestError]: 
Invalid `{imported module ./src/lib/prisma.ts}["prisma"].package.findMany()` invocation in
/Users/deevexx/Documents/PROJECTS/freight-forwarder/api/.next/dev/server/chunks/[root-of-the-server]__1ia8c4e._.js:244:146

  241     } : {}
  242 };
  243 const [packages, total] = await Promise.all([
→ 244     {imported module ./src/lib/prisma.ts}["prisma"].package.findMany(
Value 'LOGGER' not found in enum 'Role'
    at <unknown> (src/app/api/v1/packages/route.ts:65:20)
    at async GET (src/app/api/v1/packages/route.ts:64:29)
  63 |
  64 |   const [packages, total] = await Promise.all([
> 65 |     prisma.package.findMany({
     |                    ^
  66 |       where,
  67 |       orderBy: { createdAt: "desc" },
  68 |       include: packageInclude, {
  clientVersion: '6.19.3'
}
 GET /api/v1/packages?customerId=fe4cda52-4c2d-4473-9cca-717a810b3f4a&pageSize=500 500 in 16ms (next.js: 4ms, application-code: 12ms)
[rateLimit] Redis connection error: 
[rateLimit] Redis connection error: 
[rateLimit] Redis error, failing open: Error: Stream isn't writeable and enableOfflineQueue options is false
    at new Promise (<anonymous>)
    at checkRateLimit (src/lib/rateLimit.ts:57:39)
    at requireInternalAuth (src/lib/internalAuth.ts:92:25)
    at async GET (src/app/api/v1/tenant/resolve/route.ts:10:27)
  55 |
  56 |   try {
> 57 |     await getLimiter(pointsPerMinute).consume(companyId, 1);
     |                                       ^
  58 |   } catch (err) {
  59 |     // rate-limiter-flexible throws a RateLimiterRes (has msBeforeNext) when
  60 |     // the limit is actually exceeded; anything else (e.g. Redis down) is a
 GET /api/v1/tenant/resolve 200 in 10ms (next.js: 1.9ms, application-code: 8ms)
[rateLimit] Redis error, failing open: Error: Stream isn't writeable and enableOfflineQueue options is false
    at new Promise (<anonymous>)
    at checkRateLimit (src/lib/rateLimit.ts:57:39)
    at requireInternalAuth (src/lib/internalAuth.ts:92:25)
    at async GET (src/app/api/v1/tenant/resolve/route.ts:10:27)
  55 |
  56 |   try {
> 57 |     await getLimiter(pointsPerMinute).consume(companyId, 1);
     |                                       ^
  58 |   } catch (err) {
  59 |     // rate-limiter-flexible throws a RateLimiterRes (has msBeforeNext) when
  60 |     // the limit is actually exceeded; anything else (e.g. Redis down) is a
 GET /api/v1/tenant/resolve 200 in 6ms (next.js: 1.2ms, application-code: 5ms)
[rateLimit] Redis error, failing open: Error: Stream isn't writeable and enableOfflineQueue options is false
    at new Promise (<anonymous>)
    at checkRateLimit (src/lib/rateLimit.ts:57:39)
    at requireInternalAuth (src/lib/internalAuth.ts:92:25)
    at async GET (src/app/api/v1/portal-settings/[companyId]/route.ts:16:22)
  55 |
  56 |   try {
> 57 |     await getLimiter(pointsPerMinute).consume(companyId, 1);
     |                                       ^
  58 |   } catch (err) {
  59 |     // rate-limiter-flexible throws a RateLimiterRes (has msBeforeNext) when
  60 |     // the limit is actually exceeded; anything else (e.g. Redis down) is a
 GET /api/v1/portal-settings/cmtgb040d00000bv3pa01rwb1 200 in 11ms (next.js: 3ms, application-code: 8ms)
[rateLimit] Redis error, failing open: Error: Stream isn't writeable and enableOfflineQueue options is false
    at new Promise (<anonymous>)
    at checkRateLimit (src/lib/rateLimit.ts:57:39)
    at requireInternalAuth (src/lib/internalAuth.ts:92:25)
    at async GET (src/app/api/v1/tenant/resolve/route.ts:10:27)
  55 |
  56 |   try {
> 57 |     await getLimiter(pointsPerMinute).consume(companyId, 1);
     |                                       ^
  58 |   } catch (err) {
  59 |     // rate-limiter-flexible throws a RateLimiterRes (has msBeforeNext) when
  60 |     // the limit is actually exceeded; anything else (e.g. Redis down) is a
 GET /api/v1/tenant/resolve 200 in 4ms (next.js: 0.6ms, application-code: 3ms)
[rateLimit] Redis error, failing open: Error: Stream isn't writeable and enableOfflineQueue options is false
    at new Promise (<anonymous>)
    at checkRateLimit (src/lib/rateLimit.ts:57:39)
    at requireInternalAuth (src/lib/internalAuth.ts:92:25)
    at async GET (src/app/api/v1/tenant/resolve/route.ts:10:27)
  55 |
  56 |   try {
> 57 |     await getLimiter(pointsPerMinute).consume(companyId, 1);
     |                                       ^
  58 |   } catch (err) {
  59 |     // rate-limiter-flexible throws a RateLimiterRes (has msBeforeNext) when
  60 |     // the limit is actually exceeded; anything else (e.g. Redis down) is a
 GET /api/v1/tenant/resolve 200 in 3ms (next.js: 0.5ms, application-code: 3ms)
[rateLimit] Redis error, failing open: Error: Stream isn't writeable and enableOfflineQueue options is false
    at new Promise (<anonymous>)
    at checkRateLimit (src/lib/rateLimit.ts:57:39)
    at requireInternalAuth (src/lib/internalAuth.ts:92:25)
    at async GET (src/app/api/v1/portal-settings/[companyId]/route.ts:16:22)
  55 |
  56 |   try {
> 57 |     await getLimiter(pointsPerMinute).consume(companyId, 1);
     |                                       ^
  58 |   } catch (err) {
  59 |     // rate-limiter-flexible throws a RateLimiterRes (has msBeforeNext) when
  60 |     // the limit is actually exceeded; anything else (e.g. Redis down) is a
 GET /api/v1/portal-settings/cmtgb04al00050bv3rt10npd9 200 in 4ms (next.js: 0.6ms, application-code: 4ms)
[rateLimit] Redis error, failing open: Error: Stream isn't writeable and enableOfflineQueue options is false
    at new Promise (<anonymous>)
    at checkRateLimit (src/lib/rateLimit.ts:57:39)
    at requireInternalAuth (src/lib/internalAuth.ts:92:25)
    at async GET (src/app/api/v1/tenant/resolve/route.ts:10:27)
  55 |
  56 |   try {
> 57 |     await getLimiter(pointsPerMinute).consume(companyId, 1);
     |                                       ^
  58 |   } catch (err) {
  59 |     // rate-limiter-flexible throws a RateLimiterRes (has msBeforeNext) when
  60 |     // the limit is actually exceeded; anything else (e.g. Redis down) is a
 GET /api/v1/tenant/resolve 200 in 3ms (next.js: 0.6ms, application-code: 3ms)
[rateLimit] Redis error, failing open: Error: Stream isn't writeable and enableOfflineQueue options is false
    at new Promise (<anonymous>)
    at checkRateLimit (src/lib/rateLimit.ts:57:39)
    at requireInternalAuth (src/lib/internalAuth.ts:92:25)
    at async GET (src/app/api/v1/tenant/resolve/route.ts:10:27)
  55 |
  56 |   try {
> 57 |     await getLimiter(pointsPerMinute).consume(companyId, 1);
     |                                       ^
  58 |   } catch (err) {
  59 |     // rate-limiter-flexible throws a RateLimiterRes (has msBeforeNext) when
  60 |     // the limit is actually exceeded; anything else (e.g. Redis down) is a
 GET /api/v1/tenant/resolve 200 in 3ms (next.js: 0.4ms, application-code: 3ms)
[rateLimit] Redis error, failing open: Error: Stream isn't writeable and enableOfflineQueue options is false
    at new Promise (<anonymous>)
    at checkRateLimit (src/lib/rateLimit.ts:57:39)
    at requireInternalAuth (src/lib/internalAuth.ts:92:25)
    at async GET (src/app/api/v1/portal-settings/[companyId]/route.ts:16:22)
  55 |
  56 |   try {
> 57 |     await getLimiter(pointsPerMinute).consume(companyId, 1);
     |                                       ^
  58 |   } catch (err) {
  59 |     // rate-limiter-flexible throws a RateLimiterRes (has msBeforeNext) when
  60 |     // the limit is actually exceeded; anything else (e.g. Redis down) is a
 GET /api/v1/portal-settings/cmtgb04gr000a0bv35evd9ya5 200 in 3ms (next.js: 0.5ms, application-code: 3ms)
[rateLimit] Redis connection error: 
[rateLimit] Redis connection error: 
[rateLimit] Redis connection error: 
[rateLimit] Redis connection error: 
[rateLimit] Redis connection error: 
[rateLimit] Redis connection error: 
[rateLimit] Redis error, failing open: Error: Stream isn't writeable and enableOfflineQueue options is false
    at new Promise (<anonymous>)
    at checkRateLimit (src/lib/rateLimit.ts:57:39)
    at requireInternalAuth (src/lib/internalAuth.ts:92:25)
    at async GET (src/app/api/v1/tenant/resolve/route.ts:10:27)
  55 |
  56 |   try {
> 57 |     await getLimiter(pointsPerMinute).consume(companyId, 1);
     |                                       ^
  58 |   } catch (err) {
  59 |     // rate-limiter-flexible throws a RateLimiterRes (has msBeforeNext) when
  60 |     // the limit is actually exceeded; anything else (e.g. Redis down) is a
 GET /api/v1/tenant/resolve 200 in 15ms (next.js: 4ms, application-code: 11ms)
[rateLimit] Redis error, failing open: Error: Stream isn't writeable and enableOfflineQueue options is false
    at new Promise (<anonymous>)
    at checkRateLimit (src/lib/rateLimit.ts:57:39)
    at requireInternalAuth (src/lib/internalAuth.ts:92:25)
    at async GET (src/app/api/v1/tenant/resolve/route.ts:10:27)
  55 |
  56 |   try {
> 57 |     await getLimiter(pointsPerMinute).consume(companyId, 1);
     |                                       ^
  58 |   } catch (err) {
  59 |     // rate-limiter-flexible throws a RateLimiterRes (has msBeforeNext) when
  60 |     // the limit is actually exceeded; anything else (e.g. Redis down) is a
 GET /api/v1/tenant/resolve 200 in 6ms (next.js: 1.3ms, application-code: 5ms)
[rateLimit] Redis error, failing open: Error: Stream isn't writeable and enableOfflineQueue options is false
    at new Promise (<anonymous>)
    at checkRateLimit (src/lib/rateLimit.ts:57:39)
    at requireInternalAuth (src/lib/internalAuth.ts:92:25)
    at async GET (src/app/api/v1/portal-settings/[companyId]/route.ts:16:22)
  55 |
  56 |   try {
> 57 |     await getLimiter(pointsPerMinute).consume(companyId, 1);
     |                                       ^
  58 |   } catch (err) {
  59 |     // rate-limiter-flexible throws a RateLimiterRes (has msBeforeNext) when
  60 |     // the limit is actually exceeded; anything else (e.g. Redis down) is a
 GET /api/v1/portal-settings/cmtgb040d00000bv3pa01rwb1 200 in 10ms (next.js: 3ms, application-code: 7ms)
[rateLimit] Redis error, failing open: Error: Stream isn't writeable and enableOfflineQueue options is false
    at new Promise (<anonymous>)
    at checkRateLimit (src/lib/rateLimit.ts:57:39)
    at requireInternalAuth (src/lib/internalAuth.ts:92:25)
    at async GET (src/app/api/v1/tenant/resolve/route.ts:10:27)
  55 |
  56 |   try {
> 57 |     await getLimiter(pointsPerMinute).consume(companyId, 1);
     |                                       ^
  58 |   } catch (err) {
  59 |     // rate-limiter-flexible throws a RateLimiterRes (has msBeforeNext) when
  60 |     // the limit is actually exceeded; anything else (e.g. Redis down) is a
 GET /api/v1/tenant/resolve 200 in 4ms (next.js: 0.7ms, application-code: 3ms)
[rateLimit] Redis error, failing open: Error: Stream isn't writeable and enableOfflineQueue options is false
    at new Promise (<anonymous>)
    at checkRateLimit (src/lib/rateLimit.ts:57:39)
    at requireInternalAuth (src/lib/internalAuth.ts:92:25)
    at async GET (src/app/api/v1/tenant/resolve/route.ts:10:27)
  55 |
  56 |   try {
> 57 |     await getLimiter(pointsPerMinute).consume(companyId, 1);
     |                                       ^
  58 |   } catch (err) {
  59 |     // rate-limiter-flexible throws a RateLimiterRes (has msBeforeNext) when
  60 |     // the limit is actually exceeded; anything else (e.g. Redis down) is a
 GET /api/v1/tenant/resolve 200 in 3ms (next.js: 0.6ms, application-code: 3ms)
[rateLimit] Redis error, failing open: Error: Stream isn't writeable and enableOfflineQueue options is false
    at new Promise (<anonymous>)
    at checkRateLimit (src/lib/rateLimit.ts:57:39)
    at requireInternalAuth (src/lib/internalAuth.ts:92:25)
    at async GET (src/app/api/v1/portal-settings/[companyId]/route.ts:16:22)
  55 |
  56 |   try {
> 57 |     await getLimiter(pointsPerMinute).consume(companyId, 1);
     |                                       ^
  58 |   } catch (err) {
  59 |     // rate-limiter-flexible throws a RateLimiterRes (has msBeforeNext) when
  60 |     // the limit is actually exceeded; anything else (e.g. Redis down) is a
 GET /api/v1/portal-settings/cmtgb04al00050bv3rt10npd9 200 in 4ms (next.js: 0.6ms, application-code: 4ms)
[rateLimit] Redis error, failing open: Error: Stream isn't writeable and enableOfflineQueue options is false
    at new Promise (<anonymous>)
    at checkRateLimit (src/lib/rateLimit.ts:57:39)
    at requireInternalAuth (src/lib/internalAuth.ts:92:25)
    at async GET (src/app/api/v1/tenant/resolve/route.ts:10:27)
  55 |
  56 |   try {
> 57 |     await getLimiter(pointsPerMinute).consume(companyId, 1);
     |                                       ^
  58 |   } catch (err) {
  59 |     // rate-limiter-flexible throws a RateLimiterRes (has msBeforeNext) when
  60 |     // the limit is actually exceeded; anything else (e.g. Redis down) is a
 GET /api/v1/tenant/resolve 200 in 3ms (next.js: 0.6ms, application-code: 3ms)
[rateLimit] Redis error, failing open: Error: Stream isn't writeable and enableOfflineQueue options is false
    at new Promise (<anonymous>)
    at checkRateLimit (src/lib/rateLimit.ts:57:39)
    at requireInternalAuth (src/lib/internalAuth.ts:92:25)
    at async GET (src/app/api/v1/tenant/resolve/route.ts:10:27)
  55 |
  56 |   try {
> 57 |     await getLimiter(pointsPerMinute).consume(companyId, 1);
     |                                       ^
  58 |   } catch (err) {
  59 |     // rate-limiter-flexible throws a RateLimiterRes (has msBeforeNext) when
  60 |     // the limit is actually exceeded; anything else (e.g. Redis down) is a
 GET /api/v1/tenant/resolve 200 in 3ms (next.js: 0.6ms, application-code: 3ms)
[rateLimit] Redis error, failing open: Error: Stream isn't writeable and enableOfflineQueue options is false
    at new Promise (<anonymous>)
    at checkRateLimit (src/lib/rateLimit.ts:57:39)
    at requireInternalAuth (src/lib/internalAuth.ts:92:25)
    at async GET (src/app/api/v1/portal-settings/[companyId]/route.ts:16:22)
  55 |
  56 |   try {
> 57 |     await getLimiter(pointsPerMinute).consume(companyId, 1);
     |                                       ^
  58 |   } catch (err) {
  59 |     // rate-limiter-flexible throws a RateLimiterRes (has msBeforeNext) when
  60 |     // the limit is actually exceeded; anything else (e.g. Redis down) is a
 GET /api/v1/portal-settings/cmtgb04gr000a0bv35evd9ya5 200 in 3ms (next.js: 0.5ms, application-code: 3ms)
[rateLimit] Redis connection error: 
[rateLimit] Redis connection error: 
[rateLimit] Redis connection error: 
[rateLimit] Redis connection error: 
[rateLimit] Redis connection error: 
[rateLimit] Redis connection error: 
[rateLimit] Redis error, failing open: Error: Stream isn't writeable and enableOfflineQueue options is false
    at new Promise (<anonymous>)
    at checkRateLimit (src/lib/rateLimit.ts:57:39)
    at requireInternalAuth (src/lib/internalAuth.ts:92:25)
    at async GET (src/app/api/v1/tenant/resolve/route.ts:10:27)
  55 |
  56 |   try {
> 57 |     await getLimiter(pointsPerMinute).consume(companyId, 1);
     |                                       ^
  58 |   } catch (err) {
  59 |     // rate-limiter-flexible throws a RateLimiterRes (has msBeforeNext) when
  60 |     // the limit is actually exceeded; anything else (e.g. Redis down) is a
 GET /api/v1/tenant/resolve 200 in 39ms (next.js: 29ms, application-code: 11ms)
[rateLimit] Redis error, failing open: Error: Stream isn't writeable and enableOfflineQueue options is false
    at new Promise (<anonymous>)
    at checkRateLimit (src/lib/rateLimit.ts:57:39)
    at requireInternalAuth (src/lib/internalAuth.ts:92:25)
    at async GET (src/app/api/v1/tenant/resolve/route.ts:10:27)
  55 |
  56 |   try {
> 57 |     await getLimiter(pointsPerMinute).consume(companyId, 1);
     |                                       ^
  58 |   } catch (err) {
  59 |     // rate-limiter-flexible throws a RateLimiterRes (has msBeforeNext) when
  60 |     // the limit is actually exceeded; anything else (e.g. Redis down) is a
 GET /api/v1/tenant/resolve 200 in 5ms (next.js: 1.9ms, application-code: 3ms)
[rateLimit] Redis error, failing open: Error: Stream isn't writeable and enableOfflineQueue options is false
    at new Promise (<anonymous>)
    at checkRateLimit (src/lib/rateLimit.ts:57:39)
    at requireInternalAuth (src/lib/internalAuth.ts:92:25)
    at async GET (src/app/api/v1/tenant/resolve/route.ts:10:27)
  55 |
  56 |   try {
> 57 |     await getLimiter(pointsPerMinute).consume(companyId, 1);
     |                                       ^
  58 |   } catch (err) {
  59 |     // rate-limiter-flexible throws a RateLimiterRes (has msBeforeNext) when
  60 |     // the limit is actually exceeded; anything else (e.g. Redis down) is a
 GET /api/v1/tenant/resolve 200 in 3ms (next.js: 0.5ms, application-code: 2ms)
[rateLimit] Redis error, failing open: Error: Stream isn't writeable and enableOfflineQueue options is false
    at new Promise (<anonymous>)
    at checkRateLimit (src/lib/rateLimit.ts:57:39)
    at requireInternalAuth (src/lib/internalAuth.ts:92:25)
    at async GET (src/app/api/v1/tenant/resolve/route.ts:10:27)
  55 |
  56 |   try {
> 57 |     await getLimiter(pointsPerMinute).consume(companyId, 1);
     |                                       ^
  58 |   } catch (err) {
  59 |     // rate-limiter-flexible throws a RateLimiterRes (has msBeforeNext) when
  60 |     // the limit is actually exceeded; anything else (e.g. Redis down) is a
 GET /api/v1/tenant/resolve 200 in 6ms (next.js: 0.6ms, application-code: 5ms)
[rateLimit] Redis error, failing open: Error: Stream isn't writeable and enableOfflineQueue options is false
    at new Promise (<anonymous>)
    at checkRateLimit (src/lib/rateLimit.ts:57:39)
    at requireInternalAuth (src/lib/internalAuth.ts:92:25)
    at async GET (src/app/api/v1/portal-settings/[companyId]/route.ts:16:22)
  55 |
  56 |   try {
> 57 |     await getLimiter(pointsPerMinute).consume(companyId, 1);
     |                                       ^
  58 |   } catch (err) {
  59 |     // rate-limiter-flexible throws a RateLimiterRes (has msBeforeNext) when
  60 |     // the limit is actually exceeded; anything else (e.g. Redis down) is a
 GET /api/v1/portal-settings/cmtgb040d00000bv3pa01rwb1 200 in 17ms (next.js: 13ms, application-code: 5ms)
[rateLimit] Redis error, failing open: Error: Stream isn't writeable and enableOfflineQueue options is false
    at new Promise (<anonymous>)
    at checkRateLimit (src/lib/rateLimit.ts:57:39)
    at requireInternalAuth (src/lib/internalAuth.ts:92:25)
    at async GET (src/app/api/v1/portal-settings/[companyId]/route.ts:16:22)
  55 |
  56 |   try {
> 57 |     await getLimiter(pointsPerMinute).consume(companyId, 1);
     |                                       ^
  58 |   } catch (err) {
  59 |     // rate-limiter-flexible throws a RateLimiterRes (has msBeforeNext) when
  60 |     // the limit is actually exceeded; anything else (e.g. Redis down) is a
 GET /api/v1/portal-settings/cmtgb04al00050bv3rt10npd9 200 in 3ms (next.js: 0.4ms, application-code: 3ms)
[rateLimit] Redis error, failing open: Error: Stream isn't writeable and enableOfflineQueue options is false
    at new Promise (<anonymous>)
    at checkRateLimit (src/lib/rateLimit.ts:57:39)
    at requireInternalAuth (src/lib/internalAuth.ts:92:25)
    at async GET (src/app/api/v1/tenant/resolve/route.ts:10:27)
  55 |
  56 |   try {
> 57 |     await getLimiter(pointsPerMinute).consume(companyId, 1);
     |                                       ^
  58 |   } catch (err) {
  59 |     // rate-limiter-flexible throws a RateLimiterRes (has msBeforeNext) when
  60 |     // the limit is actually exceeded; anything else (e.g. Redis down) is a
 GET /api/v1/tenant/resolve 200 in 3ms (next.js: 0.6ms, application-code: 3ms)
[rateLimit] Redis error, failing open: Error: Stream isn't writeable and enableOfflineQueue options is false
    at new Promise (<anonymous>)
    at checkRateLimit (src/lib/rateLimit.ts:57:39)
    at requireInternalAuth (src/lib/internalAuth.ts:92:25)
    at async GET (src/app/api/v1/tenant/resolve/route.ts:10:27)
  55 |
  56 |   try {
> 57 |     await getLimiter(pointsPerMinute).consume(companyId, 1);
     |                                       ^
  58 |   } catch (err) {
  59 |     // rate-limiter-flexible throws a RateLimiterRes (has msBeforeNext) when
  60 |     // the limit is actually exceeded; anything else (e.g. Redis down) is a
 GET /api/v1/tenant/resolve 200 in 3ms (next.js: 0.7ms, application-code: 3ms)
[rateLimit] Redis error, failing open: Error: Stream isn't writeable and enableOfflineQueue options is false
    at new Promise (<anonymous>)
    at checkRateLimit (src/lib/rateLimit.ts:57:39)
    at requireInternalAuth (src/lib/internalAuth.ts:92:25)
    at async GET (src/app/api/v1/portal-settings/[companyId]/route.ts:16:22)
  55 |
  56 |   try {
> 57 |     await getLimiter(pointsPerMinute).consume(companyId, 1);
     |                                       ^
  58 |   } catch (err) {
  59 |     // rate-limiter-flexible throws a RateLimiterRes (has msBeforeNext) when
  60 |     // the limit is actually exceeded; anything else (e.g. Redis down) is a
 GET /api/v1/portal-settings/cmtgb04gr000a0bv35evd9ya5 200 in 4ms (next.js: 0.6ms, application-code: 3ms)
[rateLimit] Redis connection error: 
[rateLimit] Redis connection error: 
[rateLimit] Redis connection error: 
[rateLimit] Redis connection error: 
[rateLimit] Redis error, failing open: Error: Stream isn't writeable and enableOfflineQueue options is false
    at new Promise (<anonymous>)
    at checkRateLimit (src/lib/rateLimit.ts:57:39)
    at requireInternalAuth (src/lib/internalAuth.ts:92:25)
    at async GET (src/app/api/v1/tenant/resolve/route.ts:10:27)
  55 |
  56 |   try {
> 57 |     await getLimiter(pointsPerMinute).consume(companyId, 1);
     |                                       ^
  58 |   } catch (err) {
  59 |     // rate-limiter-flexible throws a RateLimiterRes (has msBeforeNext) when
  60 |     // the limit is actually exceeded; anything else (e.g. Redis down) is a
 GET /api/v1/tenant/resolve 200 in 7ms (next.js: 1.9ms, application-code: 5ms)
[rateLimit] Redis error, failing open: Error: Stream isn't writeable and enableOfflineQueue options is false
    at new Promise (<anonymous>)
    at checkRateLimit (src/lib/rateLimit.ts:57:39)
    at requireInternalAuth (src/lib/internalAuth.ts:92:25)
    at async GET (src/app/api/v1/portal-settings/[companyId]/route.ts:16:22)
  55 |
  56 |   try {
> 57 |     await getLimiter(pointsPerMinute).consume(companyId, 1);
     |                                       ^
  58 |   } catch (err) {
  59 |     // rate-limiter-flexible throws a RateLimiterRes (has msBeforeNext) when
  60 |     // the limit is actually exceeded; anything else (e.g. Redis down) is a
 GET /api/v1/portal-settings/cmtgb040d00000bv3pa01rwb1 200 in 6ms (next.js: 2ms, application-code: 4ms)
[rateLimit] Redis error, failing open: Error: Stream isn't writeable and enableOfflineQueue options is false
    at new Promise (<anonymous>)
    at checkRateLimit (src/lib/rateLimit.ts:57:39)
    at requireInternalAuth (src/lib/internalAuth.ts:92:25)
    at async GET (src/app/api/v1/tenant/resolve/route.ts:10:27)
  55 |
  56 |   try {
> 57 |     await getLimiter(pointsPerMinute).consume(companyId, 1);
     |                                       ^
  58 |   } catch (err) {
  59 |     // rate-limiter-flexible throws a RateLimiterRes (has msBeforeNext) when
  60 |     // the limit is actually exceeded; anything else (e.g. Redis down) is a
 GET /api/v1/tenant/resolve 200 in 12ms (next.js: 1.2ms, application-code: 11ms)
[rateLimit] Redis error, failing open: Error: Stream isn't writeable and enableOfflineQueue options is false
    at new Promise (<anonymous>)
    at checkRateLimit (src/lib/rateLimit.ts:57:39)
    at requireInternalAuth (src/lib/internalAuth.ts:92:25)
    at async GET (src/app/api/v1/files/portal-settings/[companyId]/logo/route.ts:14:22)
  55 |
  56 |   try {
> 57 |     await getLimiter(pointsPerMinute).consume(companyId, 1);
     |                                       ^
  58 |   } catch (err) {
  59 |     // rate-limiter-flexible throws a RateLimiterRes (has msBeforeNext) when
  60 |     // the limit is actually exceeded; anything else (e.g. Redis down) is a
 GET /api/v1/files/portal-settings/cmtgb040d00000bv3pa01rwb1/logo 200 in 24ms (next.js: 14ms, application-code: 10ms)
[rateLimit] Redis error, failing open: Error: Stream isn't writeable and enableOfflineQueue options is false
    at new Promise (<anonymous>)
    at checkRateLimit (src/lib/rateLimit.ts:57:39)
    at requireInternalAuth (src/lib/internalAuth.ts:92:25)
    at async GET (src/app/api/v1/tenant/resolve/route.ts:10:27)
  55 |
  56 |   try {
> 57 |     await getLimiter(pointsPerMinute).consume(companyId, 1);
     |                                       ^
  58 |   } catch (err) {
  59 |     // rate-limiter-flexible throws a RateLimiterRes (has msBeforeNext) when
  60 |     // the limit is actually exceeded; anything else (e.g. Redis down) is a
 GET /api/v1/tenant/resolve 200 in 5ms (next.js: 0.9ms, application-code: 5ms)
[rateLimit] Redis error, failing open: Error: Stream isn't writeable and enableOfflineQueue options is false
    at new Promise (<anonymous>)
    at checkRateLimit (src/lib/rateLimit.ts:57:39)
    at requireInternalAuth (src/lib/internalAuth.ts:92:25)
    at async GET (src/app/api/v1/files/portal-settings/[companyId]/favicon/route.ts:14:22)
  55 |
  56 |   try {
> 57 |     await getLimiter(pointsPerMinute).consume(companyId, 1);
     |                                       ^
  58 |   } catch (err) {
  59 |     // rate-limiter-flexible throws a RateLimiterRes (has msBeforeNext) when
  60 |     // the limit is actually exceeded; anything else (e.g. Redis down) is a
 GET /api/v1/files/portal-settings/cmtgb040d00000bv3pa01rwb1/favicon 200 in 16ms (next.js: 10ms, application-code: 6ms)
[rateLimit] Redis error, failing open: Error: Stream isn't writeable and enableOfflineQueue options is false
    at new Promise (<anonymous>)
    at checkRateLimit (src/lib/rateLimit.ts:57:39)
    at requireInternalAuth (src/lib/internalAuth.ts:92:25)
    at async POST (src/app/api/v1/auth/login/route.ts:32:22)
  55 |
  56 |   try {
> 57 |     await getLimiter(pointsPerMinute).consume(companyId, 1);
     |                                       ^
  58 |   } catch (err) {
  59 |     // rate-limiter-flexible throws a RateLimiterRes (has msBeforeNext) when
  60 |     // the limit is actually exceeded; anything else (e.g. Redis down) is a
 POST /api/v1/auth/login 200 in 81ms (next.js: 15ms, application-code: 66ms)
[rateLimit] Redis error, failing open: Error: Stream isn't writeable and enableOfflineQueue options is false
    at new Promise (<anonymous>)
    at checkRateLimit (src/lib/rateLimit.ts:57:39)
    at requireInternalAuth (src/lib/internalAuth.ts:92:25)
    at async GET (src/app/api/v1/tenant/resolve/route.ts:10:27)
  55 |
  56 |   try {
> 57 |     await getLimiter(pointsPerMinute).consume(companyId, 1);
     |                                       ^
  58 |   } catch (err) {
  59 |     // rate-limiter-flexible throws a RateLimiterRes (has msBeforeNext) when
  60 |     // the limit is actually exceeded; anything else (e.g. Redis down) is a
 GET /api/v1/tenant/resolve 200 in 3ms (next.js: 0.7ms, application-code: 3ms)
[rateLimit] Redis error, failing open: Error: Stream isn't writeable and enableOfflineQueue options is false
    at new Promise (<anonymous>)
    at checkRateLimit (src/lib/rateLimit.ts:57:39)
    at requireInternalAuth (src/lib/internalAuth.ts:92:25)
    at async GET (src/app/api/v1/portal-settings/[companyId]/route.ts:16:22)
  55 |
  56 |   try {
> 57 |     await getLimiter(pointsPerMinute).consume(companyId, 1);
     |                                       ^
  58 |   } catch (err) {
  59 |     // rate-limiter-flexible throws a RateLimiterRes (has msBeforeNext) when
  60 |     // the limit is actually exceeded; anything else (e.g. Redis down) is a
 GET /api/v1/portal-settings/cmtgb040d00000bv3pa01rwb1 200 in 5ms (next.js: 1.4ms, application-code: 3ms)
[rateLimit] Redis error, failing open: Error: Stream isn't writeable and enableOfflineQueue options is false
    at new Promise (<anonymous>)
    at checkRateLimit (src/lib/rateLimit.ts:57:39)
    at requireInternalAuth (src/lib/internalAuth.ts:92:25)
    at async GET (src/app/api/v1/packages/route.ts:21:22)
  55 |
  56 |   try {
> 57 |     await getLimiter(pointsPerMinute).consume(companyId, 1);
     |                                       ^
  58 |   } catch (err) {
  59 |     // rate-limiter-flexible throws a RateLimiterRes (has msBeforeNext) when
  60 |     // the limit is actually exceeded; anything else (e.g. Redis down) is a
[rateLimit] Redis error, failing open: Error: Stream isn't writeable and enableOfflineQueue options is false
    at new Promise (<anonymous>)
    at checkRateLimit (src/lib/rateLimit.ts:57:39)
    at requireInternalAuth (src/lib/internalAuth.ts:92:25)
    at async GET (src/app/api/v1/portal-users/[id]/route.ts:13:22)
  55 |
  56 |   try {
> 57 |     await getLimiter(pointsPerMinute).consume(companyId, 1);
     |                                       ^
  58 |   } catch (err) {
  59 |     // rate-limiter-flexible throws a RateLimiterRes (has msBeforeNext) when
  60 |     // the limit is actually exceeded; anything else (e.g. Redis down) is a
prisma:error 
Invalid `__TURBOPACK__imported__module__$5b$project$5d2f$src$2f$lib$2f$prisma$2e$ts__$5b$app$2d$route$5d$__$28$ecmascript$29$__["prisma"].package.findMany()` invocation in
/Users/deevexx/Documents/PROJECTS/freight-forwarder/api/.next/dev/server/chunks/[root-of-the-server]__1ia8c4e._.js:244:146

  241     } : {}
  242 };
  243 const [packages, total] = await Promise.all([
→ 244     __TURBOPACK__imported__module__$5b$project$5d2f$src$2f$lib$2f$prisma$2e$ts__$5b$app$2d$route$5d$__$28$ecmascript$29$__["prisma"].package.findMany(
Value 'LOGGER' not found in enum 'Role'
⨯ Error [PrismaClientUnknownRequestError]: 
Invalid `{imported module ./src/lib/prisma.ts}["prisma"].package.findMany()` invocation in
/Users/deevexx/Documents/PROJECTS/freight-forwarder/api/.next/dev/server/chunks/[root-of-the-server]__1ia8c4e._.js:244:146

  241     } : {}
  242 };
  243 const [packages, total] = await Promise.all([
→ 244     {imported module ./src/lib/prisma.ts}["prisma"].package.findMany(
Value 'LOGGER' not found in enum 'Role'
    at <unknown> (src/app/api/v1/packages/route.ts:65:20)
    at async GET (src/app/api/v1/packages/route.ts:64:29)
  63 |
  64 |   const [packages, total] = await Promise.all([
> 65 |     prisma.package.findMany({
     |                    ^
  66 |       where,
  67 |       orderBy: { createdAt: "desc" },
  68 |       include: packageInclude, {
  clientVersion: '6.19.3'
}
 GET /api/v1/packages?page=1&pageSize=25 500 in 26ms (next.js: 6ms, application-code: 20ms)
 GET /api/v1/portal-users/cmtgb4ndy001d0b7ys1fzvnhl 200 in 33ms (next.js: 14ms, application-code: 19ms)
[rateLimit] Redis error, failing open: Error: Stream isn't writeable and enableOfflineQueue options is false
    at new Promise (<anonymous>)
    at checkRateLimit (src/lib/rateLimit.ts:57:39)
    at requireInternalAuth (src/lib/internalAuth.ts:92:25)
    at async GET (src/app/api/v1/tenant/resolve/route.ts:10:27)
  55 |
  56 |   try {
> 57 |     await getLimiter(pointsPerMinute).consume(companyId, 1);
     |                                       ^
  58 |   } catch (err) {
  59 |     // rate-limiter-flexible throws a RateLimiterRes (has msBeforeNext) when
  60 |     // the limit is actually exceeded; anything else (e.g. Redis down) is a
 GET /api/v1/tenant/resolve 200 in 11ms (next.js: 1.6ms, application-code: 10ms)
[rateLimit] Redis error, failing open: Error: Stream isn't writeable and enableOfflineQueue options is false
    at new Promise (<anonymous>)
    at checkRateLimit (src/lib/rateLimit.ts:57:39)
    at requireInternalAuth (src/lib/internalAuth.ts:92:25)
    at async GET (src/app/api/v1/portal-settings/[companyId]/route.ts:16:22)
  55 |
  56 |   try {
> 57 |     await getLimiter(pointsPerMinute).consume(companyId, 1);
     |                                       ^
  58 |   } catch (err) {
  59 |     // rate-limiter-flexible throws a RateLimiterRes (has msBeforeNext) when
  60 |     // the limit is actually exceeded; anything else (e.g. Redis down) is a
[rateLimit] Redis error, failing open: Error: Stream isn't writeable and enableOfflineQueue options is false
    at new Promise (<anonymous>)
    at checkRateLimit (src/lib/rateLimit.ts:57:39)
    at requireInternalAuth (src/lib/internalAuth.ts:92:25)
    at async GET (src/app/api/v1/portal-users/[id]/route.ts:13:22)
  55 |
  56 |   try {
> 57 |     await getLimiter(pointsPerMinute).consume(companyId, 1);
     |                                       ^
  58 |   } catch (err) {
  59 |     // rate-limiter-flexible throws a RateLimiterRes (has msBeforeNext) when
  60 |     // the limit is actually exceeded; anything else (e.g. Redis down) is a
 GET /api/v1/portal-settings/cmtgb040d00000bv3pa01rwb1 200 in 8ms (next.js: 0.8ms, application-code: 8ms)
 GET /api/v1/portal-users/cmtgb4ndy001d0b7ys1fzvnhl 200 in 6ms (next.js: 0.6ms, application-code: 6ms)
[rateLimit] Redis error, failing open: Error: Stream isn't writeable and enableOfflineQueue options is false
    at new Promise (<anonymous>)
    at checkRateLimit (src/lib/rateLimit.ts:57:39)
    at requireInternalAuth (src/lib/internalAuth.ts:92:25)
    at async GET (src/app/api/v1/packages/route.ts:21:22)
  55 |
  56 |   try {
> 57 |     await getLimiter(pointsPerMinute).consume(companyId, 1);
     |                                       ^
  58 |   } catch (err) {
  59 |     // rate-limiter-flexible throws a RateLimiterRes (has msBeforeNext) when
  60 |     // the limit is actually exceeded; anything else (e.g. Redis down) is a
prisma:error 
Invalid `__TURBOPACK__imported__module__$5b$project$5d2f$src$2f$lib$2f$prisma$2e$ts__$5b$app$2d$route$5d$__$28$ecmascript$29$__["prisma"].package.findMany()` invocation in
/Users/deevexx/Documents/PROJECTS/freight-forwarder/api/.next/dev/server/chunks/[root-of-the-server]__1ia8c4e._.js:244:146

  241     } : {}
  242 };
  243 const [packages, total] = await Promise.all([
→ 244     __TURBOPACK__imported__module__$5b$project$5d2f$src$2f$lib$2f$prisma$2e$ts__$5b$app$2d$route$5d$__$28$ecmascript$29$__["prisma"].package.findMany(
Value 'LOGGER' not found in enum 'Role'
⨯ Error [PrismaClientUnknownRequestError]: 
Invalid `{imported module ./src/lib/prisma.ts}["prisma"].package.findMany()` invocation in
/Users/deevexx/Documents/PROJECTS/freight-forwarder/api/.next/dev/server/chunks/[root-of-the-server]__1ia8c4e._.js:244:146

  241     } : {}
  242 };
  243 const [packages, total] = await Promise.all([
→ 244     {imported module ./src/lib/prisma.ts}["prisma"].package.findMany(
Value 'LOGGER' not found in enum 'Role'
    at <unknown> (src/app/api/v1/packages/route.ts:65:20)
    at async GET (src/app/api/v1/packages/route.ts:64:29)
  63 |
  64 |   const [packages, total] = await Promise.all([
> 65 |     prisma.package.findMany({
     |                    ^
  66 |       where,
  67 |       orderBy: { createdAt: "desc" },
  68 |       include: packageInclude, {
  clientVersion: '6.19.3'
}
 GET /api/v1/packages?page=1&pageSize=25 500 in 12ms (next.js: 1.1ms, application-code: 11ms)
[rateLimit] Redis connection error: 
[rateLimit] Redis error, failing open: Error: Stream isn't writeable and enableOfflineQueue options is false
    at new Promise (<anonymous>)
    at checkRateLimit (src/lib/rateLimit.ts:57:39)
    at requireInternalAuth (src/lib/internalAuth.ts:92:25)
    at async GET (src/app/api/v1/tenant/resolve/route.ts:10:27)
  55 |
  56 |   try {
> 57 |     await getLimiter(pointsPerMinute).consume(companyId, 1);
     |                                       ^
  58 |   } catch (err) {
  59 |     // rate-limiter-flexible throws a RateLimiterRes (has msBeforeNext) when
  60 |     // the limit is actually exceeded; anything else (e.g. Redis down) is a
 GET /api/v1/tenant/resolve 200 in 4ms (next.js: 0.8ms, application-code: 4ms)
[rateLimit] Redis error, failing open: Error: Stream isn't writeable and enableOfflineQueue options is false
    at new Promise (<anonymous>)
    at checkRateLimit (src/lib/rateLimit.ts:57:39)
    at requireInternalAuth (src/lib/internalAuth.ts:92:25)
    at async GET (src/app/api/v1/portal-users/[id]/route.ts:13:22)
  55 |
  56 |   try {
> 57 |     await getLimiter(pointsPerMinute).consume(companyId, 1);
     |                                       ^
  58 |   } catch (err) {
  59 |     // rate-limiter-flexible throws a RateLimiterRes (has msBeforeNext) when
  60 |     // the limit is actually exceeded; anything else (e.g. Redis down) is a
 GET /api/v1/portal-users/cmtgb4ndy001d0b7ys1fzvnhl 200 in 7ms (next.js: 1.7ms, application-code: 5ms)
[rateLimit] Redis error, failing open: Error: Stream isn't writeable and enableOfflineQueue options is false
    at new Promise (<anonymous>)
    at checkRateLimit (src/lib/rateLimit.ts:57:39)
    at requireInternalAuth (src/lib/internalAuth.ts:92:25)
    at async GET (src/app/api/v1/packages/route.ts:21:22)
  55 |
  56 |   try {
> 57 |     await getLimiter(pointsPerMinute).consume(companyId, 1);
     |                                       ^
  58 |   } catch (err) {
  59 |     // rate-limiter-flexible throws a RateLimiterRes (has msBeforeNext) when
  60 |     // the limit is actually exceeded; anything else (e.g. Redis down) is a
prisma:error 
Invalid `__TURBOPACK__imported__module__$5b$project$5d2f$src$2f$lib$2f$prisma$2e$ts__$5b$app$2d$route$5d$__$28$ecmascript$29$__["prisma"].package.findMany()` invocation in
/Users/deevexx/Documents/PROJECTS/freight-forwarder/api/.next/dev/server/chunks/[root-of-the-server]__1ia8c4e._.js:244:146

  241     } : {}
  242 };
  243 const [packages, total] = await Promise.all([
→ 244     __TURBOPACK__imported__module__$5b$project$5d2f$src$2f$lib$2f$prisma$2e$ts__$5b$app$2d$route$5d$__$28$ecmascript$29$__["prisma"].package.findMany(
Value 'LOGGER' not found in enum 'Role'
⨯ Error [PrismaClientUnknownRequestError]: 
Invalid `{imported module ./src/lib/prisma.ts}["prisma"].package.findMany()` invocation in
/Users/deevexx/Documents/PROJECTS/freight-forwarder/api/.next/dev/server/chunks/[root-of-the-server]__1ia8c4e._.js:244:146

  241     } : {}
  242 };
  243 const [packages, total] = await Promise.all([
→ 244     {imported module ./src/lib/prisma.ts}["prisma"].package.findMany(
Value 'LOGGER' not found in enum 'Role'
    at <unknown> (src/app/api/v1/packages/route.ts:65:20)
    at async GET (src/app/api/v1/packages/route.ts:64:29)
  63 |
  64 |   const [packages, total] = await Promise.all([
> 65 |     prisma.package.findMany({
     |                    ^
  66 |       where,
  67 |       orderBy: { createdAt: "desc" },
  68 |       include: packageInclude, {
  clientVersion: '6.19.3'
}
 GET /api/v1/packages?page=1&pageSize=25 500 in 8ms (next.js: 0.6ms, application-code: 7ms)
[rateLimit] Redis error, failing open: Error: Stream isn't writeable and enableOfflineQueue options is false
    at new Promise (<anonymous>)
    at checkRateLimit (src/lib/rateLimit.ts:57:39)
    at requireInternalAuth (src/lib/internalAuth.ts:92:25)
    at async GET (src/app/api/v1/portal-settings/[companyId]/route.ts:16:22)
  55 |
  56 |   try {
> 57 |     await getLimiter(pointsPerMinute).consume(companyId, 1);
     |                                       ^
  58 |   } catch (err) {
  59 |     // rate-limiter-flexible throws a RateLimiterRes (has msBeforeNext) when
  60 |     // the limit is actually exceeded; anything else (e.g. Redis down) is a
 GET /api/v1/portal-settings/cmtgb040d00000bv3pa01rwb1 200 in 6ms (next.js: 1.4ms, application-code: 5ms)
[rateLimit] Redis error, failing open: Error: Stream isn't writeable and enableOfflineQueue options is false
    at new Promise (<anonymous>)
    at checkRateLimit (src/lib/rateLimit.ts:57:39)
    at requireInternalAuth (src/lib/internalAuth.ts:92:25)
    at async GET (src/app/api/v1/tenant/resolve/route.ts:10:27)
  55 |
  56 |   try {
> 57 |     await getLimiter(pointsPerMinute).consume(companyId, 1);
     |                                       ^
  58 |   } catch (err) {
  59 |     // rate-limiter-flexible throws a RateLimiterRes (has msBeforeNext) when
  60 |     // the limit is actually exceeded; anything else (e.g. Redis down) is a
 GET /api/v1/tenant/resolve 200 in 4ms (next.js: 0.8ms, application-code: 3ms)
[rateLimit] Redis error, failing open: Error: Stream isn't writeable and enableOfflineQueue options is false
    at new Promise (<anonymous>)
    at checkRateLimit (src/lib/rateLimit.ts:57:39)
    at requireInternalAuth (src/lib/internalAuth.ts:92:25)
    at async GET (src/app/api/v1/portal-settings/[companyId]/route.ts:16:22)
  55 |
  56 |   try {
> 57 |     await getLimiter(pointsPerMinute).consume(companyId, 1);
     |                                       ^
  58 |   } catch (err) {
  59 |     // rate-limiter-flexible throws a RateLimiterRes (has msBeforeNext) when
  60 |     // the limit is actually exceeded; anything else (e.g. Redis down) is a
 GET /api/v1/portal-settings/cmtgb040d00000bv3pa01rwb1 200 in 4ms (next.js: 0.7ms, application-code: 4ms)
[rateLimit] Redis error, failing open: Error: Stream isn't writeable and enableOfflineQueue options is false
    at new Promise (<anonymous>)
    at checkRateLimit (src/lib/rateLimit.ts:57:39)
    at requireInternalAuth (src/lib/internalAuth.ts:92:25)
    at async GET (src/app/api/v1/tenant/resolve/route.ts:10:27)
  55 |
  56 |   try {
> 57 |     await getLimiter(pointsPerMinute).consume(companyId, 1);
     |                                       ^
  58 |   } catch (err) {
  59 |     // rate-limiter-flexible throws a RateLimiterRes (has msBeforeNext) when
  60 |     // the limit is actually exceeded; anything else (e.g. Redis down) is a
 GET /api/v1/tenant/resolve 200 in 8ms (next.js: 1.2ms, application-code: 7ms)
[rateLimit] Redis error, failing open: Error: Stream isn't writeable and enableOfflineQueue options is false
    at new Promise (<anonymous>)
    at checkRateLimit (src/lib/rateLimit.ts:57:39)
    at requireInternalAuth (src/lib/internalAuth.ts:92:25)
    at async GET (src/app/api/v1/files/portal-settings/[companyId]/logo/route.ts:14:22)
  55 |
  56 |   try {
> 57 |     await getLimiter(pointsPerMinute).consume(companyId, 1);
     |                                       ^
  58 |   } catch (err) {
  59 |     // rate-limiter-flexible throws a RateLimiterRes (has msBeforeNext) when
  60 |     // the limit is actually exceeded; anything else (e.g. Redis down) is a
 GET /api/v1/files/portal-settings/cmtgb040d00000bv3pa01rwb1/logo 200 in 13ms (next.js: 2ms, application-code: 10ms)
[rateLimit] Redis error, failing open: Error: Stream isn't writeable and enableOfflineQueue options is false
    at new Promise (<anonymous>)
    at checkRateLimit (src/lib/rateLimit.ts:57:39)
    at requireInternalAuth (src/lib/internalAuth.ts:92:25)
    at async GET (src/app/api/v1/tenant/resolve/route.ts:10:27)
  55 |
  56 |   try {
> 57 |     await getLimiter(pointsPerMinute).consume(companyId, 1);
     |                                       ^
  58 |   } catch (err) {
  59 |     // rate-limiter-flexible throws a RateLimiterRes (has msBeforeNext) when
  60 |     // the limit is actually exceeded; anything else (e.g. Redis down) is a
 GET /api/v1/tenant/resolve 200 in 12ms (next.js: 2ms, application-code: 10ms)
[rateLimit] Redis error, failing open: Error: Stream isn't writeable and enableOfflineQueue options is false
    at new Promise (<anonymous>)
    at checkRateLimit (src/lib/rateLimit.ts:57:39)
    at requireInternalAuth (src/lib/internalAuth.ts:92:25)
    at async GET (src/app/api/v1/files/portal-settings/[companyId]/favicon/route.ts:14:22)
  55 |
  56 |   try {
> 57 |     await getLimiter(pointsPerMinute).consume(companyId, 1);
     |                                       ^
  58 |   } catch (err) {
  59 |     // rate-limiter-flexible throws a RateLimiterRes (has msBeforeNext) when
  60 |     // the limit is actually exceeded; anything else (e.g. Redis down) is a
 GET /api/v1/files/portal-settings/cmtgb040d00000bv3pa01rwb1/favicon 200 in 27ms (next.js: 5ms, application-code: 22ms)
[rateLimit] Redis connection error: 
[rateLimit] Redis error, failing open: Error: Stream isn't writeable and enableOfflineQueue options is false
    at new Promise (<anonymous>)
    at checkRateLimit (src/lib/rateLimit.ts:57:39)
    at requireInternalAuth (src/lib/internalAuth.ts:92:25)
    at async GET (src/app/api/v1/tenant/resolve/route.ts:10:27)
  55 |
  56 |   try {
> 57 |     await getLimiter(pointsPerMinute).consume(companyId, 1);
     |                                       ^
  58 |   } catch (err) {
  59 |     // rate-limiter-flexible throws a RateLimiterRes (has msBeforeNext) when
  60 |     // the limit is actually exceeded; anything else (e.g. Redis down) is a
 GET /api/v1/tenant/resolve 200 in 8ms (next.js: 1.2ms, application-code: 7ms)
[rateLimit] Redis error, failing open: Error: Stream isn't writeable and enableOfflineQueue options is false
    at new Promise (<anonymous>)
    at checkRateLimit (src/lib/rateLimit.ts:57:39)
    at requireInternalAuth (src/lib/internalAuth.ts:92:25)
    at async GET (src/app/api/v1/tenant/resolve/route.ts:10:27)
  55 |
  56 |   try {
> 57 |     await getLimiter(pointsPerMinute).consume(companyId, 1);
     |                                       ^
  58 |   } catch (err) {
  59 |     // rate-limiter-flexible throws a RateLimiterRes (has msBeforeNext) when
  60 |     // the limit is actually exceeded; anything else (e.g. Redis down) is a
 GET /api/v1/tenant/resolve 200 in 6ms (next.js: 0.9ms, application-code: 5ms)
[rateLimit] Redis error, failing open: Error: Stream isn't writeable and enableOfflineQueue options is false
    at new Promise (<anonymous>)
    at checkRateLimit (src/lib/rateLimit.ts:57:39)
    at requireInternalAuth (src/lib/internalAuth.ts:92:25)
    at async GET (src/app/api/v1/portal-settings/[companyId]/route.ts:16:22)
  55 |
  56 |   try {
> 57 |     await getLimiter(pointsPerMinute).consume(companyId, 1);
     |                                       ^
  58 |   } catch (err) {
  59 |     // rate-limiter-flexible throws a RateLimiterRes (has msBeforeNext) when
  60 |     // the limit is actually exceeded; anything else (e.g. Redis down) is a
 GET /api/v1/portal-settings/cmtgb040d00000bv3pa01rwb1 200 in 7ms (next.js: 1.9ms, application-code: 5ms)
[rateLimit] Redis error, failing open: Error: Stream isn't writeable and enableOfflineQueue options is false
    at new Promise (<anonymous>)
    at checkRateLimit (src/lib/rateLimit.ts:57:39)
    at requireInternalAuth (src/lib/internalAuth.ts:92:25)
    at async GET (src/app/api/v1/tenant/resolve/route.ts:10:27)
  55 |
  56 |   try {
> 57 |     await getLimiter(pointsPerMinute).consume(companyId, 1);
     |                                       ^
  58 |   } catch (err) {
  59 |     // rate-limiter-flexible throws a RateLimiterRes (has msBeforeNext) when
  60 |     // the limit is actually exceeded; anything else (e.g. Redis down) is a
 GET /api/v1/tenant/resolve 200 in 3ms (next.js: 0.7ms, application-code: 3ms)
[rateLimit] Redis error, failing open: Error: Stream isn't writeable and enableOfflineQueue options is false
    at new Promise (<anonymous>)
    at checkRateLimit (src/lib/rateLimit.ts:57:39)
    at requireInternalAuth (src/lib/internalAuth.ts:92:25)
    at async GET (src/app/api/v1/tenant/resolve/route.ts:10:27)
  55 |
  56 |   try {
> 57 |     await getLimiter(pointsPerMinute).consume(companyId, 1);
     |                                       ^
  58 |   } catch (err) {
  59 |     // rate-limiter-flexible throws a RateLimiterRes (has msBeforeNext) when
  60 |     // the limit is actually exceeded; anything else (e.g. Redis down) is a
 GET /api/v1/tenant/resolve 200 in 5ms (next.js: 0.6ms, application-code: 4ms)
[rateLimit] Redis error, failing open: Error: Stream isn't writeable and enableOfflineQueue options is false
    at new Promise (<anonymous>)
    at checkRateLimit (src/lib/rateLimit.ts:57:39)
    at requireInternalAuth (src/lib/internalAuth.ts:92:25)
    at async GET (src/app/api/v1/portal-settings/[companyId]/route.ts:16:22)
  55 |
  56 |   try {
> 57 |     await getLimiter(pointsPerMinute).consume(companyId, 1);
     |                                       ^
  58 |   } catch (err) {
  59 |     // rate-limiter-flexible throws a RateLimiterRes (has msBeforeNext) when
  60 |     // the limit is actually exceeded; anything else (e.g. Redis down) is a
 GET /api/v1/portal-settings/cmtgb04al00050bv3rt10npd9 200 in 6ms (next.js: 1.0ms, application-code: 5ms)
[rateLimit] Redis error, failing open: Error: Stream isn't writeable and enableOfflineQueue options is false
    at new Promise (<anonymous>)
    at checkRateLimit (src/lib/rateLimit.ts:57:39)
    at requireInternalAuth (src/lib/internalAuth.ts:92:25)
    at async GET (src/app/api/v1/tenant/resolve/route.ts:10:27)
  55 |
  56 |   try {
> 57 |     await getLimiter(pointsPerMinute).consume(companyId, 1);
     |                                       ^
  58 |   } catch (err) {
  59 |     // rate-limiter-flexible throws a RateLimiterRes (has msBeforeNext) when
  60 |     // the limit is actually exceeded; anything else (e.g. Redis down) is a
 GET /api/v1/tenant/resolve 200 in 4ms (next.js: 0.7ms, application-code: 3ms)
[rateLimit] Redis error, failing open: Error: Stream isn't writeable and enableOfflineQueue options is false
    at new Promise (<anonymous>)
    at checkRateLimit (src/lib/rateLimit.ts:57:39)
    at requireInternalAuth (src/lib/internalAuth.ts:92:25)
    at async GET (src/app/api/v1/tenant/resolve/route.ts:10:27)
  55 |
  56 |   try {
> 57 |     await getLimiter(pointsPerMinute).consume(companyId, 1);
     |                                       ^
  58 |   } catch (err) {
  59 |     // rate-limiter-flexible throws a RateLimiterRes (has msBeforeNext) when
  60 |     // the limit is actually exceeded; anything else (e.g. Redis down) is a
 GET /api/v1/tenant/resolve 200 in 3ms (next.js: 0.5ms, application-code: 2ms)
[rateLimit] Redis error, failing open: Error: Stream isn't writeable and enableOfflineQueue options is false
    at new Promise (<anonymous>)
    at checkRateLimit (src/lib/rateLimit.ts:57:39)
    at requireInternalAuth (src/lib/internalAuth.ts:92:25)
    at async GET (src/app/api/v1/portal-settings/[companyId]/route.ts:16:22)
  55 |
  56 |   try {
> 57 |     await getLimiter(pointsPerMinute).consume(companyId, 1);
     |                                       ^
  58 |   } catch (err) {
  59 |     // rate-limiter-flexible throws a RateLimiterRes (has msBeforeNext) when
  60 |     // the limit is actually exceeded; anything else (e.g. Redis down) is a
 GET /api/v1/portal-settings/cmtgb04gr000a0bv35evd9ya5 200 in 4ms (next.js: 0.6ms, application-code: 3ms)
[rateLimit] Redis error, failing open: Error: Stream isn't writeable and enableOfflineQueue options is false
    at new Promise (<anonymous>)
    at checkRateLimit (src/lib/rateLimit.ts:57:39)
    at requireInternalAuth (src/lib/internalAuth.ts:92:25)
    at async GET (src/app/api/v1/tenant/resolve/route.ts:10:27)
  55 |
  56 |   try {
> 57 |     await getLimiter(pointsPerMinute).consume(companyId, 1);
     |                                       ^
  58 |   } catch (err) {
  59 |     // rate-limiter-flexible throws a RateLimiterRes (has msBeforeNext) when
  60 |     // the limit is actually exceeded; anything else (e.g. Redis down) is a
 GET /api/v1/tenant/resolve 200 in 4ms (next.js: 0.9ms, application-code: 4ms)
[rateLimit] Redis error, failing open: Error: Stream isn't writeable and enableOfflineQueue options is false
    at new Promise (<anonymous>)
    at checkRateLimit (src/lib/rateLimit.ts:57:39)
    at requireInternalAuth (src/lib/internalAuth.ts:92:25)
    at async GET (src/app/api/v1/portal-settings/[companyId]/route.ts:16:22)
  55 |
  56 |   try {
> 57 |     await getLimiter(pointsPerMinute).consume(companyId, 1);
     |                                       ^
  58 |   } catch (err) {
  59 |     // rate-limiter-flexible throws a RateLimiterRes (has msBeforeNext) when
  60 |     // the limit is actually exceeded; anything else (e.g. Redis down) is a
 GET /api/v1/portal-settings/cmtgb040d00000bv3pa01rwb1 200 in 5ms (next.js: 1.7ms, application-code: 4ms)
[rateLimit] Redis error, failing open: Error: Stream isn't writeable and enableOfflineQueue options is false
    at new Promise (<anonymous>)
    at checkRateLimit (src/lib/rateLimit.ts:57:39)
    at requireInternalAuth (src/lib/internalAuth.ts:92:25)
    at async GET (src/app/api/v1/portal-users/[id]/route.ts:13:22)
  55 |
  56 |   try {
> 57 |     await getLimiter(pointsPerMinute).consume(companyId, 1);
     |                                       ^
  58 |   } catch (err) {
  59 |     // rate-limiter-flexible throws a RateLimiterRes (has msBeforeNext) when
  60 |     // the limit is actually exceeded; anything else (e.g. Redis down) is a
 GET /api/v1/portal-users/cmtgb4ndy001d0b7ys1fzvnhl 200 in 6ms (next.js: 1.5ms, application-code: 5ms)
[rateLimit] Redis error, failing open: Error: Stream isn't writeable and enableOfflineQueue options is false
    at new Promise (<anonymous>)
    at checkRateLimit (src/lib/rateLimit.ts:57:39)
    at requireInternalAuth (src/lib/internalAuth.ts:92:25)
    at async GET (src/app/api/v1/packages/route.ts:21:22)
  55 |
  56 |   try {
> 57 |     await getLimiter(pointsPerMinute).consume(companyId, 1);
     |                                       ^
  58 |   } catch (err) {
  59 |     // rate-limiter-flexible throws a RateLimiterRes (has msBeforeNext) when
  60 |     // the limit is actually exceeded; anything else (e.g. Redis down) is a
prisma:error 
Invalid `__TURBOPACK__imported__module__$5b$project$5d2f$src$2f$lib$2f$prisma$2e$ts__$5b$app$2d$route$5d$__$28$ecmascript$29$__["prisma"].package.findMany()` invocation in
/Users/deevexx/Documents/PROJECTS/freight-forwarder/api/.next/dev/server/chunks/[root-of-the-server]__1ia8c4e._.js:244:146

  241     } : {}
  242 };
  243 const [packages, total] = await Promise.all([
→ 244     __TURBOPACK__imported__module__$5b$project$5d2f$src$2f$lib$2f$prisma$2e$ts__$5b$app$2d$route$5d$__$28$ecmascript$29$__["prisma"].package.findMany(
Value 'LOGGER' not found in enum 'Role'
⨯ Error [PrismaClientUnknownRequestError]: 
Invalid `{imported module ./src/lib/prisma.ts}["prisma"].package.findMany()` invocation in
/Users/deevexx/Documents/PROJECTS/freight-forwarder/api/.next/dev/server/chunks/[root-of-the-server]__1ia8c4e._.js:244:146

  241     } : {}
  242 };
  243 const [packages, total] = await Promise.all([
→ 244     {imported module ./src/lib/prisma.ts}["prisma"].package.findMany(
Value 'LOGGER' not found in enum 'Role'
    at <unknown> (src/app/api/v1/packages/route.ts:65:20)
    at async GET (src/app/api/v1/packages/route.ts:64:29)
  63 |
  64 |   const [packages, total] = await Promise.all([
> 65 |     prisma.package.findMany({
     |                    ^
  66 |       where,
  67 |       orderBy: { createdAt: "desc" },
  68 |       include: packageInclude, {
  clientVersion: '6.19.3'
}
 GET /api/v1/packages?page=1&pageSize=25 500 in 7ms (next.js: 0.7ms, application-code: 6ms)
[rateLimit] Redis error, failing open: Error: Stream isn't writeable and enableOfflineQueue options is false
    at new Promise (<anonymous>)
    at checkRateLimit (src/lib/rateLimit.ts:57:39)
    at requireInternalAuth (src/lib/internalAuth.ts:92:25)
    at async GET (src/app/api/v1/tenant/resolve/route.ts:10:27)
  55 |
  56 |   try {
> 57 |     await getLimiter(pointsPerMinute).consume(companyId, 1);
     |                                       ^
  58 |   } catch (err) {
  59 |     // rate-limiter-flexible throws a RateLimiterRes (has msBeforeNext) when
  60 |     // the limit is actually exceeded; anything else (e.g. Redis down) is a
 GET /api/v1/tenant/resolve 200 in 3ms (next.js: 0.6ms, application-code: 3ms)
[rateLimit] Redis error, failing open: Error: Stream isn't writeable and enableOfflineQueue options is false
    at new Promise (<anonymous>)
    at checkRateLimit (src/lib/rateLimit.ts:57:39)
    at requireInternalAuth (src/lib/internalAuth.ts:92:25)
    at async GET (src/app/api/v1/portal-settings/[companyId]/route.ts:16:22)
  55 |
  56 |   try {
> 57 |     await getLimiter(pointsPerMinute).consume(companyId, 1);
     |                                       ^
  58 |   } catch (err) {
  59 |     // rate-limiter-flexible throws a RateLimiterRes (has msBeforeNext) when
  60 |     // the limit is actually exceeded; anything else (e.g. Redis down) is a
 GET /api/v1/portal-settings/cmtgb040d00000bv3pa01rwb1 200 in 4ms (next.js: 0.7ms, application-code: 4ms)
[rateLimit] Redis error, failing open: Error: Stream isn't writeable and enableOfflineQueue options is false
    at new Promise (<anonymous>)
    at checkRateLimit (src/lib/rateLimit.ts:57:39)
    at requireInternalAuth (src/lib/internalAuth.ts:92:25)
    at async GET (src/app/api/v1/tenant/resolve/route.ts:10:27)
  55 |
  56 |   try {
> 57 |     await getLimiter(pointsPerMinute).consume(companyId, 1);
     |                                       ^
  58 |   } catch (err) {
  59 |     // rate-limiter-flexible throws a RateLimiterRes (has msBeforeNext) when
  60 |     // the limit is actually exceeded; anything else (e.g. Redis down) is a
 GET /api/v1/tenant/resolve 200 in 8ms (next.js: 1.3ms, application-code: 6ms)
[rateLimit] Redis error, failing open: Error: Stream isn't writeable and enableOfflineQueue options is false
    at new Promise (<anonymous>)
    at checkRateLimit (src/lib/rateLimit.ts:57:39)
    at requireInternalAuth (src/lib/internalAuth.ts:92:25)
    at async GET (src/app/api/v1/files/portal-settings/[companyId]/logo/route.ts:14:22)
  55 |
  56 |   try {
> 57 |     await getLimiter(pointsPerMinute).consume(companyId, 1);
     |                                       ^
  58 |   } catch (err) {
  59 |     // rate-limiter-flexible throws a RateLimiterRes (has msBeforeNext) when
  60 |     // the limit is actually exceeded; anything else (e.g. Redis down) is a
 GET /api/v1/files/portal-settings/cmtgb040d00000bv3pa01rwb1/logo 200 in 10ms (next.js: 1.9ms, application-code: 8ms)
[rateLimit] Redis error, failing open: Error: Stream isn't writeable and enableOfflineQueue options is false
    at new Promise (<anonymous>)
    at checkRateLimit (src/lib/rateLimit.ts:57:39)
    at requireInternalAuth (src/lib/internalAuth.ts:92:25)
    at async GET (src/app/api/v1/tenant/resolve/route.ts:10:27)
  55 |
  56 |   try {
> 57 |     await getLimiter(pointsPerMinute).consume(companyId, 1);
     |                                       ^
  58 |   } catch (err) {
  59 |     // rate-limiter-flexible throws a RateLimiterRes (has msBeforeNext) when
  60 |     // the limit is actually exceeded; anything else (e.g. Redis down) is a
 GET /api/v1/tenant/resolve 200 in 4ms (next.js: 1.0ms, application-code: 4ms)
[rateLimit] Redis error, failing open: Error: Stream isn't writeable and enableOfflineQueue options is false
    at new Promise (<anonymous>)
    at checkRateLimit (src/lib/rateLimit.ts:57:39)
    at requireInternalAuth (src/lib/internalAuth.ts:92:25)
    at async GET (src/app/api/v1/files/portal-settings/[companyId]/favicon/route.ts:14:22)
  55 |
  56 |   try {
> 57 |     await getLimiter(pointsPerMinute).consume(companyId, 1);
     |                                       ^
  58 |   } catch (err) {
  59 |     // rate-limiter-flexible throws a RateLimiterRes (has msBeforeNext) when
  60 |     // the limit is actually exceeded; anything else (e.g. Redis down) is a
 GET /api/v1/files/portal-settings/cmtgb040d00000bv3pa01rwb1/favicon 200 in 8ms (next.js: 1.7ms, application-code: 6ms)
[rateLimit] Redis connection error: 
[rateLimit] Redis connection error: 
[rateLimit] Redis error, failing open: Error: Stream isn't writeable and enableOfflineQueue options is false
    at new Promise (<anonymous>)
    at checkRateLimit (src/lib/rateLimit.ts:57:39)
    at requireInternalAuth (src/lib/internalAuth.ts:92:25)
    at async GET (src/app/api/v1/tenant/resolve/route.ts:10:27)
  55 |
  56 |   try {
> 57 |     await getLimiter(pointsPerMinute).consume(companyId, 1);
     |                                       ^
  58 |   } catch (err) {
  59 |     // rate-limiter-flexible throws a RateLimiterRes (has msBeforeNext) when
  60 |     // the limit is actually exceeded; anything else (e.g. Redis down) is a
 GET /api/v1/tenant/resolve 200 in 5ms (next.js: 1.1ms, application-code: 4ms)
[rateLimit] Redis error, failing open: Error: Stream isn't writeable and enableOfflineQueue options is false
    at new Promise (<anonymous>)
    at checkRateLimit (src/lib/rateLimit.ts:57:39)
    at requireInternalAuth (src/lib/internalAuth.ts:92:25)
    at async GET (src/app/api/v1/tenant/resolve/route.ts:10:27)
  55 |
  56 |   try {
> 57 |     await getLimiter(pointsPerMinute).consume(companyId, 1);
     |                                       ^
  58 |   } catch (err) {
  59 |     // rate-limiter-flexible throws a RateLimiterRes (has msBeforeNext) when
  60 |     // the limit is actually exceeded; anything else (e.g. Redis down) is a
 GET /api/v1/tenant/resolve 200 in 4ms (next.js: 1.2ms, application-code: 3ms)
[rateLimit] Redis error, failing open: Error: Stream isn't writeable and enableOfflineQueue options is false
    at new Promise (<anonymous>)
    at checkRateLimit (src/lib/rateLimit.ts:57:39)
    at requireInternalAuth (src/lib/internalAuth.ts:92:25)
    at async GET (src/app/api/v1/portal-settings/[companyId]/route.ts:16:22)
  55 |
  56 |   try {
> 57 |     await getLimiter(pointsPerMinute).consume(companyId, 1);
     |                                       ^
  58 |   } catch (err) {
  59 |     // rate-limiter-flexible throws a RateLimiterRes (has msBeforeNext) when
  60 |     // the limit is actually exceeded; anything else (e.g. Redis down) is a
 GET /api/v1/portal-settings/cmtgb040d00000bv3pa01rwb1 200 in 6ms (next.js: 1.6ms, application-code: 4ms)
[rateLimit] Redis error, failing open: Error: Stream isn't writeable and enableOfflineQueue options is false
    at new Promise (<anonymous>)
    at checkRateLimit (src/lib/rateLimit.ts:57:39)
    at requireInternalAuth (src/lib/internalAuth.ts:92:25)
    at async GET (src/app/api/v1/portal-settings/[companyId]/route.ts:16:22)
  55 |
  56 |   try {
> 57 |     await getLimiter(pointsPerMinute).consume(companyId, 1);
     |                                       ^
  58 |   } catch (err) {
  59 |     // rate-limiter-flexible throws a RateLimiterRes (has msBeforeNext) when
  60 |     // the limit is actually exceeded; anything else (e.g. Redis down) is a
 GET /api/v1/portal-settings/cmtgb040d00000bv3pa01rwb1 200 in 6ms (next.js: 2ms, application-code: 3ms)
[rateLimit] Redis error, failing open: Error: Stream isn't writeable and enableOfflineQueue options is false
    at new Promise (<anonymous>)
    at checkRateLimit (src/lib/rateLimit.ts:57:39)
    at requireInternalAuth (src/lib/internalAuth.ts:92:25)
    at async GET (src/app/api/v1/tenant/resolve/route.ts:10:27)
  55 |
  56 |   try {
> 57 |     await getLimiter(pointsPerMinute).consume(companyId, 1);
     |                                       ^
  58 |   } catch (err) {
  59 |     // rate-limiter-flexible throws a RateLimiterRes (has msBeforeNext) when
  60 |     // the limit is actually exceeded; anything else (e.g. Redis down) is a
 GET /api/v1/tenant/resolve 200 in 3ms (next.js: 0.6ms, application-code: 3ms)
[rateLimit] Redis error, failing open: Error: Stream isn't writeable and enableOfflineQueue options is false
    at new Promise (<anonymous>)
    at checkRateLimit (src/lib/rateLimit.ts:57:39)
    at requireInternalAuth (src/lib/internalAuth.ts:92:25)
    at async GET (src/app/api/v1/portal-settings/[companyId]/route.ts:16:22)
  55 |
  56 |   try {
> 57 |     await getLimiter(pointsPerMinute).consume(companyId, 1);
     |                                       ^
  58 |   } catch (err) {
  59 |     // rate-limiter-flexible throws a RateLimiterRes (has msBeforeNext) when
  60 |     // the limit is actually exceeded; anything else (e.g. Redis down) is a
 GET /api/v1/portal-settings/cmtgb040d00000bv3pa01rwb1 200 in 4ms (next.js: 0.7ms, application-code: 4ms)
[rateLimit] Redis error, failing open: Error: Stream isn't writeable and enableOfflineQueue options is false
    at new Promise (<anonymous>)
    at checkRateLimit (src/lib/rateLimit.ts:57:39)
    at requireInternalAuth (src/lib/internalAuth.ts:92:25)
    at async GET (src/app/api/v1/portal-users/[id]/route.ts:13:22)
  55 |
  56 |   try {
> 57 |     await getLimiter(pointsPerMinute).consume(companyId, 1);
     |                                       ^
  58 |   } catch (err) {
  59 |     // rate-limiter-flexible throws a RateLimiterRes (has msBeforeNext) when
  60 |     // the limit is actually exceeded; anything else (e.g. Redis down) is a
 GET /api/v1/portal-users/cmtgb4ndy001d0b7ys1fzvnhl 200 in 7ms (next.js: 1.4ms, application-code: 5ms)
[rateLimit] Redis error, failing open: Error: Stream isn't writeable and enableOfflineQueue options is false
    at new Promise (<anonymous>)
    at checkRateLimit (src/lib/rateLimit.ts:57:39)
    at requireInternalAuth (src/lib/internalAuth.ts:92:25)
    at async GET (src/app/api/v1/packages/route.ts:21:22)
  55 |
  56 |   try {
> 57 |     await getLimiter(pointsPerMinute).consume(companyId, 1);
     |                                       ^
  58 |   } catch (err) {
  59 |     // rate-limiter-flexible throws a RateLimiterRes (has msBeforeNext) when
  60 |     // the limit is actually exceeded; anything else (e.g. Redis down) is a
prisma:error 
Invalid `__TURBOPACK__imported__module__$5b$project$5d2f$src$2f$lib$2f$prisma$2e$ts__$5b$app$2d$route$5d$__$28$ecmascript$29$__["prisma"].package.findMany()` invocation in
/Users/deevexx/Documents/PROJECTS/freight-forwarder/api/.next/dev/server/chunks/[root-of-the-server]__1ia8c4e._.js:244:146

  241     } : {}
  242 };
  243 const [packages, total] = await Promise.all([
→ 244     __TURBOPACK__imported__module__$5b$project$5d2f$src$2f$lib$2f$prisma$2e$ts__$5b$app$2d$route$5d$__$28$ecmascript$29$__["prisma"].package.findMany(
Value 'LOGGER' not found in enum 'Role'
⨯ Error [PrismaClientUnknownRequestError]: 
Invalid `{imported module ./src/lib/prisma.ts}["prisma"].package.findMany()` invocation in
/Users/deevexx/Documents/PROJECTS/freight-forwarder/api/.next/dev/server/chunks/[root-of-the-server]__1ia8c4e._.js:244:146

  241     } : {}
  242 };
  243 const [packages, total] = await Promise.all([
→ 244     {imported module ./src/lib/prisma.ts}["prisma"].package.findMany(
Value 'LOGGER' not found in enum 'Role'
    at <unknown> (src/app/api/v1/packages/route.ts:65:20)
    at async GET (src/app/api/v1/packages/route.ts:64:29)
  63 |
  64 |   const [packages, total] = await Promise.all([
> 65 |     prisma.package.findMany({
     |                    ^
  66 |       where,
  67 |       orderBy: { createdAt: "desc" },
  68 |       include: packageInclude, {
  clientVersion: '6.19.3'
}
 GET /api/v1/packages?page=1&pageSize=25 500 in 9ms (next.js: 0.6ms, application-code: 8ms)
[rateLimit] Redis error, failing open: Error: Stream isn't writeable and enableOfflineQueue options is false
    at new Promise (<anonymous>)
    at checkRateLimit (src/lib/rateLimit.ts:57:39)
    at requireInternalAuth (src/lib/internalAuth.ts:92:25)
    at async GET (src/app/api/v1/tenant/resolve/route.ts:10:27)
  55 |
  56 |   try {
> 57 |     await getLimiter(pointsPerMinute).consume(companyId, 1);
     |                                       ^
  58 |   } catch (err) {
  59 |     // rate-limiter-flexible throws a RateLimiterRes (has msBeforeNext) when
  60 |     // the limit is actually exceeded; anything else (e.g. Redis down) is a
 GET /api/v1/tenant/resolve 200 in 8ms (next.js: 1.5ms, application-code: 6ms)
[rateLimit] Redis error, failing open: Error: Stream isn't writeable and enableOfflineQueue options is false
    at new Promise (<anonymous>)
    at checkRateLimit (src/lib/rateLimit.ts:57:39)
    at requireInternalAuth (src/lib/internalAuth.ts:92:25)
    at async GET (src/app/api/v1/portal-settings/[companyId]/route.ts:16:22)
  55 |
  56 |   try {
> 57 |     await getLimiter(pointsPerMinute).consume(companyId, 1);
     |                                       ^
  58 |   } catch (err) {
  59 |     // rate-limiter-flexible throws a RateLimiterRes (has msBeforeNext) when
  60 |     // the limit is actually exceeded; anything else (e.g. Redis down) is a
 GET /api/v1/portal-settings/cmtgb040d00000bv3pa01rwb1 200 in 9ms (next.js: 1.2ms, application-code: 8ms)
[rateLimit] Redis error, failing open: Error: Stream isn't writeable and enableOfflineQueue options is false
    at new Promise (<anonymous>)
    at checkRateLimit (src/lib/rateLimit.ts:57:39)
    at requireInternalAuth (src/lib/internalAuth.ts:92:25)
    at async GET (src/app/api/v1/tenant/resolve/route.ts:10:27)
  55 |
  56 |   try {
> 57 |     await getLimiter(pointsPerMinute).consume(companyId, 1);
     |                                       ^
  58 |   } catch (err) {
  59 |     // rate-limiter-flexible throws a RateLimiterRes (has msBeforeNext) when
  60 |     // the limit is actually exceeded; anything else (e.g. Redis down) is a
 GET /api/v1/tenant/resolve 200 in 8ms (next.js: 1.2ms, application-code: 7ms)
[rateLimit] Redis error, failing open: Error: Stream isn't writeable and enableOfflineQueue options is false
    at new Promise (<anonymous>)
    at checkRateLimit (src/lib/rateLimit.ts:57:39)
    at requireInternalAuth (src/lib/internalAuth.ts:92:25)
    at async GET (src/app/api/v1/files/portal-settings/[companyId]/logo/route.ts:14:22)
  55 |
  56 |   try {
> 57 |     await getLimiter(pointsPerMinute).consume(companyId, 1);
     |                                       ^
  58 |   } catch (err) {
  59 |     // rate-limiter-flexible throws a RateLimiterRes (has msBeforeNext) when
  60 |     // the limit is actually exceeded; anything else (e.g. Redis down) is a
 GET /api/v1/files/portal-settings/cmtgb040d00000bv3pa01rwb1/logo 200 in 9ms (next.js: 2ms, application-code: 7ms)
[rateLimit] Redis connection error: 
[rateLimit] Redis connection error: 
[rateLimit] Redis error, failing open: Error: Stream isn't writeable and enableOfflineQueue options is false
    at new Promise (<anonymous>)
    at checkRateLimit (src/lib/rateLimit.ts:57:39)
    at requireInternalAuth (src/lib/internalAuth.ts:92:25)
    at async GET (src/app/api/v1/tenant/resolve/route.ts:10:27)
  55 |
  56 |   try {
> 57 |     await getLimiter(pointsPerMinute).consume(companyId, 1);
     |                                       ^
  58 |   } catch (err) {
  59 |     // rate-limiter-flexible throws a RateLimiterRes (has msBeforeNext) when
  60 |     // the limit is actually exceeded; anything else (e.g. Redis down) is a
 GET /api/v1/tenant/resolve 200 in 5ms (next.js: 0.9ms, application-code: 4ms)
[rateLimit] Redis error, failing open: Error: Stream isn't writeable and enableOfflineQueue options is false
    at new Promise (<anonymous>)
    at checkRateLimit (src/lib/rateLimit.ts:57:39)
    at requireInternalAuth (src/lib/internalAuth.ts:92:25)
    at async GET (src/app/api/v1/portal-settings/[companyId]/route.ts:16:22)
  55 |
  56 |   try {
> 57 |     await getLimiter(pointsPerMinute).consume(companyId, 1);
     |                                       ^
  58 |   } catch (err) {
  59 |     // rate-limiter-flexible throws a RateLimiterRes (has msBeforeNext) when
  60 |     // the limit is actually exceeded; anything else (e.g. Redis down) is a
 GET /api/v1/portal-settings/cmtgb040d00000bv3pa01rwb1 200 in 6ms (next.js: 1.8ms, application-code: 4ms)
[rateLimit] Redis error, failing open: Error: Stream isn't writeable and enableOfflineQueue options is false
    at new Promise (<anonymous>)
    at checkRateLimit (src/lib/rateLimit.ts:57:39)
    at requireInternalAuth (src/lib/internalAuth.ts:92:25)
    at async GET (src/app/api/v1/tenant/resolve/route.ts:10:27)
  55 |
  56 |   try {
> 57 |     await getLimiter(pointsPerMinute).consume(companyId, 1);
     |                                       ^
  58 |   } catch (err) {
  59 |     // rate-limiter-flexible throws a RateLimiterRes (has msBeforeNext) when
  60 |     // the limit is actually exceeded; anything else (e.g. Redis down) is a
 GET /api/v1/tenant/resolve 200 in 4ms (next.js: 0.6ms, application-code: 3ms)
[rateLimit] Redis error, failing open: Error: Stream isn't writeable and enableOfflineQueue options is false
    at new Promise (<anonymous>)
    at checkRateLimit (src/lib/rateLimit.ts:57:39)
    at requireInternalAuth (src/lib/internalAuth.ts:92:25)
    at async GET (src/app/api/v1/files/portal-settings/[companyId]/logo/route.ts:14:22)
  55 |
  56 |   try {
> 57 |     await getLimiter(pointsPerMinute).consume(companyId, 1);
     |                                       ^
  58 |   } catch (err) {
  59 |     // rate-limiter-flexible throws a RateLimiterRes (has msBeforeNext) when
  60 |     // the limit is actually exceeded; anything else (e.g. Redis down) is a
 GET /api/v1/files/portal-settings/cmtgb040d00000bv3pa01rwb1/logo 200 in 5ms (next.js: 1.5ms, application-code: 3ms)
[rateLimit] Redis connection error: 
[rateLimit] Redis error, failing open: Error: Stream isn't writeable and enableOfflineQueue options is false
    at new Promise (<anonymous>)
    at checkRateLimit (src/lib/rateLimit.ts:57:39)
    at requireInternalAuth (src/lib/internalAuth.ts:92:25)
    at async POST (src/app/api/v1/auth/login/route.ts:32:22)
  55 |
  56 |   try {
> 57 |     await getLimiter(pointsPerMinute).consume(companyId, 1);
     |                                       ^
  58 |   } catch (err) {
  59 |     // rate-limiter-flexible throws a RateLimiterRes (has msBeforeNext) when
  60 |     // the limit is actually exceeded; anything else (e.g. Redis down) is a
 POST /api/v1/auth/login 200 in 70ms (next.js: 1.1ms, application-code: 69ms)
[rateLimit] Redis error, failing open: Error: Stream isn't writeable and enableOfflineQueue options is false
    at new Promise (<anonymous>)
    at checkRateLimit (src/lib/rateLimit.ts:57:39)
    at requireInternalAuth (src/lib/internalAuth.ts:92:25)
    at async GET (src/app/api/v1/tenant/resolve/route.ts:10:27)
  55 |
  56 |   try {
> 57 |     await getLimiter(pointsPerMinute).consume(companyId, 1);
     |                                       ^
  58 |   } catch (err) {
  59 |     // rate-limiter-flexible throws a RateLimiterRes (has msBeforeNext) when
  60 |     // the limit is actually exceeded; anything else (e.g. Redis down) is a
 GET /api/v1/tenant/resolve 200 in 4ms (next.js: 1.0ms, application-code: 3ms)
[rateLimit] Redis error, failing open: Error: Stream isn't writeable and enableOfflineQueue options is false
    at new Promise (<anonymous>)
    at checkRateLimit (src/lib/rateLimit.ts:57:39)
    at requireInternalAuth (src/lib/internalAuth.ts:92:25)
    at async GET (src/app/api/v1/portal-users/[id]/route.ts:13:22)
  55 |
  56 |   try {
> 57 |     await getLimiter(pointsPerMinute).consume(companyId, 1);
     |                                       ^
  58 |   } catch (err) {
  59 |     // rate-limiter-flexible throws a RateLimiterRes (has msBeforeNext) when
  60 |     // the limit is actually exceeded; anything else (e.g. Redis down) is a
 GET /api/v1/portal-users/cmtgb4ndy001d0b7ys1fzvnhl 200 in 7ms (next.js: 1.6ms, application-code: 5ms)
[rateLimit] Redis error, failing open: Error: Stream isn't writeable and enableOfflineQueue options is false
    at new Promise (<anonymous>)
    at checkRateLimit (src/lib/rateLimit.ts:57:39)
    at requireInternalAuth (src/lib/internalAuth.ts:92:25)
    at async GET (src/app/api/v1/packages/route.ts:21:22)
  55 |
  56 |   try {
> 57 |     await getLimiter(pointsPerMinute).consume(companyId, 1);
     |                                       ^
  58 |   } catch (err) {
  59 |     // rate-limiter-flexible throws a RateLimiterRes (has msBeforeNext) when
  60 |     // the limit is actually exceeded; anything else (e.g. Redis down) is a
prisma:error 
Invalid `__TURBOPACK__imported__module__$5b$project$5d2f$src$2f$lib$2f$prisma$2e$ts__$5b$app$2d$route$5d$__$28$ecmascript$29$__["prisma"].package.findMany()` invocation in
/Users/deevexx/Documents/PROJECTS/freight-forwarder/api/.next/dev/server/chunks/[root-of-the-server]__1ia8c4e._.js:244:146

  241     } : {}
  242 };
  243 const [packages, total] = await Promise.all([
→ 244     __TURBOPACK__imported__module__$5b$project$5d2f$src$2f$lib$2f$prisma$2e$ts__$5b$app$2d$route$5d$__$28$ecmascript$29$__["prisma"].package.findMany(
Value 'LOGGER' not found in enum 'Role'
⨯ Error [PrismaClientUnknownRequestError]: 
Invalid `{imported module ./src/lib/prisma.ts}["prisma"].package.findMany()` invocation in
/Users/deevexx/Documents/PROJECTS/freight-forwarder/api/.next/dev/server/chunks/[root-of-the-server]__1ia8c4e._.js:244:146

  241     } : {}
  242 };
  243 const [packages, total] = await Promise.all([
→ 244     {imported module ./src/lib/prisma.ts}["prisma"].package.findMany(
Value 'LOGGER' not found in enum 'Role'
    at <unknown> (src/app/api/v1/packages/route.ts:65:20)
    at async GET (src/app/api/v1/packages/route.ts:64:29)
  63 |
  64 |   const [packages, total] = await Promise.all([
> 65 |     prisma.package.findMany({
     |                    ^
  66 |       where,
  67 |       orderBy: { createdAt: "desc" },
  68 |       include: packageInclude, {
  clientVersion: '6.19.3'
}
 GET /api/v1/packages?page=1&pageSize=25 500 in 7ms (next.js: 0.7ms, application-code: 6ms)
[rateLimit] Redis error, failing open: Error: Stream isn't writeable and enableOfflineQueue options is false
    at new Promise (<anonymous>)
    at checkRateLimit (src/lib/rateLimit.ts:57:39)
    at requireInternalAuth (src/lib/internalAuth.ts:92:25)
    at async GET (src/app/api/v1/portal-settings/[companyId]/route.ts:16:22)
  55 |
  56 |   try {
> 57 |     await getLimiter(pointsPerMinute).consume(companyId, 1);
     |                                       ^
  58 |   } catch (err) {
  59 |     // rate-limiter-flexible throws a RateLimiterRes (has msBeforeNext) when
  60 |     // the limit is actually exceeded; anything else (e.g. Redis down) is a
 GET /api/v1/portal-settings/cmtgb040d00000bv3pa01rwb1 200 in 6ms (next.js: 1.4ms, application-code: 4ms)
[rateLimit] Redis error, failing open: Error: Stream isn't writeable and enableOfflineQueue options is false
    at new Promise (<anonymous>)
    at checkRateLimit (src/lib/rateLimit.ts:57:39)
    at requireInternalAuth (src/lib/internalAuth.ts:92:25)
    at async GET (src/app/api/v1/tenant/resolve/route.ts:10:27)
  55 |
  56 |   try {
> 57 |     await getLimiter(pointsPerMinute).consume(companyId, 1);
     |                                       ^
  58 |   } catch (err) {
  59 |     // rate-limiter-flexible throws a RateLimiterRes (has msBeforeNext) when
  60 |     // the limit is actually exceeded; anything else (e.g. Redis down) is a
 GET /api/v1/tenant/resolve 200 in 4ms (next.js: 0.8ms, application-code: 3ms)
[rateLimit] Redis error, failing open: Error: Stream isn't writeable and enableOfflineQueue options is false
    at new Promise (<anonymous>)
    at checkRateLimit (src/lib/rateLimit.ts:57:39)
    at requireInternalAuth (src/lib/internalAuth.ts:92:25)
    at async GET (src/app/api/v1/portal-users/[id]/route.ts:13:22)
  55 |
  56 |   try {
> 57 |     await getLimiter(pointsPerMinute).consume(companyId, 1);
     |                                       ^
  58 |   } catch (err) {
  59 |     // rate-limiter-flexible throws a RateLimiterRes (has msBeforeNext) when
  60 |     // the limit is actually exceeded; anything else (e.g. Redis down) is a
[rateLimit] Redis error, failing open: Error: Stream isn't writeable and enableOfflineQueue options is false
    at new Promise (<anonymous>)
    at checkRateLimit (src/lib/rateLimit.ts:57:39)
    at requireInternalAuth (src/lib/internalAuth.ts:92:25)
    at async GET (src/app/api/v1/packages/route.ts:21:22)
  55 |
  56 |   try {
> 57 |     await getLimiter(pointsPerMinute).consume(companyId, 1);
     |                                       ^
  58 |   } catch (err) {
  59 |     // rate-limiter-flexible throws a RateLimiterRes (has msBeforeNext) when
  60 |     // the limit is actually exceeded; anything else (e.g. Redis down) is a
 GET /api/v1/portal-users/cmtgb4ndy001d0b7ys1fzvnhl 200 in 7ms (next.js: 1.0ms, application-code: 6ms)
prisma:error 
Invalid `__TURBOPACK__imported__module__$5b$project$5d2f$src$2f$lib$2f$prisma$2e$ts__$5b$app$2d$route$5d$__$28$ecmascript$29$__["prisma"].package.findMany()` invocation in
/Users/deevexx/Documents/PROJECTS/freight-forwarder/api/.next/dev/server/chunks/[root-of-the-server]__1ia8c4e._.js:244:146

  241     } : {}
  242 };
  243 const [packages, total] = await Promise.all([
→ 244     __TURBOPACK__imported__module__$5b$project$5d2f$src$2f$lib$2f$prisma$2e$ts__$5b$app$2d$route$5d$__$28$ecmascript$29$__["prisma"].package.findMany(
Value 'LOGGER' not found in enum 'Role'
⨯ Error [PrismaClientUnknownRequestError]: 
Invalid `{imported module ./src/lib/prisma.ts}["prisma"].package.findMany()` invocation in
/Users/deevexx/Documents/PROJECTS/freight-forwarder/api/.next/dev/server/chunks/[root-of-the-server]__1ia8c4e._.js:244:146

  241     } : {}
  242 };
  243 const [packages, total] = await Promise.all([
→ 244     {imported module ./src/lib/prisma.ts}["prisma"].package.findMany(
Value 'LOGGER' not found in enum 'Role'
    at <unknown> (src/app/api/v1/packages/route.ts:65:20)
    at async GET (src/app/api/v1/packages/route.ts:64:29)
  63 |
  64 |   const [packages, total] = await Promise.all([
> 65 |     prisma.package.findMany({
     |                    ^
  66 |       where,
  67 |       orderBy: { createdAt: "desc" },
  68 |       include: packageInclude, {
  clientVersion: '6.19.3'
}
 GET /api/v1/packages?page=1&pageSize=25 500 in 9ms (next.js: 3ms, application-code: 6ms)
[rateLimit] Redis error, failing open: Error: Stream isn't writeable and enableOfflineQueue options is false
    at new Promise (<anonymous>)
    at checkRateLimit (src/lib/rateLimit.ts:57:39)
    at requireInternalAuth (src/lib/internalAuth.ts:92:25)
    at async GET (src/app/api/v1/portal-settings/[companyId]/route.ts:16:22)
  55 |
  56 |   try {
> 57 |     await getLimiter(pointsPerMinute).consume(companyId, 1);
     |                                       ^
  58 |   } catch (err) {
  59 |     // rate-limiter-flexible throws a RateLimiterRes (has msBeforeNext) when
  60 |     // the limit is actually exceeded; anything else (e.g. Redis down) is a
 GET /api/v1/portal-settings/cmtgb040d00000bv3pa01rwb1 200 in 4ms (next.js: 0.7ms, application-code: 3ms)
[rateLimit] Redis error, failing open: Error: Stream isn't writeable and enableOfflineQueue options is false
    at new Promise (<anonymous>)
    at checkRateLimit (src/lib/rateLimit.ts:57:39)
    at requireInternalAuth (src/lib/internalAuth.ts:92:25)
    at async POST (src/app/api/v1/auth/login/route.ts:32:22)
  55 |
  56 |   try {
> 57 |     await getLimiter(pointsPerMinute).consume(companyId, 1);
     |                                       ^
  58 |   } catch (err) {
  59 |     // rate-limiter-flexible throws a RateLimiterRes (has msBeforeNext) when
  60 |     // the limit is actually exceeded; anything else (e.g. Redis down) is a
 POST /api/v1/auth/login 200 in 71ms (next.js: 1.7ms, application-code: 69ms)
[rateLimit] Redis error, failing open: Error: Stream isn't writeable and enableOfflineQueue options is false
    at new Promise (<anonymous>)
    at checkRateLimit (src/lib/rateLimit.ts:57:39)
    at requireInternalAuth (src/lib/internalAuth.ts:92:25)
    at async GET (src/app/api/v1/tenant/resolve/route.ts:10:27)
  55 |
  56 |   try {
> 57 |     await getLimiter(pointsPerMinute).consume(companyId, 1);
     |                                       ^
  58 |   } catch (err) {
  59 |     // rate-limiter-flexible throws a RateLimiterRes (has msBeforeNext) when
  60 |     // the limit is actually exceeded; anything else (e.g. Redis down) is a
 GET /api/v1/tenant/resolve 200 in 5ms (next.js: 0.9ms, application-code: 4ms)
[rateLimit] Redis error, failing open: Error: Stream isn't writeable and enableOfflineQueue options is false
    at new Promise (<anonymous>)
    at checkRateLimit (src/lib/rateLimit.ts:57:39)
    at requireInternalAuth (src/lib/internalAuth.ts:92:25)
    at async GET (src/app/api/v1/tenant/resolve/route.ts:10:27)
  55 |
  56 |   try {
> 57 |     await getLimiter(pointsPerMinute).consume(companyId, 1);
     |                                       ^
  58 |   } catch (err) {
  59 |     // rate-limiter-flexible throws a RateLimiterRes (has msBeforeNext) when
  60 |     // the limit is actually exceeded; anything else (e.g. Redis down) is a
 GET /api/v1/tenant/resolve 200 in 4ms (next.js: 0.6ms, application-code: 3ms)
[rateLimit] Redis error, failing open: Error: Stream isn't writeable and enableOfflineQueue options is false
    at new Promise (<anonymous>)
    at checkRateLimit (src/lib/rateLimit.ts:57:39)
    at requireInternalAuth (src/lib/internalAuth.ts:92:25)
    at async GET (src/app/api/v1/portal-settings/[companyId]/route.ts:16:22)
  55 |
  56 |   try {
> 57 |     await getLimiter(pointsPerMinute).consume(companyId, 1);
     |                                       ^
  58 |   } catch (err) {
  59 |     // rate-limiter-flexible throws a RateLimiterRes (has msBeforeNext) when
  60 |     // the limit is actually exceeded; anything else (e.g. Redis down) is a
 GET /api/v1/portal-settings/cmtgb040d00000bv3pa01rwb1 200 in 5ms (next.js: 1.4ms, application-code: 4ms)
[rateLimit] Redis error, failing open: Error: Stream isn't writeable and enableOfflineQueue options is false
    at new Promise (<anonymous>)
    at checkRateLimit (src/lib/rateLimit.ts:57:39)
    at requireInternalAuth (src/lib/internalAuth.ts:92:25)
    at async GET (src/app/api/v1/portal-settings/[companyId]/route.ts:16:22)
  55 |
  56 |   try {
> 57 |     await getLimiter(pointsPerMinute).consume(companyId, 1);
     |                                       ^
  58 |   } catch (err) {
  59 |     // rate-limiter-flexible throws a RateLimiterRes (has msBeforeNext) when
  60 |     // the limit is actually exceeded; anything else (e.g. Redis down) is a
 GET /api/v1/portal-settings/cmtgb040d00000bv3pa01rwb1 200 in 5ms (next.js: 1.6ms, application-code: 4ms)
[rateLimit] Redis error, failing open: Error: Stream isn't writeable and enableOfflineQueue options is false
    at new Promise (<anonymous>)
    at checkRateLimit (src/lib/rateLimit.ts:57:39)
    at requireInternalAuth (src/lib/internalAuth.ts:92:25)
    at async GET (src/app/api/v1/packages/route.ts:21:22)
  55 |
  56 |   try {
> 57 |     await getLimiter(pointsPerMinute).consume(companyId, 1);
     |                                       ^
  58 |   } catch (err) {
  59 |     // rate-limiter-flexible throws a RateLimiterRes (has msBeforeNext) when
  60 |     // the limit is actually exceeded; anything else (e.g. Redis down) is a
prisma:error 
Invalid `__TURBOPACK__imported__module__$5b$project$5d2f$src$2f$lib$2f$prisma$2e$ts__$5b$app$2d$route$5d$__$28$ecmascript$29$__["prisma"].package.findMany()` invocation in
/Users/deevexx/Documents/PROJECTS/freight-forwarder/api/.next/dev/server/chunks/[root-of-the-server]__1ia8c4e._.js:244:146

  241     } : {}
  242 };
  243 const [packages, total] = await Promise.all([
→ 244     __TURBOPACK__imported__module__$5b$project$5d2f$src$2f$lib$2f$prisma$2e$ts__$5b$app$2d$route$5d$__$28$ecmascript$29$__["prisma"].package.findMany(
Value 'LOGGER' not found in enum 'Role'
⨯ Error [PrismaClientUnknownRequestError]: 
Invalid `{imported module ./src/lib/prisma.ts}["prisma"].package.findMany()` invocation in
/Users/deevexx/Documents/PROJECTS/freight-forwarder/api/.next/dev/server/chunks/[root-of-the-server]__1ia8c4e._.js:244:146

  241     } : {}
  242 };
  243 const [packages, total] = await Promise.all([
→ 244     {imported module ./src/lib/prisma.ts}["prisma"].package.findMany(
Value 'LOGGER' not found in enum 'Role'
    at <unknown> (src/app/api/v1/packages/route.ts:65:20)
    at async GET (src/app/api/v1/packages/route.ts:64:29)
  63 |
  64 |   const [packages, total] = await Promise.all([
> 65 |     prisma.package.findMany({
     |                    ^
  66 |       where,
  67 |       orderBy: { createdAt: "desc" },
  68 |       include: packageInclude, {
  clientVersion: '6.19.3'
}
 GET /api/v1/packages?page=1&pageSize=25 500 in 9ms (next.js: 0.6ms, application-code: 8ms)
[rateLimit] Redis error, failing open: Error: Stream isn't writeable and enableOfflineQueue options is false
    at new Promise (<anonymous>)
    at checkRateLimit (src/lib/rateLimit.ts:57:39)
    at requireInternalAuth (src/lib/internalAuth.ts:92:25)
    at async GET (src/app/api/v1/portal-users/[id]/route.ts:13:22)
  55 |
  56 |   try {
> 57 |     await getLimiter(pointsPerMinute).consume(companyId, 1);
     |                                       ^
  58 |   } catch (err) {
  59 |     // rate-limiter-flexible throws a RateLimiterRes (has msBeforeNext) when
  60 |     // the limit is actually exceeded; anything else (e.g. Redis down) is a
 GET /api/v1/portal-users/cmtgb4ndy001d0b7ys1fzvnhl 200 in 9ms (next.js: 1.7ms, application-code: 7ms)
[rateLimit] Redis error, failing open: Error: Stream isn't writeable and enableOfflineQueue options is false
    at new Promise (<anonymous>)
    at checkRateLimit (src/lib/rateLimit.ts:57:39)
    at requireInternalAuth (src/lib/internalAuth.ts:92:25)
    at async GET (src/app/api/v1/packages/route.ts:21:22)
  55 |
  56 |   try {
> 57 |     await getLimiter(pointsPerMinute).consume(companyId, 1);
     |                                       ^
  58 |   } catch (err) {
  59 |     // rate-limiter-flexible throws a RateLimiterRes (has msBeforeNext) when
  60 |     // the limit is actually exceeded; anything else (e.g. Redis down) is a
prisma:error 
Invalid `__TURBOPACK__imported__module__$5b$project$5d2f$src$2f$lib$2f$prisma$2e$ts__$5b$app$2d$route$5d$__$28$ecmascript$29$__["prisma"].package.findMany()` invocation in
/Users/deevexx/Documents/PROJECTS/freight-forwarder/api/.next/dev/server/chunks/[root-of-the-server]__1ia8c4e._.js:244:146

  241     } : {}
  242 };
  243 const [packages, total] = await Promise.all([
→ 244     __TURBOPACK__imported__module__$5b$project$5d2f$src$2f$lib$2f$prisma$2e$ts__$5b$app$2d$route$5d$__$28$ecmascript$29$__["prisma"].package.findMany(
Value 'LOGGER' not found in enum 'Role'
⨯ Error [PrismaClientUnknownRequestError]: 
Invalid `{imported module ./src/lib/prisma.ts}["prisma"].package.findMany()` invocation in
/Users/deevexx/Documents/PROJECTS/freight-forwarder/api/.next/dev/server/chunks/[root-of-the-server]__1ia8c4e._.js:244:146

  241     } : {}
  242 };
  243 const [packages, total] = await Promise.all([
→ 244     {imported module ./src/lib/prisma.ts}["prisma"].package.findMany(
Value 'LOGGER' not found in enum 'Role'
    at <unknown> (src/app/api/v1/packages/route.ts:65:20)
    at async GET (src/app/api/v1/packages/route.ts:64:29)
  63 |
  64 |   const [packages, total] = await Promise.all([
> 65 |     prisma.package.findMany({
     |                    ^
  66 |       where,
  67 |       orderBy: { createdAt: "desc" },
  68 |       include: packageInclude, {
  clientVersion: '6.19.3'
}
 GET /api/v1/packages?page=1&pageSize=25 500 in 9ms (next.js: 0.9ms, application-code: 8ms)
[rateLimit] Redis error, failing open: Error: Stream isn't writeable and enableOfflineQueue options is false
    at new Promise (<anonymous>)
    at checkRateLimit (src/lib/rateLimit.ts:57:39)
    at requireInternalAuth (src/lib/internalAuth.ts:92:25)
    at async GET (src/app/api/v1/tenant/resolve/route.ts:10:27)
  55 |
  56 |   try {
> 57 |     await getLimiter(pointsPerMinute).consume(companyId, 1);
     |                                       ^
  58 |   } catch (err) {
  59 |     // rate-limiter-flexible throws a RateLimiterRes (has msBeforeNext) when
  60 |     // the limit is actually exceeded; anything else (e.g. Redis down) is a
 GET /api/v1/tenant/resolve 200 in 10ms (next.js: 1.9ms, application-code: 8ms)
[rateLimit] Redis error, failing open: Error: Stream isn't writeable and enableOfflineQueue options is false
    at new Promise (<anonymous>)
    at checkRateLimit (src/lib/rateLimit.ts:57:39)
    at requireInternalAuth (src/lib/internalAuth.ts:92:25)
    at async GET (src/app/api/v1/tenant/resolve/route.ts:10:27)
  55 |
  56 |   try {
> 57 |     await getLimiter(pointsPerMinute).consume(companyId, 1);
     |                                       ^
  58 |   } catch (err) {
  59 |     // rate-limiter-flexible throws a RateLimiterRes (has msBeforeNext) when
  60 |     // the limit is actually exceeded; anything else (e.g. Redis down) is a
 GET /api/v1/tenant/resolve 200 in 6ms (next.js: 1.7ms, application-code: 4ms)
[rateLimit] Redis error, failing open: Error: Stream isn't writeable and enableOfflineQueue options is false
    at new Promise (<anonymous>)
    at checkRateLimit (src/lib/rateLimit.ts:57:39)
    at requireInternalAuth (src/lib/internalAuth.ts:92:25)
    at async GET (src/app/api/v1/portal-settings/[companyId]/route.ts:16:22)
  55 |
  56 |   try {
> 57 |     await getLimiter(pointsPerMinute).consume(companyId, 1);
     |                                       ^
  58 |   } catch (err) {
  59 |     // rate-limiter-flexible throws a RateLimiterRes (has msBeforeNext) when
  60 |     // the limit is actually exceeded; anything else (e.g. Redis down) is a
 GET /api/v1/portal-settings/cmtgb040d00000bv3pa01rwb1 200 in 7ms (next.js: 1.6ms, application-code: 6ms)
[rateLimit] Redis error, failing open: Error: Stream isn't writeable and enableOfflineQueue options is false
    at new Promise (<anonymous>)
    at checkRateLimit (src/lib/rateLimit.ts:57:39)
    at requireInternalAuth (src/lib/internalAuth.ts:92:25)
    at async GET (src/app/api/v1/tenant/resolve/route.ts:10:27)
  55 |
  56 |   try {
> 57 |     await getLimiter(pointsPerMinute).consume(companyId, 1);
     |                                       ^
  58 |   } catch (err) {
  59 |     // rate-limiter-flexible throws a RateLimiterRes (has msBeforeNext) when
  60 |     // the limit is actually exceeded; anything else (e.g. Redis down) is a
 GET /api/v1/tenant/resolve 200 in 3ms (next.js: 0.7ms, application-code: 3ms)
[rateLimit] Redis error, failing open: Error: Stream isn't writeable and enableOfflineQueue options is false
    at new Promise (<anonymous>)
    at checkRateLimit (src/lib/rateLimit.ts:57:39)
    at requireInternalAuth (src/lib/internalAuth.ts:92:25)
    at async GET (src/app/api/v1/tenant/resolve/route.ts:10:27)
  55 |
  56 |   try {
> 57 |     await getLimiter(pointsPerMinute).consume(companyId, 1);
     |                                       ^
  58 |   } catch (err) {
  59 |     // rate-limiter-flexible throws a RateLimiterRes (has msBeforeNext) when
  60 |     // the limit is actually exceeded; anything else (e.g. Redis down) is a
 GET /api/v1/tenant/resolve 200 in 3ms (next.js: 0.5ms, application-code: 2ms)
[rateLimit] Redis error, failing open: Error: Stream isn't writeable and enableOfflineQueue options is false
    at new Promise (<anonymous>)
    at checkRateLimit (src/lib/rateLimit.ts:57:39)
    at requireInternalAuth (src/lib/internalAuth.ts:92:25)
    at async GET (src/app/api/v1/portal-settings/[companyId]/route.ts:16:22)
  55 |
  56 |   try {
> 57 |     await getLimiter(pointsPerMinute).consume(companyId, 1);
     |                                       ^
  58 |   } catch (err) {
  59 |     // rate-limiter-flexible throws a RateLimiterRes (has msBeforeNext) when
  60 |     // the limit is actually exceeded; anything else (e.g. Redis down) is a
 GET /api/v1/portal-settings/cmtgb04al00050bv3rt10npd9 200 in 4ms (next.js: 0.5ms, application-code: 3ms)
[rateLimit] Redis error, failing open: Error: Stream isn't writeable and enableOfflineQueue options is false
    at new Promise (<anonymous>)
    at checkRateLimit (src/lib/rateLimit.ts:57:39)
    at requireInternalAuth (src/lib/internalAuth.ts:92:25)
    at async GET (src/app/api/v1/tenant/resolve/route.ts:10:27)
  55 |
  56 |   try {
> 57 |     await getLimiter(pointsPerMinute).consume(companyId, 1);
     |                                       ^
  58 |   } catch (err) {
  59 |     // rate-limiter-flexible throws a RateLimiterRes (has msBeforeNext) when
  60 |     // the limit is actually exceeded; anything else (e.g. Redis down) is a
 GET /api/v1/tenant/resolve 200 in 3ms (next.js: 0.6ms, application-code: 2ms)
[rateLimit] Redis error, failing open: Error: Stream isn't writeable and enableOfflineQueue options is false
    at new Promise (<anonymous>)
    at checkRateLimit (src/lib/rateLimit.ts:57:39)
    at requireInternalAuth (src/lib/internalAuth.ts:92:25)
    at async GET (src/app/api/v1/tenant/resolve/route.ts:10:27)
  55 |
  56 |   try {
> 57 |     await getLimiter(pointsPerMinute).consume(companyId, 1);
     |                                       ^
  58 |   } catch (err) {
  59 |     // rate-limiter-flexible throws a RateLimiterRes (has msBeforeNext) when
  60 |     // the limit is actually exceeded; anything else (e.g. Redis down) is a
 GET /api/v1/tenant/resolve 200 in 3ms (next.js: 0.4ms, application-code: 2ms)
[rateLimit] Redis error, failing open: Error: Stream isn't writeable and enableOfflineQueue options is false
    at new Promise (<anonymous>)
    at checkRateLimit (src/lib/rateLimit.ts:57:39)
    at requireInternalAuth (src/lib/internalAuth.ts:92:25)
    at async GET (src/app/api/v1/portal-settings/[companyId]/route.ts:16:22)
  55 |
  56 |   try {
> 57 |     await getLimiter(pointsPerMinute).consume(companyId, 1);
     |                                       ^
  58 |   } catch (err) {
  59 |     // rate-limiter-flexible throws a RateLimiterRes (has msBeforeNext) when
  60 |     // the limit is actually exceeded; anything else (e.g. Redis down) is a
 GET /api/v1/portal-settings/cmtgb04gr000a0bv35evd9ya5 200 in 3ms (next.js: 0.5ms, application-code: 3ms)
[rateLimit] Redis connection error: 
[rateLimit] Redis error, failing open: Error: Stream isn't writeable and enableOfflineQueue options is false
    at new Promise (<anonymous>)
    at checkRateLimit (src/lib/rateLimit.ts:57:39)
    at requireInternalAuth (src/lib/internalAuth.ts:92:25)
    at async POST (src/app/api/v1/auth/login/route.ts:32:22)
  55 |
  56 |   try {
> 57 |     await getLimiter(pointsPerMinute).consume(companyId, 1);
     |                                       ^
  58 |   } catch (err) {
  59 |     // rate-limiter-flexible throws a RateLimiterRes (has msBeforeNext) when
  60 |     // the limit is actually exceeded; anything else (e.g. Redis down) is a
 POST /api/v1/auth/login 200 in 58ms (next.js: 0.6ms, application-code: 58ms)
[rateLimit] Redis connection error: 
[rateLimit] Redis error, failing open: Error: Stream isn't writeable and enableOfflineQueue options is false
    at new Promise (<anonymous>)
    at checkRateLimit (src/lib/rateLimit.ts:57:39)
    at requireInternalAuth (src/lib/internalAuth.ts:92:25)
    at async GET (src/app/api/v1/tenant/resolve/route.ts:10:27)
  55 |
  56 |   try {
> 57 |     await getLimiter(pointsPerMinute).consume(companyId, 1);
     |                                       ^
  58 |   } catch (err) {
  59 |     // rate-limiter-flexible throws a RateLimiterRes (has msBeforeNext) when
  60 |     // the limit is actually exceeded; anything else (e.g. Redis down) is a
 GET /api/v1/tenant/resolve 200 in 4ms (next.js: 0.7ms, application-code: 3ms)
[rateLimit] Redis error, failing open: Error: Stream isn't writeable and enableOfflineQueue options is false
    at new Promise (<anonymous>)
    at checkRateLimit (src/lib/rateLimit.ts:57:39)
    at requireInternalAuth (src/lib/internalAuth.ts:92:25)
    at async GET (src/app/api/v1/portal-settings/[companyId]/route.ts:16:22)
  55 |
  56 |   try {
> 57 |     await getLimiter(pointsPerMinute).consume(companyId, 1);
     |                                       ^
  58 |   } catch (err) {
  59 |     // rate-limiter-flexible throws a RateLimiterRes (has msBeforeNext) when
  60 |     // the limit is actually exceeded; anything else (e.g. Redis down) is a
 GET /api/v1/portal-settings/cmtgb040d00000bv3pa01rwb1 200 in 6ms (next.js: 1.7ms, application-code: 4ms)
[rateLimit] Redis error, failing open: Error: Stream isn't writeable and enableOfflineQueue options is false
    at new Promise (<anonymous>)
    at checkRateLimit (src/lib/rateLimit.ts:57:39)
    at requireInternalAuth (src/lib/internalAuth.ts:92:25)
    at async GET (src/app/api/v1/faqs/route.ts:9:22)
  55 |
  56 |   try {
> 57 |     await getLimiter(pointsPerMinute).consume(companyId, 1);
     |                                       ^
  58 |   } catch (err) {
  59 |     // rate-limiter-flexible throws a RateLimiterRes (has msBeforeNext) when
  60 |     // the limit is actually exceeded; anything else (e.g. Redis down) is a
[rateLimit] Redis error, failing open: Error: Stream isn't writeable and enableOfflineQueue options is false
    at new Promise (<anonymous>)
    at checkRateLimit (src/lib/rateLimit.ts:57:39)
    at requireInternalAuth (src/lib/internalAuth.ts:92:25)
    at async GET (src/app/api/v1/shipping-rates/route.ts:9:22)
  55 |
  56 |   try {
> 57 |     await getLimiter(pointsPerMinute).consume(companyId, 1);
     |                                       ^
  58 |   } catch (err) {
  59 |     // rate-limiter-flexible throws a RateLimiterRes (has msBeforeNext) when
  60 |     // the limit is actually exceeded; anything else (e.g. Redis down) is a
 GET /api/v1/shipping-rates 200 in 20ms (next.js: 14ms, application-code: 5ms)
 GET /api/v1/faqs?activeOnly=true 200 in 20ms (next.js: 13ms, application-code: 7ms)
[rateLimit] Redis error, failing open: Error: Stream isn't writeable and enableOfflineQueue options is false
    at new Promise (<anonymous>)
    at checkRateLimit (src/lib/rateLimit.ts:57:39)
    at requireInternalAuth (src/lib/internalAuth.ts:92:25)
    at async GET (src/app/api/v1/tenant/resolve/route.ts:10:27)
  55 |
  56 |   try {
> 57 |     await getLimiter(pointsPerMinute).consume(companyId, 1);
     |                                       ^
  58 |   } catch (err) {
  59 |     // rate-limiter-flexible throws a RateLimiterRes (has msBeforeNext) when
  60 |     // the limit is actually exceeded; anything else (e.g. Redis down) is a
 GET /api/v1/tenant/resolve 200 in 4ms (next.js: 0.8ms, application-code: 3ms)
[rateLimit] Redis error, failing open: Error: Stream isn't writeable and enableOfflineQueue options is false
    at new Promise (<anonymous>)
    at checkRateLimit (src/lib/rateLimit.ts:57:39)
    at requireInternalAuth (src/lib/internalAuth.ts:92:25)
    at async GET (src/app/api/v1/portal-settings/[companyId]/route.ts:16:22)
  55 |
  56 |   try {
> 57 |     await getLimiter(pointsPerMinute).consume(companyId, 1);
     |                                       ^
  58 |   } catch (err) {
  59 |     // rate-limiter-flexible throws a RateLimiterRes (has msBeforeNext) when
  60 |     // the limit is actually exceeded; anything else (e.g. Redis down) is a
 GET /api/v1/portal-settings/cmtgb04al00050bv3rt10npd9 200 in 5ms (next.js: 1.4ms, application-code: 4ms)
[rateLimit] Redis error, failing open: Error: Stream isn't writeable and enableOfflineQueue options is false
    at new Promise (<anonymous>)
    at checkRateLimit (src/lib/rateLimit.ts:57:39)
    at requireInternalAuth (src/lib/internalAuth.ts:92:25)
    at async GET (src/app/api/v1/tenant/resolve/route.ts:10:27)
  55 |
  56 |   try {
> 57 |     await getLimiter(pointsPerMinute).consume(companyId, 1);
     |                                       ^
  58 |   } catch (err) {
  59 |     // rate-limiter-flexible throws a RateLimiterRes (has msBeforeNext) when
  60 |     // the limit is actually exceeded; anything else (e.g. Redis down) is a
 GET /api/v1/tenant/resolve 200 in 12ms (next.js: 1.5ms, application-code: 10ms)
[rateLimit] Redis error, failing open: Error: Stream isn't writeable and enableOfflineQueue options is false
    at new Promise (<anonymous>)
    at checkRateLimit (src/lib/rateLimit.ts:57:39)
    at requireInternalAuth (src/lib/internalAuth.ts:92:25)
    at async GET (src/app/api/v1/files/portal-settings/[companyId]/logo/route.ts:14:22)
  55 |
  56 |   try {
> 57 |     await getLimiter(pointsPerMinute).consume(companyId, 1);
     |                                       ^
  58 |   } catch (err) {
  59 |     // rate-limiter-flexible throws a RateLimiterRes (has msBeforeNext) when
  60 |     // the limit is actually exceeded; anything else (e.g. Redis down) is a
 GET /api/v1/files/portal-settings/cmtgb04al00050bv3rt10npd9/logo 200 in 13ms (next.js: 4ms, application-code: 8ms)
[rateLimit] Redis error, failing open: Error: Stream isn't writeable and enableOfflineQueue options is false
    at new Promise (<anonymous>)
    at checkRateLimit (src/lib/rateLimit.ts:57:39)
    at requireInternalAuth (src/lib/internalAuth.ts:92:25)
    at async GET (src/app/api/v1/tenant/resolve/route.ts:10:27)
  55 |
  56 |   try {
> 57 |     await getLimiter(pointsPerMinute).consume(companyId, 1);
     |                                       ^
  58 |   } catch (err) {
  59 |     // rate-limiter-flexible throws a RateLimiterRes (has msBeforeNext) when
  60 |     // the limit is actually exceeded; anything else (e.g. Redis down) is a
 GET /api/v1/tenant/resolve 200 in 5ms (next.js: 1.2ms, application-code: 4ms)
[rateLimit] Redis error, failing open: Error: Stream isn't writeable and enableOfflineQueue options is false
    at new Promise (<anonymous>)
    at checkRateLimit (src/lib/rateLimit.ts:57:39)
    at requireInternalAuth (src/lib/internalAuth.ts:92:25)
    at async GET (src/app/api/v1/files/portal-settings/[companyId]/favicon/route.ts:14:22)
  55 |
  56 |   try {
> 57 |     await getLimiter(pointsPerMinute).consume(companyId, 1);
     |                                       ^
  58 |   } catch (err) {
  59 |     // rate-limiter-flexible throws a RateLimiterRes (has msBeforeNext) when
  60 |     // the limit is actually exceeded; anything else (e.g. Redis down) is a
 GET /api/v1/files/portal-settings/cmtgb04al00050bv3rt10npd9/favicon 200 in 8ms (next.js: 2ms, application-code: 6ms)
[rateLimit] Redis connection error: 
[rateLimit] Redis error, failing open: Error: Stream isn't writeable and enableOfflineQueue options is false
    at new Promise (<anonymous>)
    at checkRateLimit (src/lib/rateLimit.ts:57:39)
    at requireInternalAuth (src/lib/internalAuth.ts:92:25)
    at async POST (src/app/api/v1/auth/login/route.ts:32:22)
  55 |
  56 |   try {
> 57 |     await getLimiter(pointsPerMinute).consume(companyId, 1);
     |                                       ^
  58 |   } catch (err) {
  59 |     // rate-limiter-flexible throws a RateLimiterRes (has msBeforeNext) when
  60 |     // the limit is actually exceeded; anything else (e.g. Redis down) is a
 POST /api/v1/auth/login 200 in 69ms (next.js: 1.0ms, application-code: 68ms)
[rateLimit] Redis error, failing open: Error: Stream isn't writeable and enableOfflineQueue options is false
    at new Promise (<anonymous>)
    at checkRateLimit (src/lib/rateLimit.ts:57:39)
    at requireInternalAuth (src/lib/internalAuth.ts:92:25)
    at async GET (src/app/api/v1/tenant/resolve/route.ts:10:27)
  55 |
  56 |   try {
> 57 |     await getLimiter(pointsPerMinute).consume(companyId, 1);
     |                                       ^
  58 |   } catch (err) {
  59 |     // rate-limiter-flexible throws a RateLimiterRes (has msBeforeNext) when
  60 |     // the limit is actually exceeded; anything else (e.g. Redis down) is a
 GET /api/v1/tenant/resolve 200 in 4ms (next.js: 0.7ms, application-code: 3ms)
[rateLimit] Redis error, failing open: Error: Stream isn't writeable and enableOfflineQueue options is false
    at new Promise (<anonymous>)
    at checkRateLimit (src/lib/rateLimit.ts:57:39)
    at requireInternalAuth (src/lib/internalAuth.ts:92:25)
    at async GET (src/app/api/v1/portal-settings/[companyId]/route.ts:16:22)
  55 |
  56 |   try {
> 57 |     await getLimiter(pointsPerMinute).consume(companyId, 1);
     |                                       ^
  58 |   } catch (err) {
  59 |     // rate-limiter-flexible throws a RateLimiterRes (has msBeforeNext) when
  60 |     // the limit is actually exceeded; anything else (e.g. Redis down) is a
 GET /api/v1/portal-settings/cmtgb04al00050bv3rt10npd9 200 in 6ms (next.js: 2.0ms, application-code: 4ms)
[rateLimit] Redis error, failing open: Error: Stream isn't writeable and enableOfflineQueue options is false
    at new Promise (<anonymous>)
    at checkRateLimit (src/lib/rateLimit.ts:57:39)
    at requireInternalAuth (src/lib/internalAuth.ts:92:25)
    at async GET (src/app/api/v1/packages/route.ts:21:22)
  55 |
  56 |   try {
> 57 |     await getLimiter(pointsPerMinute).consume(companyId, 1);
     |                                       ^
  58 |   } catch (err) {
  59 |     // rate-limiter-flexible throws a RateLimiterRes (has msBeforeNext) when
  60 |     // the limit is actually exceeded; anything else (e.g. Redis down) is a
[rateLimit] Redis error, failing open: Error: Stream isn't writeable and enableOfflineQueue options is false
    at new Promise (<anonymous>)
    at checkRateLimit (src/lib/rateLimit.ts:57:39)
    at requireInternalAuth (src/lib/internalAuth.ts:92:25)
    at async GET (src/app/api/v1/portal-users/[id]/route.ts:13:22)
  55 |
  56 |   try {
> 57 |     await getLimiter(pointsPerMinute).consume(companyId, 1);
     |                                       ^
  58 |   } catch (err) {
  59 |     // rate-limiter-flexible throws a RateLimiterRes (has msBeforeNext) when
  60 |     // the limit is actually exceeded; anything else (e.g. Redis down) is a
 GET /api/v1/portal-users/cmtgb04cd00090bv3ii5hgjh4 200 in 7ms (next.js: 3ms, application-code: 4ms)
prisma:error 
Invalid `__TURBOPACK__imported__module__$5b$project$5d2f$src$2f$lib$2f$prisma$2e$ts__$5b$app$2d$route$5d$__$28$ecmascript$29$__["prisma"].package.findMany()` invocation in
/Users/deevexx/Documents/PROJECTS/freight-forwarder/api/.next/dev/server/chunks/[root-of-the-server]__1ia8c4e._.js:244:146

  241     } : {}
  242 };
  243 const [packages, total] = await Promise.all([
→ 244     __TURBOPACK__imported__module__$5b$project$5d2f$src$2f$lib$2f$prisma$2e$ts__$5b$app$2d$route$5d$__$28$ecmascript$29$__["prisma"].package.findMany(
Value 'LOGGER' not found in enum 'Role'
⨯ Error [PrismaClientUnknownRequestError]: 
Invalid `{imported module ./src/lib/prisma.ts}["prisma"].package.findMany()` invocation in
/Users/deevexx/Documents/PROJECTS/freight-forwarder/api/.next/dev/server/chunks/[root-of-the-server]__1ia8c4e._.js:244:146

  241     } : {}
  242 };
  243 const [packages, total] = await Promise.all([
→ 244     {imported module ./src/lib/prisma.ts}["prisma"].package.findMany(
Value 'LOGGER' not found in enum 'Role'
    at <unknown> (src/app/api/v1/packages/route.ts:65:20)
    at async GET (src/app/api/v1/packages/route.ts:64:29)
  63 |
  64 |   const [packages, total] = await Promise.all([
> 65 |     prisma.package.findMany({
     |                    ^
  66 |       where,
  67 |       orderBy: { createdAt: "desc" },
  68 |       include: packageInclude, {
  clientVersion: '6.19.3'
}
 GET /api/v1/packages?page=1&pageSize=25 500 in 9ms (next.js: 0.9ms, application-code: 8ms)
[rateLimit] Redis error, failing open: Error: Stream isn't writeable and enableOfflineQueue options is false
    at new Promise (<anonymous>)
    at checkRateLimit (src/lib/rateLimit.ts:57:39)
    at requireInternalAuth (src/lib/internalAuth.ts:92:25)
    at async GET (src/app/api/v1/tenant/resolve/route.ts:10:27)
  55 |
  56 |   try {
> 57 |     await getLimiter(pointsPerMinute).consume(companyId, 1);
     |                                       ^
  58 |   } catch (err) {
  59 |     // rate-limiter-flexible throws a RateLimiterRes (has msBeforeNext) when
  60 |     // the limit is actually exceeded; anything else (e.g. Redis down) is a
 GET /api/v1/tenant/resolve 200 in 4ms (next.js: 1.1ms, application-code: 3ms)
[rateLimit] Redis error, failing open: Error: Stream isn't writeable and enableOfflineQueue options is false
    at new Promise (<anonymous>)
    at checkRateLimit (src/lib/rateLimit.ts:57:39)
    at requireInternalAuth (src/lib/internalAuth.ts:92:25)
    at async GET (src/app/api/v1/portal-settings/[companyId]/route.ts:16:22)
  55 |
  56 |   try {
> 57 |     await getLimiter(pointsPerMinute).consume(companyId, 1);
     |                                       ^
  58 |   } catch (err) {
  59 |     // rate-limiter-flexible throws a RateLimiterRes (has msBeforeNext) when
  60 |     // the limit is actually exceeded; anything else (e.g. Redis down) is a
 GET /api/v1/portal-settings/cmtgb04al00050bv3rt10npd9 200 in 8ms (next.js: 0.9ms, application-code: 7ms)
[rateLimit] Redis error, failing open: Error: Stream isn't writeable and enableOfflineQueue options is false
    at new Promise (<anonymous>)
    at checkRateLimit (src/lib/rateLimit.ts:57:39)
    at requireInternalAuth (src/lib/internalAuth.ts:92:25)
    at async GET (src/app/api/v1/portal-users/[id]/route.ts:13:22)
  55 |
  56 |   try {
> 57 |     await getLimiter(pointsPerMinute).consume(companyId, 1);
     |                                       ^
  58 |   } catch (err) {
  59 |     // rate-limiter-flexible throws a RateLimiterRes (has msBeforeNext) when
  60 |     // the limit is actually exceeded; anything else (e.g. Redis down) is a
 GET /api/v1/portal-users/cmtgb04cd00090bv3ii5hgjh4 200 in 6ms (next.js: 0.9ms, application-code: 5ms)
[rateLimit] Redis error, failing open: Error: Stream isn't writeable and enableOfflineQueue options is false
    at new Promise (<anonymous>)
    at checkRateLimit (src/lib/rateLimit.ts:57:39)
    at requireInternalAuth (src/lib/internalAuth.ts:92:25)
    at async GET (src/app/api/v1/packages/route.ts:21:22)
  55 |
  56 |   try {
> 57 |     await getLimiter(pointsPerMinute).consume(companyId, 1);
     |                                       ^
  58 |   } catch (err) {
  59 |     // rate-limiter-flexible throws a RateLimiterRes (has msBeforeNext) when
  60 |     // the limit is actually exceeded; anything else (e.g. Redis down) is a
prisma:error 
Invalid `__TURBOPACK__imported__module__$5b$project$5d2f$src$2f$lib$2f$prisma$2e$ts__$5b$app$2d$route$5d$__$28$ecmascript$29$__["prisma"].package.findMany()` invocation in
/Users/deevexx/Documents/PROJECTS/freight-forwarder/api/.next/dev/server/chunks/[root-of-the-server]__1ia8c4e._.js:244:146

  241     } : {}
  242 };
  243 const [packages, total] = await Promise.all([
→ 244     __TURBOPACK__imported__module__$5b$project$5d2f$src$2f$lib$2f$prisma$2e$ts__$5b$app$2d$route$5d$__$28$ecmascript$29$__["prisma"].package.findMany(
Value 'LOGGER' not found in enum 'Role'
⨯ Error [PrismaClientUnknownRequestError]: 
Invalid `{imported module ./src/lib/prisma.ts}["prisma"].package.findMany()` invocation in
/Users/deevexx/Documents/PROJECTS/freight-forwarder/api/.next/dev/server/chunks/[root-of-the-server]__1ia8c4e._.js:244:146

  241     } : {}
  242 };
  243 const [packages, total] = await Promise.all([
→ 244     {imported module ./src/lib/prisma.ts}["prisma"].package.findMany(
Value 'LOGGER' not found in enum 'Role'
    at <unknown> (src/app/api/v1/packages/route.ts:65:20)
    at async GET (src/app/api/v1/packages/route.ts:64:29)
  63 |
  64 |   const [packages, total] = await Promise.all([
> 65 |     prisma.package.findMany({
     |                    ^
  66 |       where,
  67 |       orderBy: { createdAt: "desc" },
  68 |       include: packageInclude, {
  clientVersion: '6.19.3'
}
 GET /api/v1/packages?page=1&pageSize=25 500 in 9ms (next.js: 3ms, application-code: 6ms)
[rateLimit] Redis error, failing open: Error: Stream isn't writeable and enableOfflineQueue options is false
    at new Promise (<anonymous>)
    at checkRateLimit (src/lib/rateLimit.ts:57:39)
    at requireInternalAuth (src/lib/internalAuth.ts:92:25)
    at async GET (src/app/api/v1/tenant/resolve/route.ts:10:27)
  55 |
  56 |   try {
> 57 |     await getLimiter(pointsPerMinute).consume(companyId, 1);
     |                                       ^
  58 |   } catch (err) {
  59 |     // rate-limiter-flexible throws a RateLimiterRes (has msBeforeNext) when
  60 |     // the limit is actually exceeded; anything else (e.g. Redis down) is a
 GET /api/v1/tenant/resolve 200 in 3ms (next.js: 0.6ms, application-code: 3ms)
[rateLimit] Redis error, failing open: Error: Stream isn't writeable and enableOfflineQueue options is false
    at new Promise (<anonymous>)
    at checkRateLimit (src/lib/rateLimit.ts:57:39)
    at requireInternalAuth (src/lib/internalAuth.ts:92:25)
    at async GET (src/app/api/v1/portal-settings/[companyId]/route.ts:16:22)
  55 |
  56 |   try {
> 57 |     await getLimiter(pointsPerMinute).consume(companyId, 1);
     |                                       ^
  58 |   } catch (err) {
  59 |     // rate-limiter-flexible throws a RateLimiterRes (has msBeforeNext) when
  60 |     // the limit is actually exceeded; anything else (e.g. Redis down) is a
 GET /api/v1/portal-settings/cmtgb04gr000a0bv35evd9ya5 200 in 4ms (next.js: 1.2ms, application-code: 3ms)
[rateLimit] Redis error, failing open: Error: Stream isn't writeable and enableOfflineQueue options is false
    at new Promise (<anonymous>)
    at checkRateLimit (src/lib/rateLimit.ts:57:39)
    at requireInternalAuth (src/lib/internalAuth.ts:92:25)
    at async GET (src/app/api/v1/tenant/resolve/route.ts:10:27)
  55 |
  56 |   try {
> 57 |     await getLimiter(pointsPerMinute).consume(companyId, 1);
     |                                       ^
  58 |   } catch (err) {
  59 |     // rate-limiter-flexible throws a RateLimiterRes (has msBeforeNext) when
  60 |     // the limit is actually exceeded; anything else (e.g. Redis down) is a
 GET /api/v1/tenant/resolve 200 in 6ms (next.js: 1.6ms, application-code: 4ms)
[rateLimit] Redis error, failing open: Error: Stream isn't writeable and enableOfflineQueue options is false
    at new Promise (<anonymous>)
    at checkRateLimit (src/lib/rateLimit.ts:57:39)
    at requireInternalAuth (src/lib/internalAuth.ts:92:25)
    at async GET (src/app/api/v1/files/portal-settings/[companyId]/logo/route.ts:14:22)
  55 |
  56 |   try {
> 57 |     await getLimiter(pointsPerMinute).consume(companyId, 1);
     |                                       ^
  58 |   } catch (err) {
  59 |     // rate-limiter-flexible throws a RateLimiterRes (has msBeforeNext) when
  60 |     // the limit is actually exceeded; anything else (e.g. Redis down) is a
 GET /api/v1/files/portal-settings/cmtgb04gr000a0bv35evd9ya5/logo 200 in 6ms (next.js: 1.8ms, application-code: 4ms)
[rateLimit] Redis error, failing open: Error: Stream isn't writeable and enableOfflineQueue options is false
    at new Promise (<anonymous>)
    at checkRateLimit (src/lib/rateLimit.ts:57:39)
    at requireInternalAuth (src/lib/internalAuth.ts:92:25)
    at async GET (src/app/api/v1/tenant/resolve/route.ts:10:27)
  55 |
  56 |   try {
> 57 |     await getLimiter(pointsPerMinute).consume(companyId, 1);
     |                                       ^
  58 |   } catch (err) {
  59 |     // rate-limiter-flexible throws a RateLimiterRes (has msBeforeNext) when
  60 |     // the limit is actually exceeded; anything else (e.g. Redis down) is a
 GET /api/v1/tenant/resolve 200 in 7ms (next.js: 3ms, application-code: 5ms)
[rateLimit] Redis error, failing open: Error: Stream isn't writeable and enableOfflineQueue options is false
    at new Promise (<anonymous>)
    at checkRateLimit (src/lib/rateLimit.ts:57:39)
    at requireInternalAuth (src/lib/internalAuth.ts:92:25)
    at async GET (src/app/api/v1/files/portal-settings/[companyId]/favicon/route.ts:14:22)
  55 |
  56 |   try {
> 57 |     await getLimiter(pointsPerMinute).consume(companyId, 1);
     |                                       ^
  58 |   } catch (err) {
  59 |     // rate-limiter-flexible throws a RateLimiterRes (has msBeforeNext) when
  60 |     // the limit is actually exceeded; anything else (e.g. Redis down) is a
 GET /api/v1/files/portal-settings/cmtgb04gr000a0bv35evd9ya5/favicon 200 in 10ms (next.js: 3ms, application-code: 7ms)
[rateLimit] Redis connection error: 
[rateLimit] Redis error, failing open: Error: Stream isn't writeable and enableOfflineQueue options is false
    at new Promise (<anonymous>)
    at checkRateLimit (src/lib/rateLimit.ts:57:39)
    at requireInternalAuth (src/lib/internalAuth.ts:92:25)
    at async POST (src/app/api/v1/auth/login/route.ts:32:22)
  55 |
  56 |   try {
> 57 |     await getLimiter(pointsPerMinute).consume(companyId, 1);
     |                                       ^
  58 |   } catch (err) {
  59 |     // rate-limiter-flexible throws a RateLimiterRes (has msBeforeNext) when
  60 |     // the limit is actually exceeded; anything else (e.g. Redis down) is a
 POST /api/v1/auth/login 200 in 68ms (next.js: 0.9ms, application-code: 67ms)
[rateLimit] Redis error, failing open: Error: Stream isn't writeable and enableOfflineQueue options is false
    at new Promise (<anonymous>)
    at checkRateLimit (src/lib/rateLimit.ts:57:39)
    at requireInternalAuth (src/lib/internalAuth.ts:92:25)
    at async GET (src/app/api/v1/tenant/resolve/route.ts:10:27)
  55 |
  56 |   try {
> 57 |     await getLimiter(pointsPerMinute).consume(companyId, 1);
     |                                       ^
  58 |   } catch (err) {
  59 |     // rate-limiter-flexible throws a RateLimiterRes (has msBeforeNext) when
  60 |     // the limit is actually exceeded; anything else (e.g. Redis down) is a
 GET /api/v1/tenant/resolve 200 in 3ms (next.js: 0.7ms, application-code: 3ms)
[rateLimit] Redis error, failing open: Error: Stream isn't writeable and enableOfflineQueue options is false
    at new Promise (<anonymous>)
    at checkRateLimit (src/lib/rateLimit.ts:57:39)
    at requireInternalAuth (src/lib/internalAuth.ts:92:25)
    at async GET (src/app/api/v1/portal-settings/[companyId]/route.ts:16:22)
  55 |
  56 |   try {
> 57 |     await getLimiter(pointsPerMinute).consume(companyId, 1);
     |                                       ^
  58 |   } catch (err) {
  59 |     // rate-limiter-flexible throws a RateLimiterRes (has msBeforeNext) when
  60 |     // the limit is actually exceeded; anything else (e.g. Redis down) is a
 GET /api/v1/portal-settings/cmtgb04gr000a0bv35evd9ya5 200 in 7ms (next.js: 1.5ms, application-code: 5ms)
[rateLimit] Redis error, failing open: Error: Stream isn't writeable and enableOfflineQueue options is false
    at new Promise (<anonymous>)
    at checkRateLimit (src/lib/rateLimit.ts:57:39)
    at requireInternalAuth (src/lib/internalAuth.ts:92:25)
    at async GET (src/app/api/v1/portal-users/[id]/route.ts:13:22)
  55 |
  56 |   try {
> 57 |     await getLimiter(pointsPerMinute).consume(companyId, 1);
     |                                       ^
  58 |   } catch (err) {
  59 |     // rate-limiter-flexible throws a RateLimiterRes (has msBeforeNext) when
  60 |     // the limit is actually exceeded; anything else (e.g. Redis down) is a
 GET /api/v1/portal-users/cmtgb4nbn000t0b7y3320s7ls 200 in 11ms (next.js: 4ms, application-code: 7ms)
[rateLimit] Redis error, failing open: Error: Stream isn't writeable and enableOfflineQueue options is false
    at new Promise (<anonymous>)
    at checkRateLimit (src/lib/rateLimit.ts:57:39)
    at requireInternalAuth (src/lib/internalAuth.ts:92:25)
    at async GET (src/app/api/v1/customers/by-email/route.ts:10:22)
  55 |
  56 |   try {
> 57 |     await getLimiter(pointsPerMinute).consume(companyId, 1);
     |                                       ^
  58 |   } catch (err) {
  59 |     // rate-limiter-flexible throws a RateLimiterRes (has msBeforeNext) when
  60 |     // the limit is actually exceeded; anything else (e.g. Redis down) is a
 GET /api/v1/customers/by-email?email=customer1%40ids.example.test 200 in 17ms (next.js: 10ms, application-code: 7ms)
[rateLimit] Redis error, failing open: Error: Stream isn't writeable and enableOfflineQueue options is false
    at new Promise (<anonymous>)
    at checkRateLimit (src/lib/rateLimit.ts:57:39)
    at requireInternalAuth (src/lib/internalAuth.ts:92:25)
    at async GET (src/app/api/v1/packages/route.ts:21:22)
  55 |
  56 |   try {
> 57 |     await getLimiter(pointsPerMinute).consume(companyId, 1);
     |                                       ^
  58 |   } catch (err) {
  59 |     // rate-limiter-flexible throws a RateLimiterRes (has msBeforeNext) when
  60 |     // the limit is actually exceeded; anything else (e.g. Redis down) is a
prisma:error 
Invalid `__TURBOPACK__imported__module__$5b$project$5d2f$src$2f$lib$2f$prisma$2e$ts__$5b$app$2d$route$5d$__$28$ecmascript$29$__["prisma"].package.findMany()` invocation in
/Users/deevexx/Documents/PROJECTS/freight-forwarder/api/.next/dev/server/chunks/[root-of-the-server]__1ia8c4e._.js:244:146

  241     } : {}
  242 };
  243 const [packages, total] = await Promise.all([
→ 244     __TURBOPACK__imported__module__$5b$project$5d2f$src$2f$lib$2f$prisma$2e$ts__$5b$app$2d$route$5d$__$28$ecmascript$29$__["prisma"].package.findMany(
Value 'LOGGER' not found in enum 'Role'
⨯ Error [PrismaClientUnknownRequestError]: 
Invalid `{imported module ./src/lib/prisma.ts}["prisma"].package.findMany()` invocation in
/Users/deevexx/Documents/PROJECTS/freight-forwarder/api/.next/dev/server/chunks/[root-of-the-server]__1ia8c4e._.js:244:146

  241     } : {}
  242 };
  243 const [packages, total] = await Promise.all([
→ 244     {imported module ./src/lib/prisma.ts}["prisma"].package.findMany(
Value 'LOGGER' not found in enum 'Role'
    at <unknown> (src/app/api/v1/packages/route.ts:65:20)
    at async GET (src/app/api/v1/packages/route.ts:64:29)
  63 |
  64 |   const [packages, total] = await Promise.all([
> 65 |     prisma.package.findMany({
     |                    ^
  66 |       where,
  67 |       orderBy: { createdAt: "desc" },
  68 |       include: packageInclude, {
  clientVersion: '6.19.3'
}
 GET /api/v1/packages?customerId=fe4cda52-4c2d-4473-9cca-717a810b3f4a&pageSize=500 500 in 12ms (next.js: 1.0ms, application-code: 11ms)
[rateLimit] Redis error, failing open: Error: Stream isn't writeable and enableOfflineQueue options is false
    at new Promise (<anonymous>)
    at checkRateLimit (src/lib/rateLimit.ts:57:39)
    at requireInternalAuth (src/lib/internalAuth.ts:92:25)
    at async GET (src/app/api/v1/tenant/resolve/route.ts:10:27)
  55 |
  56 |   try {
> 57 |     await getLimiter(pointsPerMinute).consume(companyId, 1);
     |                                       ^
  58 |   } catch (err) {
  59 |     // rate-limiter-flexible throws a RateLimiterRes (has msBeforeNext) when
  60 |     // the limit is actually exceeded; anything else (e.g. Redis down) is a
 GET /api/v1/tenant/resolve 200 in 5ms (next.js: 1.6ms, application-code: 3ms)
[rateLimit] Redis error, failing open: Error: Stream isn't writeable and enableOfflineQueue options is false
    at new Promise (<anonymous>)
    at checkRateLimit (src/lib/rateLimit.ts:57:39)
    at requireInternalAuth (src/lib/internalAuth.ts:92:25)
    at async GET (src/app/api/v1/portal-settings/[companyId]/route.ts:16:22)
  55 |
  56 |   try {
> 57 |     await getLimiter(pointsPerMinute).consume(companyId, 1);
     |                                       ^
  58 |   } catch (err) {
  59 |     // rate-limiter-flexible throws a RateLimiterRes (has msBeforeNext) when
  60 |     // the limit is actually exceeded; anything else (e.g. Redis down) is a
 GET /api/v1/portal-settings/cmtgb04gr000a0bv35evd9ya5 200 in 5ms (next.js: 1.2ms, application-code: 4ms)
[rateLimit] Redis error, failing open: Error: Stream isn't writeable and enableOfflineQueue options is false
    at new Promise (<anonymous>)
    at checkRateLimit (src/lib/rateLimit.ts:57:39)
    at requireInternalAuth (src/lib/internalAuth.ts:92:25)
    at async GET (src/app/api/v1/portal-users/[id]/route.ts:13:22)
  55 |
  56 |   try {
> 57 |     await getLimiter(pointsPerMinute).consume(companyId, 1);
     |                                       ^
  58 |   } catch (err) {
  59 |     // rate-limiter-flexible throws a RateLimiterRes (has msBeforeNext) when
  60 |     // the limit is actually exceeded; anything else (e.g. Redis down) is a
 GET /api/v1/portal-users/cmtgb4nbn000t0b7y3320s7ls 200 in 6ms (next.js: 0.7ms, application-code: 5ms)
[rateLimit] Redis error, failing open: Error: Stream isn't writeable and enableOfflineQueue options is false
    at new Promise (<anonymous>)
    at checkRateLimit (src/lib/rateLimit.ts:57:39)
    at requireInternalAuth (src/lib/internalAuth.ts:92:25)
    at async GET (src/app/api/v1/customers/by-email/route.ts:10:22)
  55 |
  56 |   try {
> 57 |     await getLimiter(pointsPerMinute).consume(companyId, 1);
     |                                       ^
  58 |   } catch (err) {
  59 |     // rate-limiter-flexible throws a RateLimiterRes (has msBeforeNext) when
  60 |     // the limit is actually exceeded; anything else (e.g. Redis down) is a
 GET /api/v1/customers/by-email?email=customer1%40ids.example.test 200 in 5ms (next.js: 0.7ms, application-code: 5ms)
[rateLimit] Redis error, failing open: Error: Stream isn't writeable and enableOfflineQueue options is false
    at new Promise (<anonymous>)
    at checkRateLimit (src/lib/rateLimit.ts:57:39)
    at requireInternalAuth (src/lib/internalAuth.ts:92:25)
    at async GET (src/app/api/v1/packages/route.ts:21:22)
  55 |
  56 |   try {
> 57 |     await getLimiter(pointsPerMinute).consume(companyId, 1);
     |                                       ^
  58 |   } catch (err) {
  59 |     // rate-limiter-flexible throws a RateLimiterRes (has msBeforeNext) when
  60 |     // the limit is actually exceeded; anything else (e.g. Redis down) is a
prisma:error 
Invalid `__TURBOPACK__imported__module__$5b$project$5d2f$src$2f$lib$2f$prisma$2e$ts__$5b$app$2d$route$5d$__$28$ecmascript$29$__["prisma"].package.findMany()` invocation in
/Users/deevexx/Documents/PROJECTS/freight-forwarder/api/.next/dev/server/chunks/[root-of-the-server]__1ia8c4e._.js:244:146

  241     } : {}
  242 };
  243 const [packages, total] = await Promise.all([
→ 244     __TURBOPACK__imported__module__$5b$project$5d2f$src$2f$lib$2f$prisma$2e$ts__$5b$app$2d$route$5d$__$28$ecmascript$29$__["prisma"].package.findMany(
Value 'LOGGER' not found in enum 'Role'
⨯ Error [PrismaClientUnknownRequestError]: 
Invalid `{imported module ./src/lib/prisma.ts}["prisma"].package.findMany()` invocation in
/Users/deevexx/Documents/PROJECTS/freight-forwarder/api/.next/dev/server/chunks/[root-of-the-server]__1ia8c4e._.js:244:146

  241     } : {}
  242 };
  243 const [packages, total] = await Promise.all([
→ 244     {imported module ./src/lib/prisma.ts}["prisma"].package.findMany(
Value 'LOGGER' not found in enum 'Role'
    at <unknown> (src/app/api/v1/packages/route.ts:65:20)
    at async GET (src/app/api/v1/packages/route.ts:64:29)
  63 |
  64 |   const [packages, total] = await Promise.all([
> 65 |     prisma.package.findMany({
     |                    ^
  66 |       where,
  67 |       orderBy: { createdAt: "desc" },
  68 |       include: packageInclude, {
  clientVersion: '6.19.3'
}
 GET /api/v1/packages?customerId=fe4cda52-4c2d-4473-9cca-717a810b3f4a&pageSize=500 500 in 13ms (next.js: 1.2ms, application-code: 11ms)
[rateLimit] Redis connection error: 
[rateLimit] Redis connection error: 
[rateLimit] Redis error, failing open: Error: Stream isn't writeable and enableOfflineQueue options is false
    at new Promise (<anonymous>)
    at checkRateLimit (src/lib/rateLimit.ts:57:39)
    at requireInternalAuth (src/lib/internalAuth.ts:92:25)
    at async GET (src/app/api/v1/tenant/resolve/route.ts:10:27)
  55 |
  56 |   try {
> 57 |     await getLimiter(pointsPerMinute).consume(companyId, 1);
     |                                       ^
  58 |   } catch (err) {
  59 |     // rate-limiter-flexible throws a RateLimiterRes (has msBeforeNext) when
  60 |     // the limit is actually exceeded; anything else (e.g. Redis down) is a
 GET /api/v1/tenant/resolve 200 in 5ms (next.js: 0.9ms, application-code: 4ms)
[rateLimit] Redis error, failing open: Error: Stream isn't writeable and enableOfflineQueue options is false
    at new Promise (<anonymous>)
    at checkRateLimit (src/lib/rateLimit.ts:57:39)
    at requireInternalAuth (src/lib/internalAuth.ts:92:25)
    at async GET (src/app/api/v1/portal-users/[id]/route.ts:13:22)
  55 |
  56 |   try {
> 57 |     await getLimiter(pointsPerMinute).consume(companyId, 1);
     |                                       ^
  58 |   } catch (err) {
  59 |     // rate-limiter-flexible throws a RateLimiterRes (has msBeforeNext) when
  60 |     // the limit is actually exceeded; anything else (e.g. Redis down) is a
[rateLimit] Redis error, failing open: Error: Stream isn't writeable and enableOfflineQueue options is false
    at new Promise (<anonymous>)
    at checkRateLimit (src/lib/rateLimit.ts:57:39)
    at requireInternalAuth (src/lib/internalAuth.ts:92:25)
    at async GET (src/app/api/v1/portal-settings/[companyId]/route.ts:16:22)
  55 |
  56 |   try {
> 57 |     await getLimiter(pointsPerMinute).consume(companyId, 1);
     |                                       ^
  58 |   } catch (err) {
  59 |     // rate-limiter-flexible throws a RateLimiterRes (has msBeforeNext) when
  60 |     // the limit is actually exceeded; anything else (e.g. Redis down) is a
 GET /api/v1/portal-users/cmtgb4ne0001h0b7yfvmgw4ck 200 in 8ms (next.js: 1.7ms, application-code: 6ms)
 GET /api/v1/portal-settings/cmtgb040d00000bv3pa01rwb1 200 in 8ms (next.js: 4ms, application-code: 4ms)
[rateLimit] Redis error, failing open: Error: Stream isn't writeable and enableOfflineQueue options is false
    at new Promise (<anonymous>)
    at checkRateLimit (src/lib/rateLimit.ts:57:39)
    at requireInternalAuth (src/lib/internalAuth.ts:92:25)
    at async GET (src/app/api/v1/customers/by-email/route.ts:10:22)
  55 |
  56 |   try {
> 57 |     await getLimiter(pointsPerMinute).consume(companyId, 1);
     |                                       ^
  58 |   } catch (err) {
  59 |     // rate-limiter-flexible throws a RateLimiterRes (has msBeforeNext) when
  60 |     // the limit is actually exceeded; anything else (e.g. Redis down) is a
 GET /api/v1/customers/by-email?email=customer1%40sce.example.test 200 in 5ms (next.js: 0.7ms, application-code: 4ms)
[rateLimit] Redis error, failing open: Error: Stream isn't writeable and enableOfflineQueue options is false
    at new Promise (<anonymous>)
    at checkRateLimit (src/lib/rateLimit.ts:57:39)
    at requireInternalAuth (src/lib/internalAuth.ts:92:25)
    at async GET (src/app/api/v1/packages/route.ts:21:22)
  55 |
  56 |   try {
> 57 |     await getLimiter(pointsPerMinute).consume(companyId, 1);
     |                                       ^
  58 |   } catch (err) {
  59 |     // rate-limiter-flexible throws a RateLimiterRes (has msBeforeNext) when
  60 |     // the limit is actually exceeded; anything else (e.g. Redis down) is a
 GET /api/v1/packages?customerId=b3c3ab6a-192e-4187-90c8-f4a101b6f673&pageSize=500 200 in 5ms (next.js: 1.3ms, application-code: 4ms)
[rateLimit] Redis error, failing open: Error: Stream isn't writeable and enableOfflineQueue options is false
    at new Promise (<anonymous>)
    at checkRateLimit (src/lib/rateLimit.ts:57:39)
    at requireInternalAuth (src/lib/internalAuth.ts:92:25)
    at async GET (src/app/api/v1/tenant/resolve/route.ts:10:27)
  55 |
  56 |   try {
> 57 |     await getLimiter(pointsPerMinute).consume(companyId, 1);
     |                                       ^
  58 |   } catch (err) {
  59 |     // rate-limiter-flexible throws a RateLimiterRes (has msBeforeNext) when
  60 |     // the limit is actually exceeded; anything else (e.g. Redis down) is a
 GET /api/v1/tenant/resolve 200 in 12ms (next.js: 2ms, application-code: 9ms)
[rateLimit] Redis error, failing open: Error: Stream isn't writeable and enableOfflineQueue options is false
    at new Promise (<anonymous>)
    at checkRateLimit (src/lib/rateLimit.ts:57:39)
    at requireInternalAuth (src/lib/internalAuth.ts:92:25)
    at async GET (src/app/api/v1/tenant/resolve/route.ts:10:27)
  55 |
  56 |   try {
> 57 |     await getLimiter(pointsPerMinute).consume(companyId, 1);
     |                                       ^
  58 |   } catch (err) {
  59 |     // rate-limiter-flexible throws a RateLimiterRes (has msBeforeNext) when
  60 |     // the limit is actually exceeded; anything else (e.g. Redis down) is a
 GET /api/v1/tenant/resolve 200 in 7ms (next.js: 1.6ms, application-code: 6ms)
[rateLimit] Redis error, failing open: Error: Stream isn't writeable and enableOfflineQueue options is false
    at new Promise (<anonymous>)
    at checkRateLimit (src/lib/rateLimit.ts:57:39)
    at requireInternalAuth (src/lib/internalAuth.ts:92:25)
    at async GET (src/app/api/v1/portal-settings/[companyId]/route.ts:16:22)
  55 |
  56 |   try {
> 57 |     await getLimiter(pointsPerMinute).consume(companyId, 1);
     |                                       ^
  58 |   } catch (err) {
  59 |     // rate-limiter-flexible throws a RateLimiterRes (has msBeforeNext) when
  60 |     // the limit is actually exceeded; anything else (e.g. Redis down) is a
 GET /api/v1/portal-settings/cmtgb040d00000bv3pa01rwb1 200 in 6ms (next.js: 2ms, application-code: 4ms)
[rateLimit] Redis error, failing open: Error: Stream isn't writeable and enableOfflineQueue options is false
    at new Promise (<anonymous>)
    at checkRateLimit (src/lib/rateLimit.ts:57:39)
    at requireInternalAuth (src/lib/internalAuth.ts:92:25)
    at async GET (src/app/api/v1/tenant/resolve/route.ts:10:27)
  55 |
  56 |   try {
> 57 |     await getLimiter(pointsPerMinute).consume(companyId, 1);
     |                                       ^
  58 |   } catch (err) {
  59 |     // rate-limiter-flexible throws a RateLimiterRes (has msBeforeNext) when
  60 |     // the limit is actually exceeded; anything else (e.g. Redis down) is a
 GET /api/v1/tenant/resolve 200 in 3ms (next.js: 0.5ms, application-code: 3ms)
[rateLimit] Redis error, failing open: Error: Stream isn't writeable and enableOfflineQueue options is false
    at new Promise (<anonymous>)
    at checkRateLimit (src/lib/rateLimit.ts:57:39)
    at requireInternalAuth (src/lib/internalAuth.ts:92:25)
    at async GET (src/app/api/v1/tenant/resolve/route.ts:10:27)
  55 |
  56 |   try {
> 57 |     await getLimiter(pointsPerMinute).consume(companyId, 1);
     |                                       ^
  58 |   } catch (err) {
  59 |     // rate-limiter-flexible throws a RateLimiterRes (has msBeforeNext) when
  60 |     // the limit is actually exceeded; anything else (e.g. Redis down) is a
 GET /api/v1/tenant/resolve 200 in 3ms (next.js: 0.5ms, application-code: 2ms)
[rateLimit] Redis error, failing open: Error: Stream isn't writeable and enableOfflineQueue options is false
    at new Promise (<anonymous>)
    at checkRateLimit (src/lib/rateLimit.ts:57:39)
    at requireInternalAuth (src/lib/internalAuth.ts:92:25)
    at async GET (src/app/api/v1/portal-settings/[companyId]/route.ts:16:22)
  55 |
  56 |   try {
> 57 |     await getLimiter(pointsPerMinute).consume(companyId, 1);
     |                                       ^
  58 |   } catch (err) {
  59 |     // rate-limiter-flexible throws a RateLimiterRes (has msBeforeNext) when
  60 |     // the limit is actually exceeded; anything else (e.g. Redis down) is a
 GET /api/v1/portal-settings/cmtgb04al00050bv3rt10npd9 200 in 3ms (next.js: 0.5ms, application-code: 3ms)
[rateLimit] Redis error, failing open: Error: Stream isn't writeable and enableOfflineQueue options is false
    at new Promise (<anonymous>)
    at checkRateLimit (src/lib/rateLimit.ts:57:39)
    at requireInternalAuth (src/lib/internalAuth.ts:92:25)
    at async GET (src/app/api/v1/tenant/resolve/route.ts:10:27)
  55 |
  56 |   try {
> 57 |     await getLimiter(pointsPerMinute).consume(companyId, 1);
     |                                       ^
  58 |   } catch (err) {
  59 |     // rate-limiter-flexible throws a RateLimiterRes (has msBeforeNext) when
  60 |     // the limit is actually exceeded; anything else (e.g. Redis down) is a
 GET /api/v1/tenant/resolve 200 in 3ms (next.js: 0.6ms, application-code: 3ms)
[rateLimit] Redis error, failing open: Error: Stream isn't writeable and enableOfflineQueue options is false
    at new Promise (<anonymous>)
    at checkRateLimit (src/lib/rateLimit.ts:57:39)
    at requireInternalAuth (src/lib/internalAuth.ts:92:25)
    at async GET (src/app/api/v1/tenant/resolve/route.ts:10:27)
  55 |
  56 |   try {
> 57 |     await getLimiter(pointsPerMinute).consume(companyId, 1);
     |                                       ^
  58 |   } catch (err) {
  59 |     // rate-limiter-flexible throws a RateLimiterRes (has msBeforeNext) when
  60 |     // the limit is actually exceeded; anything else (e.g. Redis down) is a
 GET /api/v1/tenant/resolve 200 in 3ms (next.js: 0.4ms, application-code: 2ms)
[rateLimit] Redis error, failing open: Error: Stream isn't writeable and enableOfflineQueue options is false
    at new Promise (<anonymous>)
    at checkRateLimit (src/lib/rateLimit.ts:57:39)
    at requireInternalAuth (src/lib/internalAuth.ts:92:25)
    at async GET (src/app/api/v1/portal-settings/[companyId]/route.ts:16:22)
  55 |
  56 |   try {
> 57 |     await getLimiter(pointsPerMinute).consume(companyId, 1);
     |                                       ^
  58 |   } catch (err) {
  59 |     // rate-limiter-flexible throws a RateLimiterRes (has msBeforeNext) when
  60 |     // the limit is actually exceeded; anything else (e.g. Redis down) is a
 GET /api/v1/portal-settings/cmtgb04gr000a0bv35evd9ya5 200 in 3ms (next.js: 0.4ms, application-code: 2ms)
[rateLimit] Redis connection error: 
[rateLimit] Redis connection error: 
[rateLimit] Redis connection error: 
[rateLimit] Redis connection error: 
[rateLimit] Redis connection error: 
[rateLimit] Redis error, failing open: Error: Stream isn't writeable and enableOfflineQueue options is false
    at new Promise (<anonymous>)
    at checkRateLimit (src/lib/rateLimit.ts:57:39)
    at requireInternalAuth (src/lib/internalAuth.ts:92:25)
    at async POST (src/app/api/v1/auth/login/route.ts:32:22)
  55 |
  56 |   try {
> 57 |     await getLimiter(pointsPerMinute).consume(companyId, 1);
     |                                       ^
  58 |   } catch (err) {
  59 |     // rate-limiter-flexible throws a RateLimiterRes (has msBeforeNext) when
  60 |     // the limit is actually exceeded; anything else (e.g. Redis down) is a
 POST /api/v1/auth/login 200 in 61ms (next.js: 1.0ms, application-code: 61ms)
[rateLimit] Redis connection error: 
[rateLimit] Redis error, failing open: Error: Stream isn't writeable and enableOfflineQueue options is false
    at new Promise (<anonymous>)
    at checkRateLimit (src/lib/rateLimit.ts:57:39)
    at requireInternalAuth (src/lib/internalAuth.ts:92:25)
    at async POST (src/app/api/v1/auth/login/route.ts:32:22)
  55 |
  56 |   try {
> 57 |     await getLimiter(pointsPerMinute).consume(companyId, 1);
     |                                       ^
  58 |   } catch (err) {
  59 |     // rate-limiter-flexible throws a RateLimiterRes (has msBeforeNext) when
  60 |     // the limit is actually exceeded; anything else (e.g. Redis down) is a
 POST /api/v1/auth/login 200 in 62ms (next.js: 1.3ms, application-code: 60ms)
[rateLimit] Redis error, failing open: Error: Stream isn't writeable and enableOfflineQueue options is false
    at new Promise (<anonymous>)
    at checkRateLimit (src/lib/rateLimit.ts:57:39)
    at requireInternalAuth (src/lib/internalAuth.ts:92:25)
    at async POST (src/app/api/v1/auth/login/route.ts:32:22)
  55 |
  56 |   try {
> 57 |     await getLimiter(pointsPerMinute).consume(companyId, 1);
     |                                       ^
  58 |   } catch (err) {
  59 |     // rate-limiter-flexible throws a RateLimiterRes (has msBeforeNext) when
  60 |     // the limit is actually exceeded; anything else (e.g. Redis down) is a
 POST /api/v1/auth/login 200 in 59ms (next.js: 0.6ms, application-code: 58ms)
[rateLimit] Redis error, failing open: Error: Stream isn't writeable and enableOfflineQueue options is false
    at new Promise (<anonymous>)
    at checkRateLimit (src/lib/rateLimit.ts:57:39)
    at requireInternalAuth (src/lib/internalAuth.ts:92:25)
    at async POST (src/app/api/v1/auth/login/route.ts:32:22)
  55 |
  56 |   try {
> 57 |     await getLimiter(pointsPerMinute).consume(companyId, 1);
     |                                       ^
  58 |   } catch (err) {
  59 |     // rate-limiter-flexible throws a RateLimiterRes (has msBeforeNext) when
  60 |     // the limit is actually exceeded; anything else (e.g. Redis down) is a
 POST /api/v1/auth/login 200 in 82ms (next.js: 0.7ms, application-code: 81ms)
[rateLimit] Redis error, failing open: Error: Stream isn't writeable and enableOfflineQueue options is false
    at new Promise (<anonymous>)
    at checkRateLimit (src/lib/rateLimit.ts:57:39)
    at requireInternalAuth (src/lib/internalAuth.ts:92:25)
    at async GET (src/app/api/v1/tenant/api-key/route.ts:13:44)
  55 |
  56 |   try {
> 57 |     await getLimiter(pointsPerMinute).consume(companyId, 1);
     |                                       ^
  58 |   } catch (err) {
  59 |     // rate-limiter-flexible throws a RateLimiterRes (has msBeforeNext) when
  60 |     // the limit is actually exceeded; anything else (e.g. Redis down) is a
 GET /api/v1/tenant/api-key 200 in 27ms (next.js: 19ms, application-code: 8ms)
[rateLimit] Redis error, failing open: Error: Stream isn't writeable and enableOfflineQueue options is false
    at new Promise (<anonymous>)
    at checkRateLimit (src/lib/rateLimit.ts:57:39)
    at requireInternalAuth (src/lib/internalAuth.ts:92:25)
    at async GET (src/app/api/v1/tenant/resolve/route.ts:10:27)
  55 |
  56 |   try {
> 57 |     await getLimiter(pointsPerMinute).consume(companyId, 1);
     |                                       ^
  58 |   } catch (err) {
  59 |     // rate-limiter-flexible throws a RateLimiterRes (has msBeforeNext) when
  60 |     // the limit is actually exceeded; anything else (e.g. Redis down) is a
 GET /api/v1/tenant/resolve 200 in 5ms (next.js: 1.3ms, application-code: 4ms)
[rateLimit] Redis error, failing open: Error: Stream isn't writeable and enableOfflineQueue options is false
    at new Promise (<anonymous>)
    at checkRateLimit (src/lib/rateLimit.ts:57:39)
    at requireInternalAuth (src/lib/internalAuth.ts:92:25)
    at async GET (src/app/api/v1/tenant/resolve/route.ts:10:27)
  55 |
  56 |   try {
> 57 |     await getLimiter(pointsPerMinute).consume(companyId, 1);
     |                                       ^
  58 |   } catch (err) {
  59 |     // rate-limiter-flexible throws a RateLimiterRes (has msBeforeNext) when
  60 |     // the limit is actually exceeded; anything else (e.g. Redis down) is a
 GET /api/v1/tenant/resolve 200 in 4ms (next.js: 0.7ms, application-code: 3ms)
[rateLimit] Redis error, failing open: Error: Stream isn't writeable and enableOfflineQueue options is false
    at new Promise (<anonymous>)
    at checkRateLimit (src/lib/rateLimit.ts:57:39)
    at requireInternalAuth (src/lib/internalAuth.ts:92:25)
    at async GET (src/app/api/v1/portal-settings/[companyId]/route.ts:16:22)
  55 |
  56 |   try {
> 57 |     await getLimiter(pointsPerMinute).consume(companyId, 1);
     |                                       ^
  58 |   } catch (err) {
  59 |     // rate-limiter-flexible throws a RateLimiterRes (has msBeforeNext) when
  60 |     // the limit is actually exceeded; anything else (e.g. Redis down) is a
[rateLimit] Redis error, failing open: Error: Stream isn't writeable and enableOfflineQueue options is false
    at new Promise (<anonymous>)
    at checkRateLimit (src/lib/rateLimit.ts:57:39)
    at requireInternalAuth (src/lib/internalAuth.ts:92:25)
    at async GET (src/app/api/v1/tenant/api-key/route.ts:13:44)
  55 |
  56 |   try {
> 57 |     await getLimiter(pointsPerMinute).consume(companyId, 1);
     |                                       ^
  58 |   } catch (err) {
  59 |     // rate-limiter-flexible throws a RateLimiterRes (has msBeforeNext) when
  60 |     // the limit is actually exceeded; anything else (e.g. Redis down) is a
 GET /api/v1/portal-settings/cmtgb040d00000bv3pa01rwb1 200 in 8ms (next.js: 3ms, application-code: 6ms)
 GET /api/v1/tenant/api-key 200 in 8ms (next.js: 4ms, application-code: 4ms)
[rateLimit] Redis error, failing open: Error: Stream isn't writeable and enableOfflineQueue options is false
    at new Promise (<anonymous>)
    at checkRateLimit (src/lib/rateLimit.ts:57:39)
    at requireInternalAuth (src/lib/internalAuth.ts:92:25)
    at async GET (src/app/api/v1/tenant/resolve/route.ts:10:27)
  55 |
  56 |   try {
> 57 |     await getLimiter(pointsPerMinute).consume(companyId, 1);
     |                                       ^
  58 |   } catch (err) {
  59 |     // rate-limiter-flexible throws a RateLimiterRes (has msBeforeNext) when
  60 |     // the limit is actually exceeded; anything else (e.g. Redis down) is a
 GET /api/v1/tenant/resolve 200 in 3ms (next.js: 0.5ms, application-code: 3ms)
[rateLimit] Redis error, failing open: Error: Stream isn't writeable and enableOfflineQueue options is false
    at new Promise (<anonymous>)
    at checkRateLimit (src/lib/rateLimit.ts:57:39)
    at requireInternalAuth (src/lib/internalAuth.ts:92:25)
    at async GET (src/app/api/v1/tenant/resolve/route.ts:10:27)
  55 |
  56 |   try {
> 57 |     await getLimiter(pointsPerMinute).consume(companyId, 1);
     |                                       ^
  58 |   } catch (err) {
  59 |     // rate-limiter-flexible throws a RateLimiterRes (has msBeforeNext) when
  60 |     // the limit is actually exceeded; anything else (e.g. Redis down) is a
 GET /api/v1/tenant/resolve 200 in 3ms (next.js: 0.5ms, application-code: 2ms)
[rateLimit] Redis error, failing open: Error: Stream isn't writeable and enableOfflineQueue options is false
    at new Promise (<anonymous>)
    at checkRateLimit (src/lib/rateLimit.ts:57:39)
    at requireInternalAuth (src/lib/internalAuth.ts:92:25)
    at async GET (src/app/api/v1/portal-settings/[companyId]/route.ts:16:22)
  55 |
  56 |   try {
> 57 |     await getLimiter(pointsPerMinute).consume(companyId, 1);
     |                                       ^
  58 |   } catch (err) {
  59 |     // rate-limiter-flexible throws a RateLimiterRes (has msBeforeNext) when
  60 |     // the limit is actually exceeded; anything else (e.g. Redis down) is a
 GET /api/v1/portal-settings/cmtgb04al00050bv3rt10npd9 200 in 3ms (next.js: 0.4ms, application-code: 3ms)
[rateLimit] Redis error, failing open: Error: Stream isn't writeable and enableOfflineQueue options is false
    at new Promise (<anonymous>)
    at checkRateLimit (src/lib/rateLimit.ts:57:39)
    at requireInternalAuth (src/lib/internalAuth.ts:92:25)
    at async GET (src/app/api/v1/tenant/api-key/route.ts:13:44)
  55 |
  56 |   try {
> 57 |     await getLimiter(pointsPerMinute).consume(companyId, 1);
     |                                       ^
  58 |   } catch (err) {
  59 |     // rate-limiter-flexible throws a RateLimiterRes (has msBeforeNext) when
  60 |     // the limit is actually exceeded; anything else (e.g. Redis down) is a
 GET /api/v1/tenant/api-key 200 in 4ms (next.js: 0.8ms, application-code: 3ms)
[rateLimit] Redis error, failing open: Error: Stream isn't writeable and enableOfflineQueue options is false
    at new Promise (<anonymous>)
    at checkRateLimit (src/lib/rateLimit.ts:57:39)
    at requireInternalAuth (src/lib/internalAuth.ts:92:25)
    at async GET (src/app/api/v1/tenant/resolve/route.ts:10:27)
  55 |
  56 |   try {
> 57 |     await getLimiter(pointsPerMinute).consume(companyId, 1);
     |                                       ^
  58 |   } catch (err) {
  59 |     // rate-limiter-flexible throws a RateLimiterRes (has msBeforeNext) when
  60 |     // the limit is actually exceeded; anything else (e.g. Redis down) is a
 GET /api/v1/tenant/resolve 200 in 3ms (next.js: 0.6ms, application-code: 3ms)
[rateLimit] Redis error, failing open: Error: Stream isn't writeable and enableOfflineQueue options is false
    at new Promise (<anonymous>)
    at checkRateLimit (src/lib/rateLimit.ts:57:39)
    at requireInternalAuth (src/lib/internalAuth.ts:92:25)
    at async GET (src/app/api/v1/tenant/resolve/route.ts:10:27)
  55 |
  56 |   try {
> 57 |     await getLimiter(pointsPerMinute).consume(companyId, 1);
     |                                       ^
  58 |   } catch (err) {
  59 |     // rate-limiter-flexible throws a RateLimiterRes (has msBeforeNext) when
  60 |     // the limit is actually exceeded; anything else (e.g. Redis down) is a
 GET /api/v1/tenant/resolve 200 in 3ms (next.js: 0.5ms, application-code: 2ms)
[rateLimit] Redis error, failing open: Error: Stream isn't writeable and enableOfflineQueue options is false
    at new Promise (<anonymous>)
    at checkRateLimit (src/lib/rateLimit.ts:57:39)
    at requireInternalAuth (src/lib/internalAuth.ts:92:25)
    at async GET (src/app/api/v1/portal-settings/[companyId]/route.ts:16:22)
  55 |
  56 |   try {
> 57 |     await getLimiter(pointsPerMinute).consume(companyId, 1);
     |                                       ^
  58 |   } catch (err) {
  59 |     // rate-limiter-flexible throws a RateLimiterRes (has msBeforeNext) when
  60 |     // the limit is actually exceeded; anything else (e.g. Redis down) is a
 GET /api/v1/portal-settings/cmtgb04gr000a0bv35evd9ya5 200 in 3ms (next.js: 0.5ms, application-code: 3ms)
[rateLimit] Redis connection error: 
[rateLimit] Redis connection error: 
[rateLimit] Redis connection error: 
[rateLimit] Redis connection error: 
[rateLimit] Redis connection error: 
[rateLimit] Redis connection error: 
[rateLimit] Redis error, failing open: Error: Stream isn't writeable and enableOfflineQueue options is false
    at new Promise (<anonymous>)
    at checkRateLimit (src/lib/rateLimit.ts:57:39)
    at requireInternalAuth (src/lib/internalAuth.ts:92:25)
    at async GET (src/app/api/v1/tenant/resolve/route.ts:10:27)
  55 |
  56 |   try {
> 57 |     await getLimiter(pointsPerMinute).consume(companyId, 1);
     |                                       ^
  58 |   } catch (err) {
  59 |     // rate-limiter-flexible throws a RateLimiterRes (has msBeforeNext) when
  60 |     // the limit is actually exceeded; anything else (e.g. Redis down) is a
 GET /api/v1/tenant/resolve 200 in 7ms (next.js: 1.9ms, application-code: 5ms)
[rateLimit] Redis error, failing open: Error: Stream isn't writeable and enableOfflineQueue options is false
    at new Promise (<anonymous>)
    at checkRateLimit (src/lib/rateLimit.ts:57:39)
    at requireInternalAuth (src/lib/internalAuth.ts:92:25)
    at async GET (src/app/api/v1/portal-settings/[companyId]/route.ts:16:22)
  55 |
  56 |   try {
> 57 |     await getLimiter(pointsPerMinute).consume(companyId, 1);
     |                                       ^
  58 |   } catch (err) {
  59 |     // rate-limiter-flexible throws a RateLimiterRes (has msBeforeNext) when
  60 |     // the limit is actually exceeded; anything else (e.g. Redis down) is a
 GET /api/v1/portal-settings/cmtgb040d00000bv3pa01rwb1 200 in 10ms (next.js: 2ms, application-code: 8ms)
[rateLimit] Redis error, failing open: Error: Stream isn't writeable and enableOfflineQueue options is false
    at new Promise (<anonymous>)
    at checkRateLimit (src/lib/rateLimit.ts:57:39)
    at requireInternalAuth (src/lib/internalAuth.ts:92:25)
    at async GET (src/app/api/v1/tenant/resolve/route.ts:10:27)
  55 |
  56 |   try {
> 57 |     await getLimiter(pointsPerMinute).consume(companyId, 1);
     |                                       ^
  58 |   } catch (err) {
  59 |     // rate-limiter-flexible throws a RateLimiterRes (has msBeforeNext) when
  60 |     // the limit is actually exceeded; anything else (e.g. Redis down) is a
 GET /api/v1/tenant/resolve 200 in 5ms (next.js: 1.2ms, application-code: 4ms)
[rateLimit] Redis error, failing open: Error: Stream isn't writeable and enableOfflineQueue options is false
    at new Promise (<anonymous>)
    at checkRateLimit (src/lib/rateLimit.ts:57:39)
    at requireInternalAuth (src/lib/internalAuth.ts:92:25)
    at async GET (src/app/api/v1/portal-settings/[companyId]/route.ts:16:22)
  55 |
  56 |   try {
> 57 |     await getLimiter(pointsPerMinute).consume(companyId, 1);
     |                                       ^
  58 |   } catch (err) {
  59 |     // rate-limiter-flexible throws a RateLimiterRes (has msBeforeNext) when
  60 |     // the limit is actually exceeded; anything else (e.g. Redis down) is a
 GET /api/v1/portal-settings/cmtgb04gr000a0bv35evd9ya5 200 in 5ms (next.js: 1.0ms, application-code: 4ms)
[rateLimit] Redis error, failing open: Error: Stream isn't writeable and enableOfflineQueue options is false
    at new Promise (<anonymous>)
    at checkRateLimit (src/lib/rateLimit.ts:57:39)
    at requireInternalAuth (src/lib/internalAuth.ts:92:25)
    at async GET (src/app/api/v1/tenant/resolve/route.ts:10:27)
  55 |
  56 |   try {
> 57 |     await getLimiter(pointsPerMinute).consume(companyId, 1);
     |                                       ^
  58 |   } catch (err) {
  59 |     // rate-limiter-flexible throws a RateLimiterRes (has msBeforeNext) when
  60 |     // the limit is actually exceeded; anything else (e.g. Redis down) is a
 GET /api/v1/tenant/resolve 200 in 5ms (next.js: 0.9ms, application-code: 4ms)
[rateLimit] Redis error, failing open: Error: Stream isn't writeable and enableOfflineQueue options is false
    at new Promise (<anonymous>)
    at checkRateLimit (src/lib/rateLimit.ts:57:39)
    at requireInternalAuth (src/lib/internalAuth.ts:92:25)
    at async GET (src/app/api/v1/files/portal-settings/[companyId]/logo/route.ts:14:22)
  55 |
  56 |   try {
> 57 |     await getLimiter(pointsPerMinute).consume(companyId, 1);
     |                                       ^
  58 |   } catch (err) {
  59 |     // rate-limiter-flexible throws a RateLimiterRes (has msBeforeNext) when
  60 |     // the limit is actually exceeded; anything else (e.g. Redis down) is a
 GET /api/v1/files/portal-settings/cmtgb040d00000bv3pa01rwb1/logo 200 in 11ms (next.js: 3ms, application-code: 8ms)
[rateLimit] Redis error, failing open: Error: Stream isn't writeable and enableOfflineQueue options is false
    at new Promise (<anonymous>)
    at checkRateLimit (src/lib/rateLimit.ts:57:39)
    at requireInternalAuth (src/lib/internalAuth.ts:92:25)
    at async GET (src/app/api/v1/tenant/resolve/route.ts:10:27)
  55 |
  56 |   try {
> 57 |     await getLimiter(pointsPerMinute).consume(companyId, 1);
     |                                       ^
  58 |   } catch (err) {
  59 |     // rate-limiter-flexible throws a RateLimiterRes (has msBeforeNext) when
  60 |     // the limit is actually exceeded; anything else (e.g. Redis down) is a
 GET /api/v1/tenant/resolve 200 in 6ms (next.js: 1.3ms, application-code: 5ms)
[rateLimit] Redis error, failing open: Error: Stream isn't writeable and enableOfflineQueue options is false
    at new Promise (<anonymous>)
    at checkRateLimit (src/lib/rateLimit.ts:57:39)
    at requireInternalAuth (src/lib/internalAuth.ts:92:25)
    at async GET (src/app/api/v1/files/portal-settings/[companyId]/logo/route.ts:14:22)
  55 |
  56 |   try {
> 57 |     await getLimiter(pointsPerMinute).consume(companyId, 1);
     |                                       ^
  58 |   } catch (err) {
  59 |     // rate-limiter-flexible throws a RateLimiterRes (has msBeforeNext) when
  60 |     // the limit is actually exceeded; anything else (e.g. Redis down) is a
 GET /api/v1/files/portal-settings/cmtgb04gr000a0bv35evd9ya5/logo 200 in 8ms (next.js: 2ms, application-code: 6ms)
[rateLimit] Redis error, failing open: Error: Stream isn't writeable and enableOfflineQueue options is false
    at new Promise (<anonymous>)
    at checkRateLimit (src/lib/rateLimit.ts:57:39)
    at requireInternalAuth (src/lib/internalAuth.ts:92:25)
    at async GET (src/app/api/v1/tenant/resolve/route.ts:10:27)
  55 |
  56 |   try {
> 57 |     await getLimiter(pointsPerMinute).consume(companyId, 1);
     |                                       ^
  58 |   } catch (err) {
  59 |     // rate-limiter-flexible throws a RateLimiterRes (has msBeforeNext) when
  60 |     // the limit is actually exceeded; anything else (e.g. Redis down) is a
 GET /api/v1/tenant/resolve 200 in 5ms (next.js: 0.8ms, application-code: 4ms)
[rateLimit] Redis error, failing open: Error: Stream isn't writeable and enableOfflineQueue options is false
    at new Promise (<anonymous>)
    at checkRateLimit (src/lib/rateLimit.ts:57:39)
    at requireInternalAuth (src/lib/internalAuth.ts:92:25)
    at async GET (src/app/api/v1/portal-settings/[companyId]/route.ts:16:22)
  55 |
  56 |   try {
> 57 |     await getLimiter(pointsPerMinute).consume(companyId, 1);
     |                                       ^
  58 |   } catch (err) {
  59 |     // rate-limiter-flexible throws a RateLimiterRes (has msBeforeNext) when
  60 |     // the limit is actually exceeded; anything else (e.g. Redis down) is a
 GET /api/v1/portal-settings/cmtgb04al00050bv3rt10npd9 200 in 5ms (next.js: 0.6ms, application-code: 4ms)
[rateLimit] Redis error, failing open: Error: Stream isn't writeable and enableOfflineQueue options is false
    at new Promise (<anonymous>)
    at checkRateLimit (src/lib/rateLimit.ts:57:39)
    at requireInternalAuth (src/lib/internalAuth.ts:92:25)
    at async GET (src/app/api/v1/tenant/resolve/route.ts:10:27)
  55 |
  56 |   try {
> 57 |     await getLimiter(pointsPerMinute).consume(companyId, 1);
     |                                       ^
  58 |   } catch (err) {
  59 |     // rate-limiter-flexible throws a RateLimiterRes (has msBeforeNext) when
  60 |     // the limit is actually exceeded; anything else (e.g. Redis down) is a
 GET /api/v1/tenant/resolve 200 in 8ms (next.js: 1.3ms, application-code: 7ms)
[rateLimit] Redis error, failing open: Error: Stream isn't writeable and enableOfflineQueue options is false
    at new Promise (<anonymous>)
    at checkRateLimit (src/lib/rateLimit.ts:57:39)
    at requireInternalAuth (src/lib/internalAuth.ts:92:25)
    at async GET (src/app/api/v1/files/portal-settings/[companyId]/favicon/route.ts:14:22)
  55 |
  56 |   try {
> 57 |     await getLimiter(pointsPerMinute).consume(companyId, 1);
     |                                       ^
  58 |   } catch (err) {
  59 |     // rate-limiter-flexible throws a RateLimiterRes (has msBeforeNext) when
  60 |     // the limit is actually exceeded; anything else (e.g. Redis down) is a
 GET /api/v1/files/portal-settings/cmtgb040d00000bv3pa01rwb1/favicon 200 in 11ms (next.js: 4ms, application-code: 7ms)
[rateLimit] Redis error, failing open: Error: Stream isn't writeable and enableOfflineQueue options is false
    at new Promise (<anonymous>)
    at checkRateLimit (src/lib/rateLimit.ts:57:39)
    at requireInternalAuth (src/lib/internalAuth.ts:92:25)
    at async GET (src/app/api/v1/tenant/resolve/route.ts:10:27)
  55 |
  56 |   try {
> 57 |     await getLimiter(pointsPerMinute).consume(companyId, 1);
     |                                       ^
  58 |   } catch (err) {
  59 |     // rate-limiter-flexible throws a RateLimiterRes (has msBeforeNext) when
  60 |     // the limit is actually exceeded; anything else (e.g. Redis down) is a
 GET /api/v1/tenant/resolve 200 in 7ms (next.js: 1.6ms, application-code: 6ms)
[rateLimit] Redis error, failing open: Error: Stream isn't writeable and enableOfflineQueue options is false
    at new Promise (<anonymous>)
    at checkRateLimit (src/lib/rateLimit.ts:57:39)
    at requireInternalAuth (src/lib/internalAuth.ts:92:25)
    at async GET (src/app/api/v1/files/portal-settings/[companyId]/logo/route.ts:14:22)
  55 |
  56 |   try {
> 57 |     await getLimiter(pointsPerMinute).consume(companyId, 1);
     |                                       ^
  58 |   } catch (err) {
  59 |     // rate-limiter-flexible throws a RateLimiterRes (has msBeforeNext) when
  60 |     // the limit is actually exceeded; anything else (e.g. Redis down) is a
 GET /api/v1/files/portal-settings/cmtgb04al00050bv3rt10npd9/logo 200 in 9ms (next.js: 1.1ms, application-code: 8ms)
[rateLimit] Redis error, failing open: Error: Stream isn't writeable and enableOfflineQueue options is false
    at new Promise (<anonymous>)
    at checkRateLimit (src/lib/rateLimit.ts:57:39)
    at requireInternalAuth (src/lib/internalAuth.ts:92:25)
    at async GET (src/app/api/v1/tenant/resolve/route.ts:10:27)
  55 |
  56 |   try {
> 57 |     await getLimiter(pointsPerMinute).consume(companyId, 1);
     |                                       ^
  58 |   } catch (err) {
  59 |     // rate-limiter-flexible throws a RateLimiterRes (has msBeforeNext) when
  60 |     // the limit is actually exceeded; anything else (e.g. Redis down) is a
 GET /api/v1/tenant/resolve 200 in 7ms (next.js: 0.7ms, application-code: 6ms)
[rateLimit] Redis error, failing open: Error: Stream isn't writeable and enableOfflineQueue options is false
    at new Promise (<anonymous>)
    at checkRateLimit (src/lib/rateLimit.ts:57:39)
    at requireInternalAuth (src/lib/internalAuth.ts:92:25)
    at async GET (src/app/api/v1/files/portal-settings/[companyId]/favicon/route.ts:14:22)
  55 |
  56 |   try {
> 57 |     await getLimiter(pointsPerMinute).consume(companyId, 1);
     |                                       ^
  58 |   } catch (err) {
  59 |     // rate-limiter-flexible throws a RateLimiterRes (has msBeforeNext) when
  60 |     // the limit is actually exceeded; anything else (e.g. Redis down) is a
 GET /api/v1/files/portal-settings/cmtgb04gr000a0bv35evd9ya5/favicon 200 in 7ms (next.js: 1.2ms, application-code: 6ms)
[rateLimit] Redis error, failing open: Error: Stream isn't writeable and enableOfflineQueue options is false
    at new Promise (<anonymous>)
    at checkRateLimit (src/lib/rateLimit.ts:57:39)
    at requireInternalAuth (src/lib/internalAuth.ts:92:25)
    at async GET (src/app/api/v1/tenant/resolve/route.ts:10:27)
  55 |
  56 |   try {
> 57 |     await getLimiter(pointsPerMinute).consume(companyId, 1);
     |                                       ^
  58 |   } catch (err) {
  59 |     // rate-limiter-flexible throws a RateLimiterRes (has msBeforeNext) when
  60 |     // the limit is actually exceeded; anything else (e.g. Redis down) is a
 GET /api/v1/tenant/resolve 200 in 5ms (next.js: 1.0ms, application-code: 3ms)
[rateLimit] Redis error, failing open: Error: Stream isn't writeable and enableOfflineQueue options is false
    at new Promise (<anonymous>)
    at checkRateLimit (src/lib/rateLimit.ts:57:39)
    at requireInternalAuth (src/lib/internalAuth.ts:92:25)
    at async GET (src/app/api/v1/files/portal-settings/[companyId]/favicon/route.ts:14:22)
  55 |
  56 |   try {
> 57 |     await getLimiter(pointsPerMinute).consume(companyId, 1);
     |                                       ^
  58 |   } catch (err) {
  59 |     // rate-limiter-flexible throws a RateLimiterRes (has msBeforeNext) when
  60 |     // the limit is actually exceeded; anything else (e.g. Redis down) is a
 GET /api/v1/files/portal-settings/cmtgb04al00050bv3rt10npd9/favicon 200 in 13ms (next.js: 1.6ms, application-code: 12ms)
[rateLimit] Redis connection error: 
[rateLimit] Redis connection error: 
[rateLimit] Redis error, failing open: Error: Stream isn't writeable and enableOfflineQueue options is false
    at new Promise (<anonymous>)
    at checkRateLimit (src/lib/rateLimit.ts:57:39)
    at requireInternalAuth (src/lib/internalAuth.ts:92:25)
    at async POST (src/app/api/v1/auth/login/route.ts:32:22)
  55 |
  56 |   try {
> 57 |     await getLimiter(pointsPerMinute).consume(companyId, 1);
     |                                       ^
  58 |   } catch (err) {
  59 |     // rate-limiter-flexible throws a RateLimiterRes (has msBeforeNext) when
  60 |     // the limit is actually exceeded; anything else (e.g. Redis down) is a
 POST /api/v1/auth/login 200 in 68ms (next.js: 1.4ms, application-code: 66ms)
[rateLimit] Redis error, failing open: Error: Stream isn't writeable and enableOfflineQueue options is false
    at new Promise (<anonymous>)
    at checkRateLimit (src/lib/rateLimit.ts:57:39)
    at requireInternalAuth (src/lib/internalAuth.ts:92:25)
    at async GET (src/app/api/v1/tenant/resolve/route.ts:10:27)
  55 |
  56 |   try {
> 57 |     await getLimiter(pointsPerMinute).consume(companyId, 1);
     |                                       ^
  58 |   } catch (err) {
  59 |     // rate-limiter-flexible throws a RateLimiterRes (has msBeforeNext) when
  60 |     // the limit is actually exceeded; anything else (e.g. Redis down) is a
 GET /api/v1/tenant/resolve 200 in 4ms (next.js: 0.7ms, application-code: 3ms)
[rateLimit] Redis error, failing open: Error: Stream isn't writeable and enableOfflineQueue options is false
    at new Promise (<anonymous>)
    at checkRateLimit (src/lib/rateLimit.ts:57:39)
    at requireInternalAuth (src/lib/internalAuth.ts:92:25)
    at async GET (src/app/api/v1/portal-settings/[companyId]/route.ts:16:22)
  55 |
  56 |   try {
> 57 |     await getLimiter(pointsPerMinute).consume(companyId, 1);
     |                                       ^
  58 |   } catch (err) {
  59 |     // rate-limiter-flexible throws a RateLimiterRes (has msBeforeNext) when
  60 |     // the limit is actually exceeded; anything else (e.g. Redis down) is a
 GET /api/v1/portal-settings/cmtgb040d00000bv3pa01rwb1 200 in 5ms (next.js: 1.8ms, application-code: 3ms)
[rateLimit] Redis error, failing open: Error: Stream isn't writeable and enableOfflineQueue options is false
    at new Promise (<anonymous>)
    at checkRateLimit (src/lib/rateLimit.ts:57:39)
    at requireInternalAuth (src/lib/internalAuth.ts:92:25)
    at async GET (src/app/api/v1/portal-users/[id]/route.ts:13:22)
  55 |
  56 |   try {
> 57 |     await getLimiter(pointsPerMinute).consume(companyId, 1);
     |                                       ^
  58 |   } catch (err) {
  59 |     // rate-limiter-flexible throws a RateLimiterRes (has msBeforeNext) when
  60 |     // the limit is actually exceeded; anything else (e.g. Redis down) is a
 GET /api/v1/portal-users/cmtgb4ndy001d0b7ys1fzvnhl 200 in 8ms (next.js: 1.8ms, application-code: 6ms)
[rateLimit] Redis error, failing open: Error: Stream isn't writeable and enableOfflineQueue options is false
    at new Promise (<anonymous>)
    at checkRateLimit (src/lib/rateLimit.ts:57:39)
    at requireInternalAuth (src/lib/internalAuth.ts:92:25)
    at async GET (src/app/api/v1/packages/route.ts:21:22)
  55 |
  56 |   try {
> 57 |     await getLimiter(pointsPerMinute).consume(companyId, 1);
     |                                       ^
  58 |   } catch (err) {
  59 |     // rate-limiter-flexible throws a RateLimiterRes (has msBeforeNext) when
  60 |     // the limit is actually exceeded; anything else (e.g. Redis down) is a
prisma:error 
Invalid `__TURBOPACK__imported__module__$5b$project$5d2f$src$2f$lib$2f$prisma$2e$ts__$5b$app$2d$route$5d$__$28$ecmascript$29$__["prisma"].package.findMany()` invocation in
/Users/deevexx/Documents/PROJECTS/freight-forwarder/api/.next/dev/server/chunks/[root-of-the-server]__1ia8c4e._.js:244:146

  241     } : {}
  242 };
  243 const [packages, total] = await Promise.all([
→ 244     __TURBOPACK__imported__module__$5b$project$5d2f$src$2f$lib$2f$prisma$2e$ts__$5b$app$2d$route$5d$__$28$ecmascript$29$__["prisma"].package.findMany(
Value 'LOGGER' not found in enum 'Role'
⨯ Error [PrismaClientUnknownRequestError]: 
Invalid `{imported module ./src/lib/prisma.ts}["prisma"].package.findMany()` invocation in
/Users/deevexx/Documents/PROJECTS/freight-forwarder/api/.next/dev/server/chunks/[root-of-the-server]__1ia8c4e._.js:244:146

  241     } : {}
  242 };
  243 const [packages, total] = await Promise.all([
→ 244     {imported module ./src/lib/prisma.ts}["prisma"].package.findMany(
Value 'LOGGER' not found in enum 'Role'
    at <unknown> (src/app/api/v1/packages/route.ts:65:20)
    at async GET (src/app/api/v1/packages/route.ts:64:29)
  63 |
  64 |   const [packages, total] = await Promise.all([
> 65 |     prisma.package.findMany({
     |                    ^
  66 |       where,
  67 |       orderBy: { createdAt: "desc" },
  68 |       include: packageInclude, {
  clientVersion: '6.19.3'
}
 GET /api/v1/packages?page=1&pageSize=25 500 in 10ms (next.js: 1.1ms, application-code: 9ms)
[rateLimit] Redis error, failing open: Error: Stream isn't writeable and enableOfflineQueue options is false
    at new Promise (<anonymous>)
    at checkRateLimit (src/lib/rateLimit.ts:57:39)
    at requireInternalAuth (src/lib/internalAuth.ts:92:25)
    at async GET (src/app/api/v1/tenant/resolve/route.ts:10:27)
  55 |
  56 |   try {
> 57 |     await getLimiter(pointsPerMinute).consume(companyId, 1);
     |                                       ^
  58 |   } catch (err) {
  59 |     // rate-limiter-flexible throws a RateLimiterRes (has msBeforeNext) when
  60 |     // the limit is actually exceeded; anything else (e.g. Redis down) is a
 GET /api/v1/tenant/resolve 200 in 3ms (next.js: 0.7ms, application-code: 3ms)
[rateLimit] Redis error, failing open: Error: Stream isn't writeable and enableOfflineQueue options is false
    at new Promise (<anonymous>)
    at checkRateLimit (src/lib/rateLimit.ts:57:39)
    at requireInternalAuth (src/lib/internalAuth.ts:92:25)
    at async GET (src/app/api/v1/portal-settings/[companyId]/route.ts:16:22)
  55 |
  56 |   try {
> 57 |     await getLimiter(pointsPerMinute).consume(companyId, 1);
     |                                       ^
  58 |   } catch (err) {
  59 |     // rate-limiter-flexible throws a RateLimiterRes (has msBeforeNext) when
  60 |     // the limit is actually exceeded; anything else (e.g. Redis down) is a
 GET /api/v1/portal-settings/cmtgb040d00000bv3pa01rwb1 200 in 6ms (next.js: 0.9ms, application-code: 5ms)
[rateLimit] Redis error, failing open: Error: Stream isn't writeable and enableOfflineQueue options is false
    at new Promise (<anonymous>)
    at checkRateLimit (src/lib/rateLimit.ts:57:39)
    at requireInternalAuth (src/lib/internalAuth.ts:92:25)
    at async GET (src/app/api/v1/portal-users/[id]/route.ts:13:22)
  55 |
  56 |   try {
> 57 |     await getLimiter(pointsPerMinute).consume(companyId, 1);
     |                                       ^
  58 |   } catch (err) {
  59 |     // rate-limiter-flexible throws a RateLimiterRes (has msBeforeNext) when
  60 |     // the limit is actually exceeded; anything else (e.g. Redis down) is a
 GET /api/v1/portal-users/cmtgb4ndy001d0b7ys1fzvnhl 200 in 7ms (next.js: 0.8ms, application-code: 7ms)
[rateLimit] Redis error, failing open: Error: Stream isn't writeable and enableOfflineQueue options is false
    at new Promise (<anonymous>)
    at checkRateLimit (src/lib/rateLimit.ts:57:39)
    at requireInternalAuth (src/lib/internalAuth.ts:92:25)
    at async GET (src/app/api/v1/packages/route.ts:21:22)
  55 |
  56 |   try {
> 57 |     await getLimiter(pointsPerMinute).consume(companyId, 1);
     |                                       ^
  58 |   } catch (err) {
  59 |     // rate-limiter-flexible throws a RateLimiterRes (has msBeforeNext) when
  60 |     // the limit is actually exceeded; anything else (e.g. Redis down) is a
prisma:error 
Invalid `__TURBOPACK__imported__module__$5b$project$5d2f$src$2f$lib$2f$prisma$2e$ts__$5b$app$2d$route$5d$__$28$ecmascript$29$__["prisma"].package.findMany()` invocation in
/Users/deevexx/Documents/PROJECTS/freight-forwarder/api/.next/dev/server/chunks/[root-of-the-server]__1ia8c4e._.js:244:146

  241     } : {}
  242 };
  243 const [packages, total] = await Promise.all([
→ 244     __TURBOPACK__imported__module__$5b$project$5d2f$src$2f$lib$2f$prisma$2e$ts__$5b$app$2d$route$5d$__$28$ecmascript$29$__["prisma"].package.findMany(
Value 'LOGGER' not found in enum 'Role'
⨯ Error [PrismaClientUnknownRequestError]: 
Invalid `{imported module ./src/lib/prisma.ts}["prisma"].package.findMany()` invocation in
/Users/deevexx/Documents/PROJECTS/freight-forwarder/api/.next/dev/server/chunks/[root-of-the-server]__1ia8c4e._.js:244:146

  241     } : {}
  242 };
  243 const [packages, total] = await Promise.all([
→ 244     {imported module ./src/lib/prisma.ts}["prisma"].package.findMany(
Value 'LOGGER' not found in enum 'Role'
    at <unknown> (src/app/api/v1/packages/route.ts:65:20)
    at async GET (src/app/api/v1/packages/route.ts:64:29)
  63 |
  64 |   const [packages, total] = await Promise.all([
> 65 |     prisma.package.findMany({
     |                    ^
  66 |       where,
  67 |       orderBy: { createdAt: "desc" },
  68 |       include: packageInclude, {
  clientVersion: '6.19.3'
}
 GET /api/v1/packages?page=1&pageSize=25 500 in 9ms (next.js: 4ms, application-code: 6ms)
[rateLimit] Redis connection error: 
[rateLimit] Redis connection error: 
[rateLimit] Redis connection error: 
[rateLimit] Redis connection error: 
[rateLimit] Redis error, failing open: Error: Stream isn't writeable and enableOfflineQueue options is false
    at new Promise (<anonymous>)
    at checkRateLimit (src/lib/rateLimit.ts:57:39)
    at requireInternalAuth (src/lib/internalAuth.ts:92:25)
    at async GET (src/app/api/v1/tenant/resolve/route.ts:10:27)
  55 |
  56 |   try {
> 57 |     await getLimiter(pointsPerMinute).consume(companyId, 1);
     |                                       ^
  58 |   } catch (err) {
  59 |     // rate-limiter-flexible throws a RateLimiterRes (has msBeforeNext) when
  60 |     // the limit is actually exceeded; anything else (e.g. Redis down) is a
 GET /api/v1/tenant/resolve 200 in 16ms (next.js: 4ms, application-code: 12ms)
[rateLimit] Redis error, failing open: Error: Stream isn't writeable and enableOfflineQueue options is false
    at new Promise (<anonymous>)
    at checkRateLimit (src/lib/rateLimit.ts:57:39)
    at requireInternalAuth (src/lib/internalAuth.ts:92:25)
    at async GET (src/app/api/v1/tenant/resolve/route.ts:10:27)
  55 |
  56 |   try {
> 57 |     await getLimiter(pointsPerMinute).consume(companyId, 1);
     |                                       ^
  58 |   } catch (err) {
  59 |     // rate-limiter-flexible throws a RateLimiterRes (has msBeforeNext) when
  60 |     // the limit is actually exceeded; anything else (e.g. Redis down) is a
 GET /api/v1/tenant/resolve 200 in 16ms (next.js: 7ms, application-code: 9ms)
[rateLimit] Redis error, failing open: Error: Stream isn't writeable and enableOfflineQueue options is false
    at new Promise (<anonymous>)
    at checkRateLimit (src/lib/rateLimit.ts:57:39)
    at requireInternalAuth (src/lib/internalAuth.ts:92:25)
    at async GET (src/app/api/v1/tenant/resolve/route.ts:10:27)
  55 |
  56 |   try {
> 57 |     await getLimiter(pointsPerMinute).consume(companyId, 1);
     |                                       ^
  58 |   } catch (err) {
  59 |     // rate-limiter-flexible throws a RateLimiterRes (has msBeforeNext) when
  60 |     // the limit is actually exceeded; anything else (e.g. Redis down) is a
 GET /api/v1/tenant/resolve 200 in 5ms (next.js: 0.8ms, application-code: 4ms)
[rateLimit] Redis error, failing open: Error: Stream isn't writeable and enableOfflineQueue options is false
    at new Promise (<anonymous>)
    at checkRateLimit (src/lib/rateLimit.ts:57:39)
    at requireInternalAuth (src/lib/internalAuth.ts:92:25)
    at async GET (src/app/api/v1/tenant/resolve/route.ts:10:27)
  55 |
  56 |   try {
> 57 |     await getLimiter(pointsPerMinute).consume(companyId, 1);
     |                                       ^
  58 |   } catch (err) {
  59 |     // rate-limiter-flexible throws a RateLimiterRes (has msBeforeNext) when
  60 |     // the limit is actually exceeded; anything else (e.g. Redis down) is a
 GET /api/v1/tenant/resolve 200 in 7ms (next.js: 3ms, application-code: 4ms)
[rateLimit] Redis error, failing open: Error: Stream isn't writeable and enableOfflineQueue options is false
    at new Promise (<anonymous>)
    at checkRateLimit (src/lib/rateLimit.ts:57:39)
    at requireInternalAuth (src/lib/internalAuth.ts:92:25)
    at async GET (src/app/api/v1/portal-settings/[companyId]/route.ts:16:22)
  55 |
  56 |   try {
> 57 |     await getLimiter(pointsPerMinute).consume(companyId, 1);
     |                                       ^
  58 |   } catch (err) {
  59 |     // rate-limiter-flexible throws a RateLimiterRes (has msBeforeNext) when
  60 |     // the limit is actually exceeded; anything else (e.g. Redis down) is a
 GET /api/v1/portal-settings/cmtgb04al00050bv3rt10npd9 200 in 7ms (next.js: 2ms, application-code: 5ms)
[rateLimit] Redis error, failing open: Error: Stream isn't writeable and enableOfflineQueue options is false
    at new Promise (<anonymous>)
    at checkRateLimit (src/lib/rateLimit.ts:57:39)
    at requireInternalAuth (src/lib/internalAuth.ts:92:25)
    at async GET (src/app/api/v1/portal-settings/[companyId]/route.ts:16:22)
  55 |
  56 |   try {
> 57 |     await getLimiter(pointsPerMinute).consume(companyId, 1);
     |                                       ^
  58 |   } catch (err) {
  59 |     // rate-limiter-flexible throws a RateLimiterRes (has msBeforeNext) when
  60 |     // the limit is actually exceeded; anything else (e.g. Redis down) is a
 GET /api/v1/portal-settings/cmtgb040d00000bv3pa01rwb1 200 in 4ms (next.js: 0.9ms, application-code: 3ms)
[rateLimit] Redis error, failing open: Error: Stream isn't writeable and enableOfflineQueue options is false
    at new Promise (<anonymous>)
    at checkRateLimit (src/lib/rateLimit.ts:57:39)
    at requireInternalAuth (src/lib/internalAuth.ts:92:25)
    at async GET (src/app/api/v1/tenant/resolve/route.ts:10:27)
  55 |
  56 |   try {
> 57 |     await getLimiter(pointsPerMinute).consume(companyId, 1);
     |                                       ^
  58 |   } catch (err) {
  59 |     // rate-limiter-flexible throws a RateLimiterRes (has msBeforeNext) when
  60 |     // the limit is actually exceeded; anything else (e.g. Redis down) is a
 GET /api/v1/tenant/resolve 200 in 4ms (next.js: 0.7ms, application-code: 3ms)
[rateLimit] Redis error, failing open: Error: Stream isn't writeable and enableOfflineQueue options is false
    at new Promise (<anonymous>)
    at checkRateLimit (src/lib/rateLimit.ts:57:39)
    at requireInternalAuth (src/lib/internalAuth.ts:92:25)
    at async GET (src/app/api/v1/tenant/resolve/route.ts:10:27)
  55 |
  56 |   try {
> 57 |     await getLimiter(pointsPerMinute).consume(companyId, 1);
     |                                       ^
  58 |   } catch (err) {
  59 |     // rate-limiter-flexible throws a RateLimiterRes (has msBeforeNext) when
  60 |     // the limit is actually exceeded; anything else (e.g. Redis down) is a
 GET /api/v1/tenant/resolve 200 in 3ms (next.js: 0.7ms, application-code: 3ms)
[rateLimit] Redis error, failing open: Error: Stream isn't writeable and enableOfflineQueue options is false
    at new Promise (<anonymous>)
    at checkRateLimit (src/lib/rateLimit.ts:57:39)
    at requireInternalAuth (src/lib/internalAuth.ts:92:25)
    at async GET (src/app/api/v1/portal-settings/[companyId]/route.ts:16:22)
  55 |
  56 |   try {
> 57 |     await getLimiter(pointsPerMinute).consume(companyId, 1);
     |                                       ^
  58 |   } catch (err) {
  59 |     // rate-limiter-flexible throws a RateLimiterRes (has msBeforeNext) when
  60 |     // the limit is actually exceeded; anything else (e.g. Redis down) is a
 GET /api/v1/portal-settings/cmtgb04gr000a0bv35evd9ya5 200 in 4ms (next.js: 0.5ms, application-code: 3ms)
[rateLimit] Redis connection error: 
[?25h
