
> warehouse@0.1.0 dev
> next dev -p 3020

▲ Next.js 16.3.3 (Turbopack)
- Local:         http://localhost:3020
- Network:       http://192.168.1.254:3020
- Environments: .env
✓ Ready in 569ms
✓ Running next.config.ts took 129ms
○ Compiling proxy ...

[31m[auth][error][0m JWTSessionError: Read more at https://errors.authjs.dev#jwtsessionerror
[31m[auth][cause][0m: Error: no matching decryption secret
    at clockTolerance (/Users/deevexx/Documents/PROJECTS/freight-forwarder/warehouse/.next/dev/server/chunks/node_modules_@auth_core_1v8okbx._.js:484:15)
    at async decryptJWE (/Users/deevexx/Documents/PROJECTS/freight-forwarder/warehouse/.next/dev/server/chunks/node_modules_jose_dist_webapi_1oqzxyj._.js:977:40)
    at async jwtDecrypt (/Users/deevexx/Documents/PROJECTS/freight-forwarder/warehouse/.next/dev/server/chunks/node_modules_jose_dist_webapi_1oqzxyj._.js:98:38)
    at async Object.decode (/Users/deevexx/Documents/PROJECTS/freight-forwarder/warehouse/.next/dev/server/chunks/node_modules_@auth_core_1v8okbx._.js:474:25)
    at async Module.session (/Users/deevexx/Documents/PROJECTS/freight-forwarder/warehouse/.next/dev/server/chunks/node_modules_@auth_core_1v8okbx._.js:1940:29)
    at async AuthInternal (/Users/deevexx/Documents/PROJECTS/freight-forwarder/warehouse/.next/dev/server/chunks/node_modules_@auth_core_1v8okbx._.js:2494:24)
    at async Auth (/Users/deevexx/Documents/PROJECTS/freight-forwarder/warehouse/.next/dev/server/chunks/node_modules_@auth_core_1v8okbx._.js:350:34)
    at async handleAuth (/Users/deevexx/Documents/PROJECTS/freight-forwarder/warehouse/.next/dev/server/chunks/node_modules_0lozu53._.js:562:29)
    at async /Users/deevexx/Documents/PROJECTS/freight-forwarder/warehouse/.next/dev/server/chunks/node_modules_next_1jwlgir._.js:6101:20
    at async /Users/deevexx/Documents/PROJECTS/freight-forwarder/warehouse/.next/dev/server/chunks/node_modules_next_1jwlgir._.js:13309:28
    at async adapter (/Users/deevexx/Documents/PROJECTS/freight-forwarder/warehouse/.next/dev/server/chunks/node_modules_next_1jwlgir._.js:13248:16)
    at async DevServer.runMiddleware (/Users/deevexx/Documents/PROJECTS/freight-forwarder/warehouse/node_modules/next/dist/server/next-server.js:1206:26)
    at async DevServer.runMiddleware (/Users/deevexx/Documents/PROJECTS/freight-forwarder/warehouse/node_modules/next/dist/server/dev/next-dev-server.js:310:28)
    at async NextNodeServer.handleCatchallMiddlewareRequest (/Users/deevexx/Documents/PROJECTS/freight-forwarder/warehouse/node_modules/next/dist/server/next-server.js:392:26)
    at async DevServer.handleRequestImpl (/Users/deevexx/Documents/PROJECTS/freight-forwarder/warehouse/node_modules/next/dist/server/base-server.js:985:28)
    at async /Users/deevexx/Documents/PROJECTS/freight-forwarder/warehouse/node_modules/next/dist/server/dev/next-dev-server.js:426:20
    at async Span.traceAsyncFn (/Users/deevexx/Documents/PROJECTS/freight-forwarder/warehouse/node_modules/next/dist/trace/trace.js:164:20)
    at async DevServer.handleRequest (/Users/deevexx/Documents/PROJECTS/freight-forwarder/warehouse/node_modules/next/dist/server/dev/next-dev-server.js:422:24)
    at async handleRoute (/Users/deevexx/Documents/PROJECTS/freight-forwarder/warehouse/node_modules/next/dist/server/lib/router-utils/resolve-routes.js:369:33)
    at async resolveRoutes (/Users/deevexx/Documents/PROJECTS/freight-forwarder/warehouse/node_modules/next/dist/server/lib/router-utils/resolve-routes.js:625:28)
    at async handleRequest (/Users/deevexx/Documents/PROJECTS/freight-forwarder/warehouse/node_modules/next/dist/server/lib/router-server.js:354:96)
    at async requestHandlerImpl (/Users/deevexx/Documents/PROJECTS/freight-forwarder/warehouse/node_modules/next/dist/server/lib/router-server.js:565:13)
    at async Server.requestListener (/Users/deevexx/Documents/PROJECTS/freight-forwarder/warehouse/node_modules/next/dist/server/lib/start-server.js:225:13)
[31m[auth][details][0m: {}
○ Compiling /login ...
 GET /login?callbackUrl=http%3A%2F%2Flocalhost%3A3020%2Fdashboard 200 in 5.1s (next.js: 4.4s, proxy.ts: 4ms, application-code: 750ms)
 GET /api/auth/session 200 in 1268ms (next.js: 1243ms, application-code: 25ms)
 GET /api/auth/session 200 in 6ms (next.js: 3ms, application-code: 3ms)
 GET /api/auth/session 200 in 5ms (next.js: 1.2ms, application-code: 4ms)
 GET /api/auth/session 200 in 6ms (next.js: 2ms, application-code: 4ms)
 GET /api/auth/providers 200 in 56ms (next.js: 49ms, application-code: 8ms)
 GET /api/auth/csrf 200 in 4ms (next.js: 1.1ms, application-code: 3ms)
 POST /api/auth/callback/credentials? 200 in 368ms (next.js: 3ms, application-code: 365ms)
 GET /api/auth/session 200 in 6ms (next.js: 1.6ms, application-code: 5ms)
 GET /dashboard 200 in 1733ms (next.js: 1661ms, proxy.ts: 5ms, application-code: 66ms)
 GET /dashboard 200 in 48ms (next.js: 2ms, proxy.ts: 3ms, application-code: 42ms)
 GET /api/auth/csrf 200 in 89ms (next.js: 37ms, application-code: 52ms)
 POST /api/auth/signout 200 in 68ms (next.js: 10ms, application-code: 58ms)
 GET /login 200 in 204ms (next.js: 25ms, proxy.ts: 34ms, application-code: 145ms)
 GET /api/auth/session 200 in 25ms (next.js: 11ms, application-code: 14ms)
 GET /api/auth/session 200 in 30ms (next.js: 21ms, application-code: 10ms)
 GET /api/auth/session 200 in 9ms (next.js: 4ms, application-code: 5ms)
 GET /api/auth/session 200 in 7ms (next.js: 3ms, application-code: 4ms)
 GET /api/auth/providers 200 in 33ms (next.js: 25ms, application-code: 9ms)
 GET /api/auth/csrf 200 in 5ms (next.js: 1.7ms, application-code: 3ms)
 POST /api/auth/callback/credentials? 200 in 90ms (next.js: 1.2ms, application-code: 89ms)
 GET /api/auth/session 200 in 5ms (next.js: 0.9ms, application-code: 4ms)
 GET /dashboard 200 in 128ms (next.js: 87ms, proxy.ts: 5ms, application-code: 36ms)
 GET /dashboard 200 in 29ms (next.js: 2ms, proxy.ts: 3ms, application-code: 25ms)
  Reload env: .env
[31m[auth][error][0m JWTSessionError: Read more at https://errors.authjs.dev#jwtsessionerror
[31m[auth][cause][0m: Error: no matching decryption secret
    at clockTolerance (/Users/deevexx/Documents/PROJECTS/freight-forwarder/warehouse/.next/dev/server/chunks/node_modules_@auth_core_1v8okbx._.js:484:15)
    at async decryptJWE (/Users/deevexx/Documents/PROJECTS/freight-forwarder/warehouse/.next/dev/server/chunks/node_modules_jose_dist_webapi_1oqzxyj._.js:977:40)
    at async jwtDecrypt (/Users/deevexx/Documents/PROJECTS/freight-forwarder/warehouse/.next/dev/server/chunks/node_modules_jose_dist_webapi_1oqzxyj._.js:98:38)
    at async Object.decode (/Users/deevexx/Documents/PROJECTS/freight-forwarder/warehouse/.next/dev/server/chunks/node_modules_@auth_core_1v8okbx._.js:474:25)
    at async Module.session (/Users/deevexx/Documents/PROJECTS/freight-forwarder/warehouse/.next/dev/server/chunks/node_modules_@auth_core_1v8okbx._.js:1940:29)
    at async AuthInternal (/Users/deevexx/Documents/PROJECTS/freight-forwarder/warehouse/.next/dev/server/chunks/node_modules_@auth_core_1v8okbx._.js:2494:24)
    at async Auth (/Users/deevexx/Documents/PROJECTS/freight-forwarder/warehouse/.next/dev/server/chunks/node_modules_@auth_core_1v8okbx._.js:350:34)
    at async handleAuth (/Users/deevexx/Documents/PROJECTS/freight-forwarder/warehouse/.next/dev/server/chunks/node_modules_0lozu53._.js:562:29)
    at async /Users/deevexx/Documents/PROJECTS/freight-forwarder/warehouse/.next/dev/server/chunks/node_modules_next_1jwlgir._.js:6101:20
    at async /Users/deevexx/Documents/PROJECTS/freight-forwarder/warehouse/.next/dev/server/chunks/node_modules_next_1jwlgir._.js:13309:28
    at async adapter (/Users/deevexx/Documents/PROJECTS/freight-forwarder/warehouse/.next/dev/server/chunks/node_modules_next_1jwlgir._.js:13248:16)
    at async DevServer.runMiddleware (/Users/deevexx/Documents/PROJECTS/freight-forwarder/warehouse/node_modules/next/dist/server/next-server.js:1206:26)
    at async DevServer.runMiddleware (/Users/deevexx/Documents/PROJECTS/freight-forwarder/warehouse/node_modules/next/dist/server/dev/next-dev-server.js:310:28)
    at async NextNodeServer.handleCatchallMiddlewareRequest (/Users/deevexx/Documents/PROJECTS/freight-forwarder/warehouse/node_modules/next/dist/server/next-server.js:392:26)
    at async DevServer.handleRequestImpl (/Users/deevexx/Documents/PROJECTS/freight-forwarder/warehouse/node_modules/next/dist/server/base-server.js:985:28)
    at async /Users/deevexx/Documents/PROJECTS/freight-forwarder/warehouse/node_modules/next/dist/server/dev/next-dev-server.js:426:20
    at async Span.traceAsyncFn (/Users/deevexx/Documents/PROJECTS/freight-forwarder/warehouse/node_modules/next/dist/trace/trace.js:164:20)
    at async DevServer.handleRequest (/Users/deevexx/Documents/PROJECTS/freight-forwarder/warehouse/node_modules/next/dist/server/dev/next-dev-server.js:422:24)
    at async handleRoute (/Users/deevexx/Documents/PROJECTS/freight-forwarder/warehouse/node_modules/next/dist/server/lib/router-utils/resolve-routes.js:369:33)
    at async resolveRoutes (/Users/deevexx/Documents/PROJECTS/freight-forwarder/warehouse/node_modules/next/dist/server/lib/router-utils/resolve-routes.js:625:28)
    at async handleRequest (/Users/deevexx/Documents/PROJECTS/freight-forwarder/warehouse/node_modules/next/dist/server/lib/router-server.js:354:96)
    at async requestHandlerImpl (/Users/deevexx/Documents/PROJECTS/freight-forwarder/warehouse/node_modules/next/dist/server/lib/router-server.js:565:13)
    at async Server.requestListener (/Users/deevexx/Documents/PROJECTS/freight-forwarder/warehouse/node_modules/next/dist/server/lib/start-server.js:225:13)
[31m[auth][details][0m: {}
 GET /login?callbackUrl=http%3A%2F%2Flocalhost%3A3020%2Fdashboard 307 in 89ms (proxy.ts: 2ms)
 GET /login?callbackUrl=http%3A%2F%2Flocalhost%3A3020%2Fdashboard 200 in 27ms (next.js: 1.1ms, proxy.ts: 1.5ms, application-code: 25ms)
⨯ ./node_modules/@zxing/browser/esm/common/HTMLCanvasElementLuminanceSource.js:16:1
Error: Module not found: Can't resolve '@zxing/library'
  [90m14 |[0m ...
  [90m15 |[0m ...
[31m[1m>[0m [90m16 |[0m ...{ [33mIllegalArgumentException[0m, [33mInvertedLuminanceSource[0m, [33mLuminanceSource[0m, } [36mfrom[0m [32m'@zxing/li...[0m
  [90m   |[0m    [31m[1m^^^^^^^^^^^^^^^^^^^^^^^^^^^^^^^^^^^^^^^^^^^^^^^^^^^^^^^^^^^^^^^^^^^^^^^^^^^^^^^^^^^^^^^^^^[0m
  [90m17 |[0m ...
  [90m18 |[0m ...[33mLCanvasElementLuminanceSource[0m = [90m/** @class */[0m ([36mfunction[0m (_super) {
  [90m19 |[0m ...xtends([33mHTMLCanvasElementLuminanceSource[0m, _super);



Import traces:
  Client Component Browser:
    ./node_modules/@zxing/browser/esm/common/HTMLCanvasElementLuminanceSource.js [Client Component Browser]
    ./node_modules/@zxing/browser/esm/index.js [Client Component Browser]
    ./src/components/BarcodeCameraScanner.tsx [Client Component Browser]
    ./src/components/LogPackageModal.tsx [Client Component Browser]
    ./src/components/PackagesView.tsx [Client Component Browser]
    ./src/components/PackagesView.tsx [Server Component]
    ./src/app/dashboard/page.tsx [Server Component]

  Client Component SSR:
    ./node_modules/@zxing/browser/esm/common/HTMLCanvasElementLuminanceSource.js [Client Component SSR]
    ./node_modules/@zxing/browser/esm/index.js [Client Component SSR]
    ./src/components/BarcodeCameraScanner.tsx [Client Component SSR]
    ./src/components/LogPackageModal.tsx [Client Component SSR]
    ./src/components/PackagesView.tsx [Client Component SSR]
    ./src/components/PackagesView.tsx [Server Component]
    ./src/app/dashboard/page.tsx [Server Component]

https://nextjs.org/docs/messages/module-not-found


⨯ ./node_modules/@zxing/browser/esm/common/HTMLCanvasElementLuminanceSource.js:16:1
Error: Module not found: Can't resolve '@zxing/library'
  [90m14 |[0m ...
  [90m15 |[0m ...
[31m[1m>[0m [90m16 |[0m ...{ [33mIllegalArgumentException[0m, [33mInvertedLuminanceSource[0m, [33mLuminanceSource[0m, } [36mfrom[0m [32m'@zxing/li...[0m
  [90m   |[0m    [31m[1m^^^^^^^^^^^^^^^^^^^^^^^^^^^^^^^^^^^^^^^^^^^^^^^^^^^^^^^^^^^^^^^^^^^^^^^^^^^^^^^^^^^^^^^^^^[0m
  [90m17 |[0m ...
  [90m18 |[0m ...[33mLCanvasElementLuminanceSource[0m = [90m/** @class */[0m ([36mfunction[0m (_super) {
  [90m19 |[0m ...xtends([33mHTMLCanvasElementLuminanceSource[0m, _super);



Import traces:
  Client Component Browser:
    ./node_modules/@zxing/browser/esm/common/HTMLCanvasElementLuminanceSource.js [Client Component Browser]
    ./node_modules/@zxing/browser/esm/index.js [Client Component Browser]
    ./src/components/BarcodeCameraScanner.tsx [Client Component Browser]
    ./src/components/LogPackageModal.tsx [Client Component Browser]
    ./src/components/PackagesView.tsx [Client Component Browser]
    ./src/components/PackagesView.tsx [Server Component]
    ./src/app/dashboard/page.tsx [Server Component]

  Client Component SSR:
    ./node_modules/@zxing/browser/esm/common/HTMLCanvasElementLuminanceSource.js [Client Component SSR]
    ./node_modules/@zxing/browser/esm/index.js [Client Component SSR]
    ./src/components/BarcodeCameraScanner.tsx [Client Component SSR]
    ./src/components/LogPackageModal.tsx [Client Component SSR]
    ./src/components/PackagesView.tsx [Client Component SSR]
    ./src/components/PackagesView.tsx [Server Component]
    ./src/app/dashboard/page.tsx [Server Component]

https://nextjs.org/docs/messages/module-not-found


⨯ ./node_modules/@zxing/browser/esm/common/HTMLCanvasElementLuminanceSource.js:16:1
Error: Module not found: Can't resolve '@zxing/library'
  [90m14 |[0m ...
  [90m15 |[0m ...
[31m[1m>[0m [90m16 |[0m ...{ [33mIllegalArgumentException[0m, [33mInvertedLuminanceSource[0m, [33mLuminanceSource[0m, } [36mfrom[0m [32m'@zxing/li...[0m
  [90m   |[0m    [31m[1m^^^^^^^^^^^^^^^^^^^^^^^^^^^^^^^^^^^^^^^^^^^^^^^^^^^^^^^^^^^^^^^^^^^^^^^^^^^^^^^^^^^^^^^^^^[0m
  [90m17 |[0m ...
  [90m18 |[0m ...[33mLCanvasElementLuminanceSource[0m = [90m/** @class */[0m ([36mfunction[0m (_super) {
  [90m19 |[0m ...xtends([33mHTMLCanvasElementLuminanceSource[0m, _super);



Import traces:
  Client Component Browser:
    ./node_modules/@zxing/browser/esm/common/HTMLCanvasElementLuminanceSource.js [Client Component Browser]
    ./node_modules/@zxing/browser/esm/index.js [Client Component Browser]
    ./src/components/BarcodeCameraScanner.tsx [Client Component Browser]
    ./src/components/LogPackageModal.tsx [Client Component Browser]
    ./src/components/PackagesView.tsx [Client Component Browser]
    ./src/components/PackagesView.tsx [Server Component]
    ./src/app/dashboard/page.tsx [Server Component]

  Client Component SSR:
    ./node_modules/@zxing/browser/esm/common/HTMLCanvasElementLuminanceSource.js [Client Component SSR]
    ./node_modules/@zxing/browser/esm/index.js [Client Component SSR]
    ./src/components/BarcodeCameraScanner.tsx [Client Component SSR]
    ./src/components/LogPackageModal.tsx [Client Component SSR]
    ./src/components/PackagesView.tsx [Client Component SSR]
    ./src/components/PackagesView.tsx [Server Component]
    ./src/app/dashboard/page.tsx [Server Component]

https://nextjs.org/docs/messages/module-not-found


⨯ ./node_modules/@zxing/browser/esm/common/HTMLCanvasElementLuminanceSource.js:16:1
Error: Module not found: Can't resolve '@zxing/library'
  [90m14 |[0m ...
  [90m15 |[0m ...
[31m[1m>[0m [90m16 |[0m ...{ [33mIllegalArgumentException[0m, [33mInvertedLuminanceSource[0m, [33mLuminanceSource[0m, } [36mfrom[0m [32m'@zxing/li...[0m
  [90m   |[0m    [31m[1m^^^^^^^^^^^^^^^^^^^^^^^^^^^^^^^^^^^^^^^^^^^^^^^^^^^^^^^^^^^^^^^^^^^^^^^^^^^^^^^^^^^^^^^^^^[0m
  [90m17 |[0m ...
  [90m18 |[0m ...[33mLCanvasElementLuminanceSource[0m = [90m/** @class */[0m ([36mfunction[0m (_super) {
  [90m19 |[0m ...xtends([33mHTMLCanvasElementLuminanceSource[0m, _super);



Import traces:
  Client Component Browser:
    ./node_modules/@zxing/browser/esm/common/HTMLCanvasElementLuminanceSource.js [Client Component Browser]
    ./node_modules/@zxing/browser/esm/index.js [Client Component Browser]
    ./src/components/BarcodeCameraScanner.tsx [Client Component Browser]
    ./src/components/LogPackageModal.tsx [Client Component Browser]
    ./src/components/PackagesView.tsx [Client Component Browser]
    ./src/components/PackagesView.tsx [Server Component]
    ./src/app/dashboard/page.tsx [Server Component]

  Client Component SSR:
    ./node_modules/@zxing/browser/esm/common/HTMLCanvasElementLuminanceSource.js [Client Component SSR]
    ./node_modules/@zxing/browser/esm/index.js [Client Component SSR]
    ./src/components/BarcodeCameraScanner.tsx [Client Component SSR]
    ./src/components/LogPackageModal.tsx [Client Component SSR]
    ./src/components/PackagesView.tsx [Client Component SSR]
    ./src/components/PackagesView.tsx [Server Component]
    ./src/app/dashboard/page.tsx [Server Component]

https://nextjs.org/docs/messages/module-not-found


⨯ ./node_modules/@zxing/browser/esm/common/HTMLCanvasElementLuminanceSource.js:16:1
Error: Module not found: Can't resolve '@zxing/library'
  [90m14 |[0m ...
  [90m15 |[0m ...
[31m[1m>[0m [90m16 |[0m ...{ [33mIllegalArgumentException[0m, [33mInvertedLuminanceSource[0m, [33mLuminanceSource[0m, } [36mfrom[0m [32m'@zxing/li...[0m
  [90m   |[0m    [31m[1m^^^^^^^^^^^^^^^^^^^^^^^^^^^^^^^^^^^^^^^^^^^^^^^^^^^^^^^^^^^^^^^^^^^^^^^^^^^^^^^^^^^^^^^^^^[0m
  [90m17 |[0m ...
  [90m18 |[0m ...[33mLCanvasElementLuminanceSource[0m = [90m/** @class */[0m ([36mfunction[0m (_super) {
  [90m19 |[0m ...xtends([33mHTMLCanvasElementLuminanceSource[0m, _super);



Import traces:
  Client Component Browser:
    ./node_modules/@zxing/browser/esm/common/HTMLCanvasElementLuminanceSource.js [Client Component Browser]
    ./node_modules/@zxing/browser/esm/index.js [Client Component Browser]
    ./src/components/BarcodeCameraScanner.tsx [Client Component Browser]
    ./src/components/LogPackageModal.tsx [Client Component Browser]
    ./src/components/PackagesView.tsx [Client Component Browser]
    ./src/components/PackagesView.tsx [Server Component]
    ./src/app/dashboard/page.tsx [Server Component]

  Client Component SSR:
    ./node_modules/@zxing/browser/esm/common/HTMLCanvasElementLuminanceSource.js [Client Component SSR]
    ./node_modules/@zxing/browser/esm/index.js [Client Component SSR]
    ./src/components/BarcodeCameraScanner.tsx [Client Component SSR]
    ./src/components/LogPackageModal.tsx [Client Component SSR]
    ./src/components/PackagesView.tsx [Client Component SSR]
    ./src/components/PackagesView.tsx [Server Component]
    ./src/app/dashboard/page.tsx [Server Component]

https://nextjs.org/docs/messages/module-not-found


⨯ ./node_modules/@zxing/browser/esm/common/HTMLCanvasElementLuminanceSource.js:16:1
Error: Module not found: Can't resolve '@zxing/library'
  [90m14 |[0m ...
  [90m15 |[0m ...
[31m[1m>[0m [90m16 |[0m ...{ [33mIllegalArgumentException[0m, [33mInvertedLuminanceSource[0m, [33mLuminanceSource[0m, } [36mfrom[0m [32m'@zxing/li...[0m
  [90m   |[0m    [31m[1m^^^^^^^^^^^^^^^^^^^^^^^^^^^^^^^^^^^^^^^^^^^^^^^^^^^^^^^^^^^^^^^^^^^^^^^^^^^^^^^^^^^^^^^^^^[0m
  [90m17 |[0m ...
  [90m18 |[0m ...[33mLCanvasElementLuminanceSource[0m = [90m/** @class */[0m ([36mfunction[0m (_super) {
  [90m19 |[0m ...xtends([33mHTMLCanvasElementLuminanceSource[0m, _super);



Import traces:
  Client Component Browser:
    ./node_modules/@zxing/browser/esm/common/HTMLCanvasElementLuminanceSource.js [Client Component Browser]
    ./node_modules/@zxing/browser/esm/index.js [Client Component Browser]
    ./src/components/BarcodeCameraScanner.tsx [Client Component Browser]
    ./src/components/LogPackageModal.tsx [Client Component Browser]
    ./src/components/PackagesView.tsx [Client Component Browser]
    ./src/components/PackagesView.tsx [Server Component]
    ./src/app/dashboard/page.tsx [Server Component]

  Client Component SSR:
    ./node_modules/@zxing/browser/esm/common/HTMLCanvasElementLuminanceSource.js [Client Component SSR]
    ./node_modules/@zxing/browser/esm/index.js [Client Component SSR]
    ./src/components/BarcodeCameraScanner.tsx [Client Component SSR]
    ./src/components/LogPackageModal.tsx [Client Component SSR]
    ./src/components/PackagesView.tsx [Client Component SSR]
    ./src/components/PackagesView.tsx [Server Component]
    ./src/app/dashboard/page.tsx [Server Component]

https://nextjs.org/docs/messages/module-not-found


⨯ ./node_modules/@zxing/browser/esm/common/HTMLCanvasElementLuminanceSource.js:16:1
Error: Module not found: Can't resolve '@zxing/library'
  [90m14 |[0m ...
  [90m15 |[0m ...
[31m[1m>[0m [90m16 |[0m ...{ [33mIllegalArgumentException[0m, [33mInvertedLuminanceSource[0m, [33mLuminanceSource[0m, } [36mfrom[0m [32m'@zxing/li...[0m
  [90m   |[0m    [31m[1m^^^^^^^^^^^^^^^^^^^^^^^^^^^^^^^^^^^^^^^^^^^^^^^^^^^^^^^^^^^^^^^^^^^^^^^^^^^^^^^^^^^^^^^^^^[0m
  [90m17 |[0m ...
  [90m18 |[0m ...[33mLCanvasElementLuminanceSource[0m = [90m/** @class */[0m ([36mfunction[0m (_super) {
  [90m19 |[0m ...xtends([33mHTMLCanvasElementLuminanceSource[0m, _super);



Import traces:
  Client Component Browser:
    ./node_modules/@zxing/browser/esm/common/HTMLCanvasElementLuminanceSource.js [Client Component Browser]
    ./node_modules/@zxing/browser/esm/index.js [Client Component Browser]
    ./src/components/BarcodeCameraScanner.tsx [Client Component Browser]
    ./src/components/LogPackageModal.tsx [Client Component Browser]
    ./src/components/PackagesView.tsx [Client Component Browser]
    ./src/components/PackagesView.tsx [Server Component]
    ./src/app/dashboard/page.tsx [Server Component]

  Client Component SSR:
    ./node_modules/@zxing/browser/esm/common/HTMLCanvasElementLuminanceSource.js [Client Component SSR]
    ./node_modules/@zxing/browser/esm/index.js [Client Component SSR]
    ./src/components/BarcodeCameraScanner.tsx [Client Component SSR]
    ./src/components/LogPackageModal.tsx [Client Component SSR]
    ./src/components/PackagesView.tsx [Client Component SSR]
    ./src/components/PackagesView.tsx [Server Component]
    ./src/app/dashboard/page.tsx [Server Component]

https://nextjs.org/docs/messages/module-not-found


⨯ ./node_modules/@zxing/browser/esm/common/HTMLCanvasElementLuminanceSource.js:16:1
Error: Module not found: Can't resolve '@zxing/library'
  [90m14 |[0m ...
  [90m15 |[0m ...
[31m[1m>[0m [90m16 |[0m ...{ [33mIllegalArgumentException[0m, [33mInvertedLuminanceSource[0m, [33mLuminanceSource[0m, } [36mfrom[0m [32m'@zxing/li...[0m
  [90m   |[0m    [31m[1m^^^^^^^^^^^^^^^^^^^^^^^^^^^^^^^^^^^^^^^^^^^^^^^^^^^^^^^^^^^^^^^^^^^^^^^^^^^^^^^^^^^^^^^^^^[0m
  [90m17 |[0m ...
  [90m18 |[0m ...[33mLCanvasElementLuminanceSource[0m = [90m/** @class */[0m ([36mfunction[0m (_super) {
  [90m19 |[0m ...xtends([33mHTMLCanvasElementLuminanceSource[0m, _super);



Import traces:
  Client Component Browser:
    ./node_modules/@zxing/browser/esm/common/HTMLCanvasElementLuminanceSource.js [Client Component Browser]
    ./node_modules/@zxing/browser/esm/index.js [Client Component Browser]
    ./src/components/BarcodeCameraScanner.tsx [Client Component Browser]
    ./src/components/LogPackageModal.tsx [Client Component Browser]
    ./src/components/PackagesView.tsx [Client Component Browser]
    ./src/components/PackagesView.tsx [Server Component]
    ./src/app/dashboard/page.tsx [Server Component]

  Client Component SSR:
    ./node_modules/@zxing/browser/esm/common/HTMLCanvasElementLuminanceSource.js [Client Component SSR]
    ./node_modules/@zxing/browser/esm/index.js [Client Component SSR]
    ./src/components/BarcodeCameraScanner.tsx [Client Component SSR]
    ./src/components/LogPackageModal.tsx [Client Component SSR]
    ./src/components/PackagesView.tsx [Client Component SSR]
    ./src/components/PackagesView.tsx [Server Component]
    ./src/app/dashboard/page.tsx [Server Component]

https://nextjs.org/docs/messages/module-not-found


⨯ ./node_modules/@zxing/browser/esm/index.js:3:1
Error: Module not found: Can't resolve '@zxing/library'
  [90m1 |[0m [90m// public API[0m
  [90m2 |[0m [90m// core[0m
[31m[1m>[0m [90m3 |[0m [36mexport[0m { [33mBarcodeFormat[0m } [36mfrom[0m [32m'@zxing/library'[0m;
  [90m  |[0m [31m[1m^^^^^^^^^^^^^^^^^^^^^^^^^^^^^^^^^^^^^^^^^^^^^^^[0m
  [90m4 |[0m [90m// common[0m
  [90m5 |[0m [36mexport[0m * [36mfrom[0m [32m'./common/HTMLCanvasElementLuminanceSource'[0m;
  [90m6 |[0m [36mexport[0m * [36mfrom[0m [32m'./common/HTMLVisualMediaElement'[0m;



Import traces:
  Client Component Browser:
    ./node_modules/@zxing/browser/esm/index.js [Client Component Browser]
    ./src/components/BarcodeCameraScanner.tsx [Client Component Browser]
    ./src/components/LogPackageModal.tsx [Client Component Browser]
    ./src/components/PackagesView.tsx [Client Component Browser]
    ./src/components/PackagesView.tsx [Server Component]
    ./src/app/dashboard/page.tsx [Server Component]

  Client Component SSR:
    ./node_modules/@zxing/browser/esm/index.js [Client Component SSR]
    ./src/components/BarcodeCameraScanner.tsx [Client Component SSR]
    ./src/components/LogPackageModal.tsx [Client Component SSR]
    ./src/components/PackagesView.tsx [Client Component SSR]
    ./src/components/PackagesView.tsx [Server Component]
    ./src/app/dashboard/page.tsx [Server Component]

https://nextjs.org/docs/messages/module-not-found


⨯ ./node_modules/@zxing/browser/esm/index.js:3:1
Error: Module not found: Can't resolve '@zxing/library'
  [90m1 |[0m [90m// public API[0m
  [90m2 |[0m [90m// core[0m
[31m[1m>[0m [90m3 |[0m [36mexport[0m { [33mBarcodeFormat[0m } [36mfrom[0m [32m'@zxing/library'[0m;
  [90m  |[0m [31m[1m^^^^^^^^^^^^^^^^^^^^^^^^^^^^^^^^^^^^^^^^^^^^^^^[0m
  [90m4 |[0m [90m// common[0m
  [90m5 |[0m [36mexport[0m * [36mfrom[0m [32m'./common/HTMLCanvasElementLuminanceSource'[0m;
  [90m6 |[0m [36mexport[0m * [36mfrom[0m [32m'./common/HTMLVisualMediaElement'[0m;



Import traces:
  Client Component Browser:
    ./node_modules/@zxing/browser/esm/index.js [Client Component Browser]
    ./src/components/BarcodeCameraScanner.tsx [Client Component Browser]
    ./src/components/LogPackageModal.tsx [Client Component Browser]
    ./src/components/PackagesView.tsx [Client Component Browser]
    ./src/components/PackagesView.tsx [Server Component]
    ./src/app/dashboard/page.tsx [Server Component]

  Client Component SSR:
    ./node_modules/@zxing/browser/esm/index.js [Client Component SSR]
    ./src/components/BarcodeCameraScanner.tsx [Client Component SSR]
    ./src/components/LogPackageModal.tsx [Client Component SSR]
    ./src/components/PackagesView.tsx [Client Component SSR]
    ./src/components/PackagesView.tsx [Server Component]
    ./src/app/dashboard/page.tsx [Server Component]

https://nextjs.org/docs/messages/module-not-found


⨯ ./node_modules/@zxing/browser/esm/readers/BrowserAztecCodeReader.js:16:1
Error: Module not found: Can't resolve '@zxing/library'
  [90m14 |[0m     };
  [90m15 |[0m })();
[31m[1m>[0m [90m16 |[0m [36mimport[0m { [33mAztecCodeReader[0m } [36mfrom[0m [32m'@zxing/library'[0m;
  [90m   |[0m [31m[1m^^^^^^^^^^^^^^^^^^^^^^^^^^^^^^^^^^^^^^^^^^^^^^^^^[0m
  [90m17 |[0m [36mimport[0m { [33mBrowserCodeReader[0m } [36mfrom[0m [32m'./BrowserCodeReader'[0m;
  [90m18 |[0m /**
  [90m19 |[0m  * [33mAztec[0m [33mCode[0m reader to use [36mfrom[0m browser.



Import traces:
  Client Component Browser:
    ./node_modules/@zxing/browser/esm/readers/BrowserAztecCodeReader.js [Client Component Browser]
    ./node_modules/@zxing/browser/esm/index.js [Client Component Browser]
    ./src/components/BarcodeCameraScanner.tsx [Client Component Browser]
    ./src/components/LogPackageModal.tsx [Client Component Browser]
    ./src/components/PackagesView.tsx [Client Component Browser]
    ./src/components/PackagesView.tsx [Server Component]
    ./src/app/dashboard/page.tsx [Server Component]

  Client Component SSR:
    ./node_modules/@zxing/browser/esm/readers/BrowserAztecCodeReader.js [Client Component SSR]
    ./node_modules/@zxing/browser/esm/index.js [Client Component SSR]
    ./src/components/BarcodeCameraScanner.tsx [Client Component SSR]
    ./src/components/LogPackageModal.tsx [Client Component SSR]
    ./src/components/PackagesView.tsx [Client Component SSR]
    ./src/components/PackagesView.tsx [Server Component]
    ./src/app/dashboard/page.tsx [Server Component]

https://nextjs.org/docs/messages/module-not-found


⨯ ./node_modules/@zxing/browser/esm/readers/BrowserAztecCodeReader.js:16:1
Error: Module not found: Can't resolve '@zxing/library'
  [90m14 |[0m     };
  [90m15 |[0m })();
[31m[1m>[0m [90m16 |[0m [36mimport[0m { [33mAztecCodeReader[0m } [36mfrom[0m [32m'@zxing/library'[0m;
  [90m   |[0m [31m[1m^^^^^^^^^^^^^^^^^^^^^^^^^^^^^^^^^^^^^^^^^^^^^^^^^[0m
  [90m17 |[0m [36mimport[0m { [33mBrowserCodeReader[0m } [36mfrom[0m [32m'./BrowserCodeReader'[0m;
  [90m18 |[0m /**
  [90m19 |[0m  * [33mAztec[0m [33mCode[0m reader to use [36mfrom[0m browser.



Import traces:
  Client Component Browser:
    ./node_modules/@zxing/browser/esm/readers/BrowserAztecCodeReader.js [Client Component Browser]
    ./node_modules/@zxing/browser/esm/index.js [Client Component Browser]
    ./src/components/BarcodeCameraScanner.tsx [Client Component Browser]
    ./src/components/LogPackageModal.tsx [Client Component Browser]
    ./src/components/PackagesView.tsx [Client Component Browser]
    ./src/components/PackagesView.tsx [Server Component]
    ./src/app/dashboard/page.tsx [Server Component]

  Client Component SSR:
    ./node_modules/@zxing/browser/esm/readers/BrowserAztecCodeReader.js [Client Component SSR]
    ./node_modules/@zxing/browser/esm/index.js [Client Component SSR]
    ./src/components/BarcodeCameraScanner.tsx [Client Component SSR]
    ./src/components/LogPackageModal.tsx [Client Component SSR]
    ./src/components/PackagesView.tsx [Client Component SSR]
    ./src/components/PackagesView.tsx [Server Component]
    ./src/app/dashboard/page.tsx [Server Component]

https://nextjs.org/docs/messages/module-not-found


⨯ ./node_modules/@zxing/browser/esm/readers/BrowserAztecCodeReader.js:16:1
Error: Module not found: Can't resolve '@zxing/library'
  [90m14 |[0m     };
  [90m15 |[0m })();
[31m[1m>[0m [90m16 |[0m [36mimport[0m { [33mAztecCodeReader[0m } [36mfrom[0m [32m'@zxing/library'[0m;
  [90m   |[0m [31m[1m^^^^^^^^^^^^^^^^^^^^^^^^^^^^^^^^^^^^^^^^^^^^^^^^^[0m
  [90m17 |[0m [36mimport[0m { [33mBrowserCodeReader[0m } [36mfrom[0m [32m'./BrowserCodeReader'[0m;
  [90m18 |[0m /**
  [90m19 |[0m  * [33mAztec[0m [33mCode[0m reader to use [36mfrom[0m browser.



Import traces:
  Client Component Browser:
    ./node_modules/@zxing/browser/esm/readers/BrowserAztecCodeReader.js [Client Component Browser]
    ./node_modules/@zxing/browser/esm/index.js [Client Component Browser]
    ./src/components/BarcodeCameraScanner.tsx [Client Component Browser]
    ./src/components/LogPackageModal.tsx [Client Component Browser]
    ./src/components/PackagesView.tsx [Client Component Browser]
    ./src/components/PackagesView.tsx [Server Component]
    ./src/app/dashboard/page.tsx [Server Component]

  Client Component SSR:
    ./node_modules/@zxing/browser/esm/readers/BrowserAztecCodeReader.js [Client Component SSR]
    ./node_modules/@zxing/browser/esm/index.js [Client Component SSR]
    ./src/components/BarcodeCameraScanner.tsx [Client Component SSR]
    ./src/components/LogPackageModal.tsx [Client Component SSR]
    ./src/components/PackagesView.tsx [Client Component SSR]
    ./src/components/PackagesView.tsx [Server Component]
    ./src/app/dashboard/page.tsx [Server Component]

https://nextjs.org/docs/messages/module-not-found


⨯ ./node_modules/@zxing/browser/esm/readers/BrowserAztecCodeReader.js:16:1
Error: Module not found: Can't resolve '@zxing/library'
  [90m14 |[0m     };
  [90m15 |[0m })();
[31m[1m>[0m [90m16 |[0m [36mimport[0m { [33mAztecCodeReader[0m } [36mfrom[0m [32m'@zxing/library'[0m;
  [90m   |[0m [31m[1m^^^^^^^^^^^^^^^^^^^^^^^^^^^^^^^^^^^^^^^^^^^^^^^^^[0m
  [90m17 |[0m [36mimport[0m { [33mBrowserCodeReader[0m } [36mfrom[0m [32m'./BrowserCodeReader'[0m;
  [90m18 |[0m /**
  [90m19 |[0m  * [33mAztec[0m [33mCode[0m reader to use [36mfrom[0m browser.



Import traces:
  Client Component Browser:
    ./node_modules/@zxing/browser/esm/readers/BrowserAztecCodeReader.js [Client Component Browser]
    ./node_modules/@zxing/browser/esm/index.js [Client Component Browser]
    ./src/components/BarcodeCameraScanner.tsx [Client Component Browser]
    ./src/components/LogPackageModal.tsx [Client Component Browser]
    ./src/components/PackagesView.tsx [Client Component Browser]
    ./src/components/PackagesView.tsx [Server Component]
    ./src/app/dashboard/page.tsx [Server Component]

  Client Component SSR:
    ./node_modules/@zxing/browser/esm/readers/BrowserAztecCodeReader.js [Client Component SSR]
    ./node_modules/@zxing/browser/esm/index.js [Client Component SSR]
    ./src/components/BarcodeCameraScanner.tsx [Client Component SSR]
    ./src/components/LogPackageModal.tsx [Client Component SSR]
    ./src/components/PackagesView.tsx [Client Component SSR]
    ./src/components/PackagesView.tsx [Server Component]
    ./src/app/dashboard/page.tsx [Server Component]

https://nextjs.org/docs/messages/module-not-found


⨯ ./node_modules/@zxing/browser/esm/readers/BrowserCodeReader.js:59:1
Error: Module not found: Can't resolve '@zxing/library'
  [90m57 |[0m ...[32mt is not iterable."[0m : [32m"Symbol.iterator is not defined."[0m);
  [90m58 |[0m ...
[31m[1m>[0m [90m59 |[0m ...[33mBitmap[0m, [33mChecksumException[0m, [33mDecodeHintType[0m, [33mFormatException[0m, [33mHybridBinarizer[0m, [33mNotFoundEx...[0m
  [90m   |[0m    [31m[1m^^^^^^^^^^^^^^^^^^^^^^^^^^^^^^^^^^^^^^^^^^^^^^^^^^^^^^^^^^^^^^^^^^^^^^^^^^^^^^^^^^^^^^^^^^[0m
  [90m60 |[0m ...[33meSource[0m } [36mfrom[0m [32m'../common/HTMLCanvasElementLuminanceSource'[0m;
  [90m61 |[0m ...avigator } [36mfrom[0m [32m'../common/navigator-utils'[0m;
  [90m62 |[0m ...



Import traces:
  Client Component Browser:
    ./node_modules/@zxing/browser/esm/readers/BrowserCodeReader.js [Client Component Browser]
    ./node_modules/@zxing/browser/esm/readers/BrowserMultiFormatReader.js [Client Component Browser]
    ./src/components/BarcodeCameraScanner.tsx [Client Component Browser]
    ./src/components/LogPackageModal.tsx [Client Component Browser]
    ./src/components/PackagesView.tsx [Client Component Browser]
    ./src/components/PackagesView.tsx [Server Component]
    ./src/app/dashboard/page.tsx [Server Component]

  Client Component SSR:
    ./node_modules/@zxing/browser/esm/readers/BrowserCodeReader.js [Client Component SSR]
    ./node_modules/@zxing/browser/esm/readers/BrowserMultiFormatReader.js [Client Component SSR]
    ./src/components/BarcodeCameraScanner.tsx [Client Component SSR]
    ./src/components/LogPackageModal.tsx [Client Component SSR]
    ./src/components/PackagesView.tsx [Client Component SSR]
    ./src/components/PackagesView.tsx [Server Component]
    ./src/app/dashboard/page.tsx [Server Component]

https://nextjs.org/docs/messages/module-not-found


⨯ ./node_modules/@zxing/browser/esm/readers/BrowserCodeReader.js:59:1
Error: Module not found: Can't resolve '@zxing/library'
  [90m57 |[0m ...[32mt is not iterable."[0m : [32m"Symbol.iterator is not defined."[0m);
  [90m58 |[0m ...
[31m[1m>[0m [90m59 |[0m ...[33mBitmap[0m, [33mChecksumException[0m, [33mDecodeHintType[0m, [33mFormatException[0m, [33mHybridBinarizer[0m, [33mNotFoundEx...[0m
  [90m   |[0m    [31m[1m^^^^^^^^^^^^^^^^^^^^^^^^^^^^^^^^^^^^^^^^^^^^^^^^^^^^^^^^^^^^^^^^^^^^^^^^^^^^^^^^^^^^^^^^^^[0m
  [90m60 |[0m ...[33meSource[0m } [36mfrom[0m [32m'../common/HTMLCanvasElementLuminanceSource'[0m;
  [90m61 |[0m ...avigator } [36mfrom[0m [32m'../common/navigator-utils'[0m;
  [90m62 |[0m ...



Import traces:
  Client Component Browser:
    ./node_modules/@zxing/browser/esm/readers/BrowserCodeReader.js [Client Component Browser]
    ./node_modules/@zxing/browser/esm/readers/BrowserMultiFormatReader.js [Client Component Browser]
    ./src/components/BarcodeCameraScanner.tsx [Client Component Browser]
    ./src/components/LogPackageModal.tsx [Client Component Browser]
    ./src/components/PackagesView.tsx [Client Component Browser]
    ./src/components/PackagesView.tsx [Server Component]
    ./src/app/dashboard/page.tsx [Server Component]

  Client Component SSR:
    ./node_modules/@zxing/browser/esm/readers/BrowserCodeReader.js [Client Component SSR]
    ./node_modules/@zxing/browser/esm/readers/BrowserMultiFormatReader.js [Client Component SSR]
    ./src/components/BarcodeCameraScanner.tsx [Client Component SSR]
    ./src/components/LogPackageModal.tsx [Client Component SSR]
    ./src/components/PackagesView.tsx [Client Component SSR]
    ./src/components/PackagesView.tsx [Server Component]
    ./src/app/dashboard/page.tsx [Server Component]

https://nextjs.org/docs/messages/module-not-found


⨯ ./node_modules/@zxing/browser/esm/readers/BrowserCodeReader.js:59:1
Error: Module not found: Can't resolve '@zxing/library'
  [90m57 |[0m ...[32mt is not iterable."[0m : [32m"Symbol.iterator is not defined."[0m);
  [90m58 |[0m ...
[31m[1m>[0m [90m59 |[0m ...[33mBitmap[0m, [33mChecksumException[0m, [33mDecodeHintType[0m, [33mFormatException[0m, [33mHybridBinarizer[0m, [33mNotFoundEx...[0m
  [90m   |[0m    [31m[1m^^^^^^^^^^^^^^^^^^^^^^^^^^^^^^^^^^^^^^^^^^^^^^^^^^^^^^^^^^^^^^^^^^^^^^^^^^^^^^^^^^^^^^^^^^[0m
  [90m60 |[0m ...[33meSource[0m } [36mfrom[0m [32m'../common/HTMLCanvasElementLuminanceSource'[0m;
  [90m61 |[0m ...avigator } [36mfrom[0m [32m'../common/navigator-utils'[0m;
  [90m62 |[0m ...



Import traces:
  Client Component Browser:
    ./node_modules/@zxing/browser/esm/readers/BrowserCodeReader.js [Client Component Browser]
    ./node_modules/@zxing/browser/esm/readers/BrowserMultiFormatReader.js [Client Component Browser]
    ./src/components/BarcodeCameraScanner.tsx [Client Component Browser]
    ./src/components/LogPackageModal.tsx [Client Component Browser]
    ./src/components/PackagesView.tsx [Client Component Browser]
    ./src/components/PackagesView.tsx [Server Component]
    ./src/app/dashboard/page.tsx [Server Component]

  Client Component SSR:
    ./node_modules/@zxing/browser/esm/readers/BrowserCodeReader.js [Client Component SSR]
    ./node_modules/@zxing/browser/esm/readers/BrowserMultiFormatReader.js [Client Component SSR]
    ./src/components/BarcodeCameraScanner.tsx [Client Component SSR]
    ./src/components/LogPackageModal.tsx [Client Component SSR]
    ./src/components/PackagesView.tsx [Client Component SSR]
    ./src/components/PackagesView.tsx [Server Component]
    ./src/app/dashboard/page.tsx [Server Component]

https://nextjs.org/docs/messages/module-not-found


⨯ ./node_modules/@zxing/browser/esm/readers/BrowserCodeReader.js:59:1
Error: Module not found: Can't resolve '@zxing/library'
  [90m57 |[0m ...[32mt is not iterable."[0m : [32m"Symbol.iterator is not defined."[0m);
  [90m58 |[0m ...
[31m[1m>[0m [90m59 |[0m ...[33mBitmap[0m, [33mChecksumException[0m, [33mDecodeHintType[0m, [33mFormatException[0m, [33mHybridBinarizer[0m, [33mNotFoundEx...[0m
  [90m   |[0m    [31m[1m^^^^^^^^^^^^^^^^^^^^^^^^^^^^^^^^^^^^^^^^^^^^^^^^^^^^^^^^^^^^^^^^^^^^^^^^^^^^^^^^^^^^^^^^^^[0m
  [90m60 |[0m ...[33meSource[0m } [36mfrom[0m [32m'../common/HTMLCanvasElementLuminanceSource'[0m;
  [90m61 |[0m ...avigator } [36mfrom[0m [32m'../common/navigator-utils'[0m;
  [90m62 |[0m ...



Import traces:
  Client Component Browser:
    ./node_modules/@zxing/browser/esm/readers/BrowserCodeReader.js [Client Component Browser]
    ./node_modules/@zxing/browser/esm/readers/BrowserMultiFormatReader.js [Client Component Browser]
    ./src/components/BarcodeCameraScanner.tsx [Client Component Browser]
    ./src/components/LogPackageModal.tsx [Client Component Browser]
    ./src/components/PackagesView.tsx [Client Component Browser]
    ./src/components/PackagesView.tsx [Server Component]
    ./src/app/dashboard/page.tsx [Server Component]

  Client Component SSR:
    ./node_modules/@zxing/browser/esm/readers/BrowserCodeReader.js [Client Component SSR]
    ./node_modules/@zxing/browser/esm/readers/BrowserMultiFormatReader.js [Client Component SSR]
    ./src/components/BarcodeCameraScanner.tsx [Client Component SSR]
    ./src/components/LogPackageModal.tsx [Client Component SSR]
    ./src/components/PackagesView.tsx [Client Component SSR]
    ./src/components/PackagesView.tsx [Server Component]
    ./src/app/dashboard/page.tsx [Server Component]

https://nextjs.org/docs/messages/module-not-found


⨯ ./node_modules/@zxing/browser/esm/readers/BrowserCodeReader.js:59:1
Error: Module not found: Can't resolve '@zxing/library'
  [90m57 |[0m ...[32mt is not iterable."[0m : [32m"Symbol.iterator is not defined."[0m);
  [90m58 |[0m ...
[31m[1m>[0m [90m59 |[0m ...[33mBitmap[0m, [33mChecksumException[0m, [33mDecodeHintType[0m, [33mFormatException[0m, [33mHybridBinarizer[0m, [33mNotFoundEx...[0m
  [90m   |[0m    [31m[1m^^^^^^^^^^^^^^^^^^^^^^^^^^^^^^^^^^^^^^^^^^^^^^^^^^^^^^^^^^^^^^^^^^^^^^^^^^^^^^^^^^^^^^^^^^[0m
  [90m60 |[0m ...[33meSource[0m } [36mfrom[0m [32m'../common/HTMLCanvasElementLuminanceSource'[0m;
  [90m61 |[0m ...avigator } [36mfrom[0m [32m'../common/navigator-utils'[0m;
  [90m62 |[0m ...



Import traces:
  Client Component Browser:
    ./node_modules/@zxing/browser/esm/readers/BrowserCodeReader.js [Client Component Browser]
    ./node_modules/@zxing/browser/esm/readers/BrowserMultiFormatReader.js [Client Component Browser]
    ./src/components/BarcodeCameraScanner.tsx [Client Component Browser]
    ./src/components/LogPackageModal.tsx [Client Component Browser]
    ./src/components/PackagesView.tsx [Client Component Browser]
    ./src/components/PackagesView.tsx [Server Component]
    ./src/app/dashboard/page.tsx [Server Component]

  Client Component SSR:
    ./node_modules/@zxing/browser/esm/readers/BrowserCodeReader.js [Client Component SSR]
    ./node_modules/@zxing/browser/esm/readers/BrowserMultiFormatReader.js [Client Component SSR]
    ./src/components/BarcodeCameraScanner.tsx [Client Component SSR]
    ./src/components/LogPackageModal.tsx [Client Component SSR]
    ./src/components/PackagesView.tsx [Client Component SSR]
    ./src/components/PackagesView.tsx [Server Component]
    ./src/app/dashboard/page.tsx [Server Component]

https://nextjs.org/docs/messages/module-not-found


⨯ ./node_modules/@zxing/browser/esm/readers/BrowserCodeReader.js:59:1
Error: Module not found: Can't resolve '@zxing/library'
  [90m57 |[0m ...[32mt is not iterable."[0m : [32m"Symbol.iterator is not defined."[0m);
  [90m58 |[0m ...
[31m[1m>[0m [90m59 |[0m ...[33mBitmap[0m, [33mChecksumException[0m, [33mDecodeHintType[0m, [33mFormatException[0m, [33mHybridBinarizer[0m, [33mNotFoundEx...[0m
  [90m   |[0m    [31m[1m^^^^^^^^^^^^^^^^^^^^^^^^^^^^^^^^^^^^^^^^^^^^^^^^^^^^^^^^^^^^^^^^^^^^^^^^^^^^^^^^^^^^^^^^^^[0m
  [90m60 |[0m ...[33meSource[0m } [36mfrom[0m [32m'../common/HTMLCanvasElementLuminanceSource'[0m;
  [90m61 |[0m ...avigator } [36mfrom[0m [32m'../common/navigator-utils'[0m;
  [90m62 |[0m ...



Import traces:
  Client Component Browser:
    ./node_modules/@zxing/browser/esm/readers/BrowserCodeReader.js [Client Component Browser]
    ./node_modules/@zxing/browser/esm/readers/BrowserMultiFormatReader.js [Client Component Browser]
    ./src/components/BarcodeCameraScanner.tsx [Client Component Browser]
    ./src/components/LogPackageModal.tsx [Client Component Browser]
    ./src/components/PackagesView.tsx [Client Component Browser]
    ./src/components/PackagesView.tsx [Server Component]
    ./src/app/dashboard/page.tsx [Server Component]

  Client Component SSR:
    ./node_modules/@zxing/browser/esm/readers/BrowserCodeReader.js [Client Component SSR]
    ./node_modules/@zxing/browser/esm/readers/BrowserMultiFormatReader.js [Client Component SSR]
    ./src/components/BarcodeCameraScanner.tsx [Client Component SSR]
    ./src/components/LogPackageModal.tsx [Client Component SSR]
    ./src/components/PackagesView.tsx [Client Component SSR]
    ./src/components/PackagesView.tsx [Server Component]
    ./src/app/dashboard/page.tsx [Server Component]

https://nextjs.org/docs/messages/module-not-found


⨯ ./node_modules/@zxing/browser/esm/readers/BrowserCodeReader.js:59:1
Error: Module not found: Can't resolve '@zxing/library'
  [90m57 |[0m ...[32mt is not iterable."[0m : [32m"Symbol.iterator is not defined."[0m);
  [90m58 |[0m ...
[31m[1m>[0m [90m59 |[0m ...[33mBitmap[0m, [33mChecksumException[0m, [33mDecodeHintType[0m, [33mFormatException[0m, [33mHybridBinarizer[0m, [33mNotFoundEx...[0m
  [90m   |[0m    [31m[1m^^^^^^^^^^^^^^^^^^^^^^^^^^^^^^^^^^^^^^^^^^^^^^^^^^^^^^^^^^^^^^^^^^^^^^^^^^^^^^^^^^^^^^^^^^[0m
  [90m60 |[0m ...[33meSource[0m } [36mfrom[0m [32m'../common/HTMLCanvasElementLuminanceSource'[0m;
  [90m61 |[0m ...avigator } [36mfrom[0m [32m'../common/navigator-utils'[0m;
  [90m62 |[0m ...



Import traces:
  Client Component Browser:
    ./node_modules/@zxing/browser/esm/readers/BrowserCodeReader.js [Client Component Browser]
    ./node_modules/@zxing/browser/esm/readers/BrowserMultiFormatReader.js [Client Component Browser]
    ./src/components/BarcodeCameraScanner.tsx [Client Component Browser]
    ./src/components/LogPackageModal.tsx [Client Component Browser]
    ./src/components/PackagesView.tsx [Client Component Browser]
    ./src/components/PackagesView.tsx [Server Component]
    ./src/app/dashboard/page.tsx [Server Component]

  Client Component SSR:
    ./node_modules/@zxing/browser/esm/readers/BrowserCodeReader.js [Client Component SSR]
    ./node_modules/@zxing/browser/esm/readers/BrowserMultiFormatReader.js [Client Component SSR]
    ./src/components/BarcodeCameraScanner.tsx [Client Component SSR]
    ./src/components/LogPackageModal.tsx [Client Component SSR]
    ./src/components/PackagesView.tsx [Client Component SSR]
    ./src/components/PackagesView.tsx [Server Component]
    ./src/app/dashboard/page.tsx [Server Component]

https://nextjs.org/docs/messages/module-not-found


⨯ ./node_modules/@zxing/browser/esm/readers/BrowserCodeReader.js:59:1
Error: Module not found: Can't resolve '@zxing/library'
  [90m57 |[0m ...[32mt is not iterable."[0m : [32m"Symbol.iterator is not defined."[0m);
  [90m58 |[0m ...
[31m[1m>[0m [90m59 |[0m ...[33mBitmap[0m, [33mChecksumException[0m, [33mDecodeHintType[0m, [33mFormatException[0m, [33mHybridBinarizer[0m, [33mNotFoundEx...[0m
  [90m   |[0m    [31m[1m^^^^^^^^^^^^^^^^^^^^^^^^^^^^^^^^^^^^^^^^^^^^^^^^^^^^^^^^^^^^^^^^^^^^^^^^^^^^^^^^^^^^^^^^^^[0m
  [90m60 |[0m ...[33meSource[0m } [36mfrom[0m [32m'../common/HTMLCanvasElementLuminanceSource'[0m;
  [90m61 |[0m ...avigator } [36mfrom[0m [32m'../common/navigator-utils'[0m;
  [90m62 |[0m ...



Import traces:
  Client Component Browser:
    ./node_modules/@zxing/browser/esm/readers/BrowserCodeReader.js [Client Component Browser]
    ./node_modules/@zxing/browser/esm/readers/BrowserMultiFormatReader.js [Client Component Browser]
    ./src/components/BarcodeCameraScanner.tsx [Client Component Browser]
    ./src/components/LogPackageModal.tsx [Client Component Browser]
    ./src/components/PackagesView.tsx [Client Component Browser]
    ./src/components/PackagesView.tsx [Server Component]
    ./src/app/dashboard/page.tsx [Server Component]

  Client Component SSR:
    ./node_modules/@zxing/browser/esm/readers/BrowserCodeReader.js [Client Component SSR]
    ./node_modules/@zxing/browser/esm/readers/BrowserMultiFormatReader.js [Client Component SSR]
    ./src/components/BarcodeCameraScanner.tsx [Client Component SSR]
    ./src/components/LogPackageModal.tsx [Client Component SSR]
    ./src/components/PackagesView.tsx [Client Component SSR]
    ./src/components/PackagesView.tsx [Server Component]
    ./src/app/dashboard/page.tsx [Server Component]

https://nextjs.org/docs/messages/module-not-found


⨯ ./node_modules/@zxing/browser/esm/readers/BrowserCodeReader.js:59:1
Error: Module not found: Can't resolve '@zxing/library'
  [90m57 |[0m ...[32mt is not iterable."[0m : [32m"Symbol.iterator is not defined."[0m);
  [90m58 |[0m ...
[31m[1m>[0m [90m59 |[0m ...[33mBitmap[0m, [33mChecksumException[0m, [33mDecodeHintType[0m, [33mFormatException[0m, [33mHybridBinarizer[0m, [33mNotFoundEx...[0m
  [90m   |[0m    [31m[1m^^^^^^^^^^^^^^^^^^^^^^^^^^^^^^^^^^^^^^^^^^^^^^^^^^^^^^^^^^^^^^^^^^^^^^^^^^^^^^^^^^^^^^^^^^[0m
  [90m60 |[0m ...[33meSource[0m } [36mfrom[0m [32m'../common/HTMLCanvasElementLuminanceSource'[0m;
  [90m61 |[0m ...avigator } [36mfrom[0m [32m'../common/navigator-utils'[0m;
  [90m62 |[0m ...



Import traces:
  Client Component Browser:
    ./node_modules/@zxing/browser/esm/readers/BrowserCodeReader.js [Client Component Browser]
    ./node_modules/@zxing/browser/esm/readers/BrowserMultiFormatReader.js [Client Component Browser]
    ./src/components/BarcodeCameraScanner.tsx [Client Component Browser]
    ./src/components/LogPackageModal.tsx [Client Component Browser]
    ./src/components/PackagesView.tsx [Client Component Browser]
    ./src/components/PackagesView.tsx [Server Component]
    ./src/app/dashboard/page.tsx [Server Component]

  Client Component SSR:
    ./node_modules/@zxing/browser/esm/readers/BrowserCodeReader.js [Client Component SSR]
    ./node_modules/@zxing/browser/esm/readers/BrowserMultiFormatReader.js [Client Component SSR]
    ./src/components/BarcodeCameraScanner.tsx [Client Component SSR]
    ./src/components/LogPackageModal.tsx [Client Component SSR]
    ./src/components/PackagesView.tsx [Client Component SSR]
    ./src/components/PackagesView.tsx [Server Component]
    ./src/app/dashboard/page.tsx [Server Component]

https://nextjs.org/docs/messages/module-not-found


⨯ ./node_modules/@zxing/browser/esm/readers/BrowserCodeReader.js:59:1
Error: Module not found: Can't resolve '@zxing/library'
  [90m57 |[0m ...[32mt is not iterable."[0m : [32m"Symbol.iterator is not defined."[0m);
  [90m58 |[0m ...
[31m[1m>[0m [90m59 |[0m ...[33mBitmap[0m, [33mChecksumException[0m, [33mDecodeHintType[0m, [33mFormatException[0m, [33mHybridBinarizer[0m, [33mNotFoundEx...[0m
  [90m   |[0m    [31m[1m^^^^^^^^^^^^^^^^^^^^^^^^^^^^^^^^^^^^^^^^^^^^^^^^^^^^^^^^^^^^^^^^^^^^^^^^^^^^^^^^^^^^^^^^^^[0m
  [90m60 |[0m ...[33meSource[0m } [36mfrom[0m [32m'../common/HTMLCanvasElementLuminanceSource'[0m;
  [90m61 |[0m ...avigator } [36mfrom[0m [32m'../common/navigator-utils'[0m;
  [90m62 |[0m ...



Import traces:
  Client Component Browser:
    ./node_modules/@zxing/browser/esm/readers/BrowserCodeReader.js [Client Component Browser]
    ./node_modules/@zxing/browser/esm/readers/BrowserMultiFormatReader.js [Client Component Browser]
    ./src/components/BarcodeCameraScanner.tsx [Client Component Browser]
    ./src/components/LogPackageModal.tsx [Client Component Browser]
    ./src/components/PackagesView.tsx [Client Component Browser]
    ./src/components/PackagesView.tsx [Server Component]
    ./src/app/dashboard/page.tsx [Server Component]

  Client Component SSR:
    ./node_modules/@zxing/browser/esm/readers/BrowserCodeReader.js [Client Component SSR]
    ./node_modules/@zxing/browser/esm/readers/BrowserMultiFormatReader.js [Client Component SSR]
    ./src/components/BarcodeCameraScanner.tsx [Client Component SSR]
    ./src/components/LogPackageModal.tsx [Client Component SSR]
    ./src/components/PackagesView.tsx [Client Component SSR]
    ./src/components/PackagesView.tsx [Server Component]
    ./src/app/dashboard/page.tsx [Server Component]

https://nextjs.org/docs/messages/module-not-found


⨯ ./node_modules/@zxing/browser/esm/readers/BrowserCodeReader.js:59:1
Error: Module not found: Can't resolve '@zxing/library'
  [90m57 |[0m ...[32mt is not iterable."[0m : [32m"Symbol.iterator is not defined."[0m);
  [90m58 |[0m ...
[31m[1m>[0m [90m59 |[0m ...[33mBitmap[0m, [33mChecksumException[0m, [33mDecodeHintType[0m, [33mFormatException[0m, [33mHybridBinarizer[0m, [33mNotFoundEx...[0m
  [90m   |[0m    [31m[1m^^^^^^^^^^^^^^^^^^^^^^^^^^^^^^^^^^^^^^^^^^^^^^^^^^^^^^^^^^^^^^^^^^^^^^^^^^^^^^^^^^^^^^^^^^[0m
  [90m60 |[0m ...[33meSource[0m } [36mfrom[0m [32m'../common/HTMLCanvasElementLuminanceSource'[0m;
  [90m61 |[0m ...avigator } [36mfrom[0m [32m'../common/navigator-utils'[0m;
  [90m62 |[0m ...



Import traces:
  Client Component Browser:
    ./node_modules/@zxing/browser/esm/readers/BrowserCodeReader.js [Client Component Browser]
    ./node_modules/@zxing/browser/esm/readers/BrowserMultiFormatReader.js [Client Component Browser]
    ./src/components/BarcodeCameraScanner.tsx [Client Component Browser]
    ./src/components/LogPackageModal.tsx [Client Component Browser]
    ./src/components/PackagesView.tsx [Client Component Browser]
    ./src/components/PackagesView.tsx [Server Component]
    ./src/app/dashboard/page.tsx [Server Component]

  Client Component SSR:
    ./node_modules/@zxing/browser/esm/readers/BrowserCodeReader.js [Client Component SSR]
    ./node_modules/@zxing/browser/esm/readers/BrowserMultiFormatReader.js [Client Component SSR]
    ./src/components/BarcodeCameraScanner.tsx [Client Component SSR]
    ./src/components/LogPackageModal.tsx [Client Component SSR]
    ./src/components/PackagesView.tsx [Client Component SSR]
    ./src/components/PackagesView.tsx [Server Component]
    ./src/app/dashboard/page.tsx [Server Component]

https://nextjs.org/docs/messages/module-not-found


⨯ ./node_modules/@zxing/browser/esm/readers/BrowserCodeReader.js:59:1
Error: Module not found: Can't resolve '@zxing/library'
  [90m57 |[0m ...[32mt is not iterable."[0m : [32m"Symbol.iterator is not defined."[0m);
  [90m58 |[0m ...
[31m[1m>[0m [90m59 |[0m ...[33mBitmap[0m, [33mChecksumException[0m, [33mDecodeHintType[0m, [33mFormatException[0m, [33mHybridBinarizer[0m, [33mNotFoundEx...[0m
  [90m   |[0m    [31m[1m^^^^^^^^^^^^^^^^^^^^^^^^^^^^^^^^^^^^^^^^^^^^^^^^^^^^^^^^^^^^^^^^^^^^^^^^^^^^^^^^^^^^^^^^^^[0m
  [90m60 |[0m ...[33meSource[0m } [36mfrom[0m [32m'../common/HTMLCanvasElementLuminanceSource'[0m;
  [90m61 |[0m ...avigator } [36mfrom[0m [32m'../common/navigator-utils'[0m;
  [90m62 |[0m ...



Import traces:
  Client Component Browser:
    ./node_modules/@zxing/browser/esm/readers/BrowserCodeReader.js [Client Component Browser]
    ./node_modules/@zxing/browser/esm/readers/BrowserMultiFormatReader.js [Client Component Browser]
    ./src/components/BarcodeCameraScanner.tsx [Client Component Browser]
    ./src/components/LogPackageModal.tsx [Client Component Browser]
    ./src/components/PackagesView.tsx [Client Component Browser]
    ./src/components/PackagesView.tsx [Server Component]
    ./src/app/dashboard/page.tsx [Server Component]

  Client Component SSR:
    ./node_modules/@zxing/browser/esm/readers/BrowserCodeReader.js [Client Component SSR]
    ./node_modules/@zxing/browser/esm/readers/BrowserMultiFormatReader.js [Client Component SSR]
    ./src/components/BarcodeCameraScanner.tsx [Client Component SSR]
    ./src/components/LogPackageModal.tsx [Client Component SSR]
    ./src/components/PackagesView.tsx [Client Component SSR]
    ./src/components/PackagesView.tsx [Server Component]
    ./src/app/dashboard/page.tsx [Server Component]

https://nextjs.org/docs/messages/module-not-found


⨯ ./node_modules/@zxing/browser/esm/readers/BrowserCodeReader.js:59:1
Error: Module not found: Can't resolve '@zxing/library'
  [90m57 |[0m ...[32mt is not iterable."[0m : [32m"Symbol.iterator is not defined."[0m);
  [90m58 |[0m ...
[31m[1m>[0m [90m59 |[0m ...[33mBitmap[0m, [33mChecksumException[0m, [33mDecodeHintType[0m, [33mFormatException[0m, [33mHybridBinarizer[0m, [33mNotFoundEx...[0m
  [90m   |[0m    [31m[1m^^^^^^^^^^^^^^^^^^^^^^^^^^^^^^^^^^^^^^^^^^^^^^^^^^^^^^^^^^^^^^^^^^^^^^^^^^^^^^^^^^^^^^^^^^[0m
  [90m60 |[0m ...[33meSource[0m } [36mfrom[0m [32m'../common/HTMLCanvasElementLuminanceSource'[0m;
  [90m61 |[0m ...avigator } [36mfrom[0m [32m'../common/navigator-utils'[0m;
  [90m62 |[0m ...



Import traces:
  Client Component Browser:
    ./node_modules/@zxing/browser/esm/readers/BrowserCodeReader.js [Client Component Browser]
    ./node_modules/@zxing/browser/esm/readers/BrowserMultiFormatReader.js [Client Component Browser]
    ./src/components/BarcodeCameraScanner.tsx [Client Component Browser]
    ./src/components/LogPackageModal.tsx [Client Component Browser]
    ./src/components/PackagesView.tsx [Client Component Browser]
    ./src/components/PackagesView.tsx [Server Component]
    ./src/app/dashboard/page.tsx [Server Component]

  Client Component SSR:
    ./node_modules/@zxing/browser/esm/readers/BrowserCodeReader.js [Client Component SSR]
    ./node_modules/@zxing/browser/esm/readers/BrowserMultiFormatReader.js [Client Component SSR]
    ./src/components/BarcodeCameraScanner.tsx [Client Component SSR]
    ./src/components/LogPackageModal.tsx [Client Component SSR]
    ./src/components/PackagesView.tsx [Client Component SSR]
    ./src/components/PackagesView.tsx [Server Component]
    ./src/app/dashboard/page.tsx [Server Component]

https://nextjs.org/docs/messages/module-not-found


⨯ ./node_modules/@zxing/browser/esm/readers/BrowserCodeReader.js:59:1
Error: Module not found: Can't resolve '@zxing/library'
  [90m57 |[0m ...[32mt is not iterable."[0m : [32m"Symbol.iterator is not defined."[0m);
  [90m58 |[0m ...
[31m[1m>[0m [90m59 |[0m ...[33mBitmap[0m, [33mChecksumException[0m, [33mDecodeHintType[0m, [33mFormatException[0m, [33mHybridBinarizer[0m, [33mNotFoundEx...[0m
  [90m   |[0m    [31m[1m^^^^^^^^^^^^^^^^^^^^^^^^^^^^^^^^^^^^^^^^^^^^^^^^^^^^^^^^^^^^^^^^^^^^^^^^^^^^^^^^^^^^^^^^^^[0m
  [90m60 |[0m ...[33meSource[0m } [36mfrom[0m [32m'../common/HTMLCanvasElementLuminanceSource'[0m;
  [90m61 |[0m ...avigator } [36mfrom[0m [32m'../common/navigator-utils'[0m;
  [90m62 |[0m ...



Import traces:
  Client Component Browser:
    ./node_modules/@zxing/browser/esm/readers/BrowserCodeReader.js [Client Component Browser]
    ./node_modules/@zxing/browser/esm/readers/BrowserMultiFormatReader.js [Client Component Browser]
    ./src/components/BarcodeCameraScanner.tsx [Client Component Browser]
    ./src/components/LogPackageModal.tsx [Client Component Browser]
    ./src/components/PackagesView.tsx [Client Component Browser]
    ./src/components/PackagesView.tsx [Server Component]
    ./src/app/dashboard/page.tsx [Server Component]

  Client Component SSR:
    ./node_modules/@zxing/browser/esm/readers/BrowserCodeReader.js [Client Component SSR]
    ./node_modules/@zxing/browser/esm/readers/BrowserMultiFormatReader.js [Client Component SSR]
    ./src/components/BarcodeCameraScanner.tsx [Client Component SSR]
    ./src/components/LogPackageModal.tsx [Client Component SSR]
    ./src/components/PackagesView.tsx [Client Component SSR]
    ./src/components/PackagesView.tsx [Server Component]
    ./src/app/dashboard/page.tsx [Server Component]

https://nextjs.org/docs/messages/module-not-found


⨯ ./node_modules/@zxing/browser/esm/readers/BrowserCodeReader.js:59:1
Error: Module not found: Can't resolve '@zxing/library'
  [90m57 |[0m ...[32mt is not iterable."[0m : [32m"Symbol.iterator is not defined."[0m);
  [90m58 |[0m ...
[31m[1m>[0m [90m59 |[0m ...[33mBitmap[0m, [33mChecksumException[0m, [33mDecodeHintType[0m, [33mFormatException[0m, [33mHybridBinarizer[0m, [33mNotFoundEx...[0m
  [90m   |[0m    [31m[1m^^^^^^^^^^^^^^^^^^^^^^^^^^^^^^^^^^^^^^^^^^^^^^^^^^^^^^^^^^^^^^^^^^^^^^^^^^^^^^^^^^^^^^^^^^[0m
  [90m60 |[0m ...[33meSource[0m } [36mfrom[0m [32m'../common/HTMLCanvasElementLuminanceSource'[0m;
  [90m61 |[0m ...avigator } [36mfrom[0m [32m'../common/navigator-utils'[0m;
  [90m62 |[0m ...



Import traces:
  Client Component Browser:
    ./node_modules/@zxing/browser/esm/readers/BrowserCodeReader.js [Client Component Browser]
    ./node_modules/@zxing/browser/esm/readers/BrowserMultiFormatReader.js [Client Component Browser]
    ./src/components/BarcodeCameraScanner.tsx [Client Component Browser]
    ./src/components/LogPackageModal.tsx [Client Component Browser]
    ./src/components/PackagesView.tsx [Client Component Browser]
    ./src/components/PackagesView.tsx [Server Component]
    ./src/app/dashboard/page.tsx [Server Component]

  Client Component SSR:
    ./node_modules/@zxing/browser/esm/readers/BrowserCodeReader.js [Client Component SSR]
    ./node_modules/@zxing/browser/esm/readers/BrowserMultiFormatReader.js [Client Component SSR]
    ./src/components/BarcodeCameraScanner.tsx [Client Component SSR]
    ./src/components/LogPackageModal.tsx [Client Component SSR]
    ./src/components/PackagesView.tsx [Client Component SSR]
    ./src/components/PackagesView.tsx [Server Component]
    ./src/app/dashboard/page.tsx [Server Component]

https://nextjs.org/docs/messages/module-not-found


⨯ ./node_modules/@zxing/browser/esm/readers/BrowserCodeReader.js:59:1
Error: Module not found: Can't resolve '@zxing/library'
  [90m57 |[0m ...[32mt is not iterable."[0m : [32m"Symbol.iterator is not defined."[0m);
  [90m58 |[0m ...
[31m[1m>[0m [90m59 |[0m ...[33mBitmap[0m, [33mChecksumException[0m, [33mDecodeHintType[0m, [33mFormatException[0m, [33mHybridBinarizer[0m, [33mNotFoundEx...[0m
  [90m   |[0m    [31m[1m^^^^^^^^^^^^^^^^^^^^^^^^^^^^^^^^^^^^^^^^^^^^^^^^^^^^^^^^^^^^^^^^^^^^^^^^^^^^^^^^^^^^^^^^^^[0m
  [90m60 |[0m ...[33meSource[0m } [36mfrom[0m [32m'../common/HTMLCanvasElementLuminanceSource'[0m;
  [90m61 |[0m ...avigator } [36mfrom[0m [32m'../common/navigator-utils'[0m;
  [90m62 |[0m ...



Import traces:
  Client Component Browser:
    ./node_modules/@zxing/browser/esm/readers/BrowserCodeReader.js [Client Component Browser]
    ./node_modules/@zxing/browser/esm/readers/BrowserMultiFormatReader.js [Client Component Browser]
    ./src/components/BarcodeCameraScanner.tsx [Client Component Browser]
    ./src/components/LogPackageModal.tsx [Client Component Browser]
    ./src/components/PackagesView.tsx [Client Component Browser]
    ./src/components/PackagesView.tsx [Server Component]
    ./src/app/dashboard/page.tsx [Server Component]

  Client Component SSR:
    ./node_modules/@zxing/browser/esm/readers/BrowserCodeReader.js [Client Component SSR]
    ./node_modules/@zxing/browser/esm/readers/BrowserMultiFormatReader.js [Client Component SSR]
    ./src/components/BarcodeCameraScanner.tsx [Client Component SSR]
    ./src/components/LogPackageModal.tsx [Client Component SSR]
    ./src/components/PackagesView.tsx [Client Component SSR]
    ./src/components/PackagesView.tsx [Server Component]
    ./src/app/dashboard/page.tsx [Server Component]

https://nextjs.org/docs/messages/module-not-found


⨯ ./node_modules/@zxing/browser/esm/readers/BrowserDatamatrixCodeReader.js:16:1
Error: Module not found: Can't resolve '@zxing/library'
  [90m14 |[0m     };
  [90m15 |[0m })();
[31m[1m>[0m [90m16 |[0m [36mimport[0m { [33mDataMatrixReader[0m } [36mfrom[0m [32m'@zxing/library'[0m;
  [90m   |[0m [31m[1m^^^^^^^^^^^^^^^^^^^^^^^^^^^^^^^^^^^^^^^^^^^^^^^^^^[0m
  [90m17 |[0m [36mimport[0m { [33mBrowserCodeReader[0m } [36mfrom[0m [32m'./BrowserCodeReader'[0m;
  [90m18 |[0m /**
  [90m19 |[0m  * [33mQR[0m [33mCode[0m reader to use [36mfrom[0m browser.



Import traces:
  Client Component Browser:
    ./node_modules/@zxing/browser/esm/readers/BrowserDatamatrixCodeReader.js [Client Component Browser]
    ./node_modules/@zxing/browser/esm/index.js [Client Component Browser]
    ./src/components/BarcodeCameraScanner.tsx [Client Component Browser]
    ./src/components/LogPackageModal.tsx [Client Component Browser]
    ./src/components/PackagesView.tsx [Client Component Browser]
    ./src/components/PackagesView.tsx [Server Component]
    ./src/app/dashboard/page.tsx [Server Component]

  Client Component SSR:
    ./node_modules/@zxing/browser/esm/readers/BrowserDatamatrixCodeReader.js [Client Component SSR]
    ./node_modules/@zxing/browser/esm/index.js [Client Component SSR]
    ./src/components/BarcodeCameraScanner.tsx [Client Component SSR]
    ./src/components/LogPackageModal.tsx [Client Component SSR]
    ./src/components/PackagesView.tsx [Client Component SSR]
    ./src/components/PackagesView.tsx [Server Component]
    ./src/app/dashboard/page.tsx [Server Component]

https://nextjs.org/docs/messages/module-not-found


⨯ ./node_modules/@zxing/browser/esm/readers/BrowserDatamatrixCodeReader.js:16:1
Error: Module not found: Can't resolve '@zxing/library'
  [90m14 |[0m     };
  [90m15 |[0m })();
[31m[1m>[0m [90m16 |[0m [36mimport[0m { [33mDataMatrixReader[0m } [36mfrom[0m [32m'@zxing/library'[0m;
  [90m   |[0m [31m[1m^^^^^^^^^^^^^^^^^^^^^^^^^^^^^^^^^^^^^^^^^^^^^^^^^^[0m
  [90m17 |[0m [36mimport[0m { [33mBrowserCodeReader[0m } [36mfrom[0m [32m'./BrowserCodeReader'[0m;
  [90m18 |[0m /**
  [90m19 |[0m  * [33mQR[0m [33mCode[0m reader to use [36mfrom[0m browser.



Import traces:
  Client Component Browser:
    ./node_modules/@zxing/browser/esm/readers/BrowserDatamatrixCodeReader.js [Client Component Browser]
    ./node_modules/@zxing/browser/esm/index.js [Client Component Browser]
    ./src/components/BarcodeCameraScanner.tsx [Client Component Browser]
    ./src/components/LogPackageModal.tsx [Client Component Browser]
    ./src/components/PackagesView.tsx [Client Component Browser]
    ./src/components/PackagesView.tsx [Server Component]
    ./src/app/dashboard/page.tsx [Server Component]

  Client Component SSR:
    ./node_modules/@zxing/browser/esm/readers/BrowserDatamatrixCodeReader.js [Client Component SSR]
    ./node_modules/@zxing/browser/esm/index.js [Client Component SSR]
    ./src/components/BarcodeCameraScanner.tsx [Client Component SSR]
    ./src/components/LogPackageModal.tsx [Client Component SSR]
    ./src/components/PackagesView.tsx [Client Component SSR]
    ./src/components/PackagesView.tsx [Server Component]
    ./src/app/dashboard/page.tsx [Server Component]

https://nextjs.org/docs/messages/module-not-found


⨯ ./node_modules/@zxing/browser/esm/readers/BrowserDatamatrixCodeReader.js:16:1
Error: Module not found: Can't resolve '@zxing/library'
  [90m14 |[0m     };
  [90m15 |[0m })();
[31m[1m>[0m [90m16 |[0m [36mimport[0m { [33mDataMatrixReader[0m } [36mfrom[0m [32m'@zxing/library'[0m;
  [90m   |[0m [31m[1m^^^^^^^^^^^^^^^^^^^^^^^^^^^^^^^^^^^^^^^^^^^^^^^^^^[0m
  [90m17 |[0m [36mimport[0m { [33mBrowserCodeReader[0m } [36mfrom[0m [32m'./BrowserCodeReader'[0m;
  [90m18 |[0m /**
  [90m19 |[0m  * [33mQR[0m [33mCode[0m reader to use [36mfrom[0m browser.



Import traces:
  Client Component Browser:
    ./node_modules/@zxing/browser/esm/readers/BrowserDatamatrixCodeReader.js [Client Component Browser]
    ./node_modules/@zxing/browser/esm/index.js [Client Component Browser]
    ./src/components/BarcodeCameraScanner.tsx [Client Component Browser]
    ./src/components/LogPackageModal.tsx [Client Component Browser]
    ./src/components/PackagesView.tsx [Client Component Browser]
    ./src/components/PackagesView.tsx [Server Component]
    ./src/app/dashboard/page.tsx [Server Component]

  Client Component SSR:
    ./node_modules/@zxing/browser/esm/readers/BrowserDatamatrixCodeReader.js [Client Component SSR]
    ./node_modules/@zxing/browser/esm/index.js [Client Component SSR]
    ./src/components/BarcodeCameraScanner.tsx [Client Component SSR]
    ./src/components/LogPackageModal.tsx [Client Component SSR]
    ./src/components/PackagesView.tsx [Client Component SSR]
    ./src/components/PackagesView.tsx [Server Component]
    ./src/app/dashboard/page.tsx [Server Component]

https://nextjs.org/docs/messages/module-not-found


⨯ ./node_modules/@zxing/browser/esm/readers/BrowserDatamatrixCodeReader.js:16:1
Error: Module not found: Can't resolve '@zxing/library'
  [90m14 |[0m     };
  [90m15 |[0m })();
[31m[1m>[0m [90m16 |[0m [36mimport[0m { [33mDataMatrixReader[0m } [36mfrom[0m [32m'@zxing/library'[0m;
  [90m   |[0m [31m[1m^^^^^^^^^^^^^^^^^^^^^^^^^^^^^^^^^^^^^^^^^^^^^^^^^^[0m
  [90m17 |[0m [36mimport[0m { [33mBrowserCodeReader[0m } [36mfrom[0m [32m'./BrowserCodeReader'[0m;
  [90m18 |[0m /**
  [90m19 |[0m  * [33mQR[0m [33mCode[0m reader to use [36mfrom[0m browser.



Import traces:
  Client Component Browser:
    ./node_modules/@zxing/browser/esm/readers/BrowserDatamatrixCodeReader.js [Client Component Browser]
    ./node_modules/@zxing/browser/esm/index.js [Client Component Browser]
    ./src/components/BarcodeCameraScanner.tsx [Client Component Browser]
    ./src/components/LogPackageModal.tsx [Client Component Browser]
    ./src/components/PackagesView.tsx [Client Component Browser]
    ./src/components/PackagesView.tsx [Server Component]
    ./src/app/dashboard/page.tsx [Server Component]

  Client Component SSR:
    ./node_modules/@zxing/browser/esm/readers/BrowserDatamatrixCodeReader.js [Client Component SSR]
    ./node_modules/@zxing/browser/esm/index.js [Client Component SSR]
    ./src/components/BarcodeCameraScanner.tsx [Client Component SSR]
    ./src/components/LogPackageModal.tsx [Client Component SSR]
    ./src/components/PackagesView.tsx [Client Component SSR]
    ./src/components/PackagesView.tsx [Server Component]
    ./src/app/dashboard/page.tsx [Server Component]

https://nextjs.org/docs/messages/module-not-found


⨯ ./node_modules/@zxing/browser/esm/readers/BrowserMultiFormatOneDReader.js:16:1
Error: Module not found: Can't resolve '@zxing/library'
  [90m14 |[0m     };
  [90m15 |[0m })();
[31m[1m>[0m [90m16 |[0m [36mimport[0m { [33mMultiFormatOneDReader[0m } [36mfrom[0m [32m'@zxing/library'[0m;
  [90m   |[0m [31m[1m^^^^^^^^^^^^^^^^^^^^^^^^^^^^^^^^^^^^^^^^^^^^^^^^^^^^^^^[0m
  [90m17 |[0m [36mimport[0m { [33mBrowserCodeReader[0m } [36mfrom[0m [32m'./BrowserCodeReader'[0m;
  [90m18 |[0m /**
  [90m19 |[0m  * [33mReader[0m to be used [36mfor[0m any [33mOne[0m [33mDimension[0m [36mtype[0m barcode.



Import traces:
  Client Component Browser:
    ./node_modules/@zxing/browser/esm/readers/BrowserMultiFormatOneDReader.js [Client Component Browser]
    ./node_modules/@zxing/browser/esm/index.js [Client Component Browser]
    ./src/components/BarcodeCameraScanner.tsx [Client Component Browser]
    ./src/components/LogPackageModal.tsx [Client Component Browser]
    ./src/components/PackagesView.tsx [Client Component Browser]
    ./src/components/PackagesView.tsx [Server Component]
    ./src/app/dashboard/page.tsx [Server Component]

  Client Component SSR:
    ./node_modules/@zxing/browser/esm/readers/BrowserMultiFormatOneDReader.js [Client Component SSR]
    ./node_modules/@zxing/browser/esm/index.js [Client Component SSR]
    ./src/components/BarcodeCameraScanner.tsx [Client Component SSR]
    ./src/components/LogPackageModal.tsx [Client Component SSR]
    ./src/components/PackagesView.tsx [Client Component SSR]
    ./src/components/PackagesView.tsx [Server Component]
    ./src/app/dashboard/page.tsx [Server Component]

https://nextjs.org/docs/messages/module-not-found


⨯ ./node_modules/@zxing/browser/esm/readers/BrowserMultiFormatOneDReader.js:16:1
Error: Module not found: Can't resolve '@zxing/library'
  [90m14 |[0m     };
  [90m15 |[0m })();
[31m[1m>[0m [90m16 |[0m [36mimport[0m { [33mMultiFormatOneDReader[0m } [36mfrom[0m [32m'@zxing/library'[0m;
  [90m   |[0m [31m[1m^^^^^^^^^^^^^^^^^^^^^^^^^^^^^^^^^^^^^^^^^^^^^^^^^^^^^^^[0m
  [90m17 |[0m [36mimport[0m { [33mBrowserCodeReader[0m } [36mfrom[0m [32m'./BrowserCodeReader'[0m;
  [90m18 |[0m /**
  [90m19 |[0m  * [33mReader[0m to be used [36mfor[0m any [33mOne[0m [33mDimension[0m [36mtype[0m barcode.



Import traces:
  Client Component Browser:
    ./node_modules/@zxing/browser/esm/readers/BrowserMultiFormatOneDReader.js [Client Component Browser]
    ./node_modules/@zxing/browser/esm/index.js [Client Component Browser]
    ./src/components/BarcodeCameraScanner.tsx [Client Component Browser]
    ./src/components/LogPackageModal.tsx [Client Component Browser]
    ./src/components/PackagesView.tsx [Client Component Browser]
    ./src/components/PackagesView.tsx [Server Component]
    ./src/app/dashboard/page.tsx [Server Component]

  Client Component SSR:
    ./node_modules/@zxing/browser/esm/readers/BrowserMultiFormatOneDReader.js [Client Component SSR]
    ./node_modules/@zxing/browser/esm/index.js [Client Component SSR]
    ./src/components/BarcodeCameraScanner.tsx [Client Component SSR]
    ./src/components/LogPackageModal.tsx [Client Component SSR]
    ./src/components/PackagesView.tsx [Client Component SSR]
    ./src/components/PackagesView.tsx [Server Component]
    ./src/app/dashboard/page.tsx [Server Component]

https://nextjs.org/docs/messages/module-not-found


⨯ ./node_modules/@zxing/browser/esm/readers/BrowserMultiFormatOneDReader.js:16:1
Error: Module not found: Can't resolve '@zxing/library'
  [90m14 |[0m     };
  [90m15 |[0m })();
[31m[1m>[0m [90m16 |[0m [36mimport[0m { [33mMultiFormatOneDReader[0m } [36mfrom[0m [32m'@zxing/library'[0m;
  [90m   |[0m [31m[1m^^^^^^^^^^^^^^^^^^^^^^^^^^^^^^^^^^^^^^^^^^^^^^^^^^^^^^^[0m
  [90m17 |[0m [36mimport[0m { [33mBrowserCodeReader[0m } [36mfrom[0m [32m'./BrowserCodeReader'[0m;
  [90m18 |[0m /**
  [90m19 |[0m  * [33mReader[0m to be used [36mfor[0m any [33mOne[0m [33mDimension[0m [36mtype[0m barcode.



Import traces:
  Client Component Browser:
    ./node_modules/@zxing/browser/esm/readers/BrowserMultiFormatOneDReader.js [Client Component Browser]
    ./node_modules/@zxing/browser/esm/index.js [Client Component Browser]
    ./src/components/BarcodeCameraScanner.tsx [Client Component Browser]
    ./src/components/LogPackageModal.tsx [Client Component Browser]
    ./src/components/PackagesView.tsx [Client Component Browser]
    ./src/components/PackagesView.tsx [Server Component]
    ./src/app/dashboard/page.tsx [Server Component]

  Client Component SSR:
    ./node_modules/@zxing/browser/esm/readers/BrowserMultiFormatOneDReader.js [Client Component SSR]
    ./node_modules/@zxing/browser/esm/index.js [Client Component SSR]
    ./src/components/BarcodeCameraScanner.tsx [Client Component SSR]
    ./src/components/LogPackageModal.tsx [Client Component SSR]
    ./src/components/PackagesView.tsx [Client Component SSR]
    ./src/components/PackagesView.tsx [Server Component]
    ./src/app/dashboard/page.tsx [Server Component]

https://nextjs.org/docs/messages/module-not-found


⨯ ./node_modules/@zxing/browser/esm/readers/BrowserMultiFormatOneDReader.js:16:1
Error: Module not found: Can't resolve '@zxing/library'
  [90m14 |[0m     };
  [90m15 |[0m })();
[31m[1m>[0m [90m16 |[0m [36mimport[0m { [33mMultiFormatOneDReader[0m } [36mfrom[0m [32m'@zxing/library'[0m;
  [90m   |[0m [31m[1m^^^^^^^^^^^^^^^^^^^^^^^^^^^^^^^^^^^^^^^^^^^^^^^^^^^^^^^[0m
  [90m17 |[0m [36mimport[0m { [33mBrowserCodeReader[0m } [36mfrom[0m [32m'./BrowserCodeReader'[0m;
  [90m18 |[0m /**
  [90m19 |[0m  * [33mReader[0m to be used [36mfor[0m any [33mOne[0m [33mDimension[0m [36mtype[0m barcode.



Import traces:
  Client Component Browser:
    ./node_modules/@zxing/browser/esm/readers/BrowserMultiFormatOneDReader.js [Client Component Browser]
    ./node_modules/@zxing/browser/esm/index.js [Client Component Browser]
    ./src/components/BarcodeCameraScanner.tsx [Client Component Browser]
    ./src/components/LogPackageModal.tsx [Client Component Browser]
    ./src/components/PackagesView.tsx [Client Component Browser]
    ./src/components/PackagesView.tsx [Server Component]
    ./src/app/dashboard/page.tsx [Server Component]

  Client Component SSR:
    ./node_modules/@zxing/browser/esm/readers/BrowserMultiFormatOneDReader.js [Client Component SSR]
    ./node_modules/@zxing/browser/esm/index.js [Client Component SSR]
    ./src/components/BarcodeCameraScanner.tsx [Client Component SSR]
    ./src/components/LogPackageModal.tsx [Client Component SSR]
    ./src/components/PackagesView.tsx [Client Component SSR]
    ./src/components/PackagesView.tsx [Server Component]
    ./src/app/dashboard/page.tsx [Server Component]

https://nextjs.org/docs/messages/module-not-found


⨯ ./node_modules/@zxing/browser/esm/readers/BrowserMultiFormatReader.js:16:1
Error: Module not found: Can't resolve '@zxing/library'
  [90m14 |[0m     };
  [90m15 |[0m })();
[31m[1m>[0m [90m16 |[0m [36mimport[0m { [33mDecodeHintType[0m, [33mMultiFormatReader[0m, } [36mfrom[0m [32m'@zxing/library'[0m;
  [90m   |[0m [31m[1m^^^^^^^^^^^^^^^^^^^^^^^^^^^^^^^^^^^^^^^^^^^^^^^^^^^^^^^^^^^^^^^^^^^^[0m
  [90m17 |[0m [36mimport[0m { [33mBrowserCodeReader[0m } [36mfrom[0m [32m'./BrowserCodeReader'[0m;
  [90m18 |[0m [36mvar[0m [33mBrowserMultiFormatReader[0m = [90m/** @class */[0m ([36mfunction[0m (_super) {
  [90m19 |[0m     __extends([33mBrowserMultiFormatReader[0m, _super);



Import traces:
  Client Component Browser:
    ./node_modules/@zxing/browser/esm/readers/BrowserMultiFormatReader.js [Client Component Browser]
    ./src/components/BarcodeCameraScanner.tsx [Client Component Browser]
    ./src/components/LogPackageModal.tsx [Client Component Browser]
    ./src/components/PackagesView.tsx [Client Component Browser]
    ./src/components/PackagesView.tsx [Server Component]
    ./src/app/dashboard/page.tsx [Server Component]

  Client Component SSR:
    ./node_modules/@zxing/browser/esm/readers/BrowserMultiFormatReader.js [Client Component SSR]
    ./src/components/BarcodeCameraScanner.tsx [Client Component SSR]
    ./src/components/LogPackageModal.tsx [Client Component SSR]
    ./src/components/PackagesView.tsx [Client Component SSR]
    ./src/components/PackagesView.tsx [Server Component]
    ./src/app/dashboard/page.tsx [Server Component]

https://nextjs.org/docs/messages/module-not-found


⨯ ./node_modules/@zxing/browser/esm/readers/BrowserMultiFormatReader.js:16:1
Error: Module not found: Can't resolve '@zxing/library'
  [90m14 |[0m     };
  [90m15 |[0m })();
[31m[1m>[0m [90m16 |[0m [36mimport[0m { [33mDecodeHintType[0m, [33mMultiFormatReader[0m, } [36mfrom[0m [32m'@zxing/library'[0m;
  [90m   |[0m [31m[1m^^^^^^^^^^^^^^^^^^^^^^^^^^^^^^^^^^^^^^^^^^^^^^^^^^^^^^^^^^^^^^^^^^^^[0m
  [90m17 |[0m [36mimport[0m { [33mBrowserCodeReader[0m } [36mfrom[0m [32m'./BrowserCodeReader'[0m;
  [90m18 |[0m [36mvar[0m [33mBrowserMultiFormatReader[0m = [90m/** @class */[0m ([36mfunction[0m (_super) {
  [90m19 |[0m     __extends([33mBrowserMultiFormatReader[0m, _super);



Import traces:
  Client Component Browser:
    ./node_modules/@zxing/browser/esm/readers/BrowserMultiFormatReader.js [Client Component Browser]
    ./src/components/BarcodeCameraScanner.tsx [Client Component Browser]
    ./src/components/LogPackageModal.tsx [Client Component Browser]
    ./src/components/PackagesView.tsx [Client Component Browser]
    ./src/components/PackagesView.tsx [Server Component]
    ./src/app/dashboard/page.tsx [Server Component]

  Client Component SSR:
    ./node_modules/@zxing/browser/esm/readers/BrowserMultiFormatReader.js [Client Component SSR]
    ./src/components/BarcodeCameraScanner.tsx [Client Component SSR]
    ./src/components/LogPackageModal.tsx [Client Component SSR]
    ./src/components/PackagesView.tsx [Client Component SSR]
    ./src/components/PackagesView.tsx [Server Component]
    ./src/app/dashboard/page.tsx [Server Component]

https://nextjs.org/docs/messages/module-not-found


⨯ ./node_modules/@zxing/browser/esm/readers/BrowserMultiFormatReader.js:16:1
Error: Module not found: Can't resolve '@zxing/library'
  [90m14 |[0m     };
  [90m15 |[0m })();
[31m[1m>[0m [90m16 |[0m [36mimport[0m { [33mDecodeHintType[0m, [33mMultiFormatReader[0m, } [36mfrom[0m [32m'@zxing/library'[0m;
  [90m   |[0m [31m[1m^^^^^^^^^^^^^^^^^^^^^^^^^^^^^^^^^^^^^^^^^^^^^^^^^^^^^^^^^^^^^^^^^^^^[0m
  [90m17 |[0m [36mimport[0m { [33mBrowserCodeReader[0m } [36mfrom[0m [32m'./BrowserCodeReader'[0m;
  [90m18 |[0m [36mvar[0m [33mBrowserMultiFormatReader[0m = [90m/** @class */[0m ([36mfunction[0m (_super) {
  [90m19 |[0m     __extends([33mBrowserMultiFormatReader[0m, _super);



Import traces:
  Client Component Browser:
    ./node_modules/@zxing/browser/esm/readers/BrowserMultiFormatReader.js [Client Component Browser]
    ./src/components/BarcodeCameraScanner.tsx [Client Component Browser]
    ./src/components/LogPackageModal.tsx [Client Component Browser]
    ./src/components/PackagesView.tsx [Client Component Browser]
    ./src/components/PackagesView.tsx [Server Component]
    ./src/app/dashboard/page.tsx [Server Component]

  Client Component SSR:
    ./node_modules/@zxing/browser/esm/readers/BrowserMultiFormatReader.js [Client Component SSR]
    ./src/components/BarcodeCameraScanner.tsx [Client Component SSR]
    ./src/components/LogPackageModal.tsx [Client Component SSR]
    ./src/components/PackagesView.tsx [Client Component SSR]
    ./src/components/PackagesView.tsx [Server Component]
    ./src/app/dashboard/page.tsx [Server Component]

https://nextjs.org/docs/messages/module-not-found


⨯ ./node_modules/@zxing/browser/esm/readers/BrowserMultiFormatReader.js:16:1
Error: Module not found: Can't resolve '@zxing/library'
  [90m14 |[0m     };
  [90m15 |[0m })();
[31m[1m>[0m [90m16 |[0m [36mimport[0m { [33mDecodeHintType[0m, [33mMultiFormatReader[0m, } [36mfrom[0m [32m'@zxing/library'[0m;
  [90m   |[0m [31m[1m^^^^^^^^^^^^^^^^^^^^^^^^^^^^^^^^^^^^^^^^^^^^^^^^^^^^^^^^^^^^^^^^^^^^[0m
  [90m17 |[0m [36mimport[0m { [33mBrowserCodeReader[0m } [36mfrom[0m [32m'./BrowserCodeReader'[0m;
  [90m18 |[0m [36mvar[0m [33mBrowserMultiFormatReader[0m = [90m/** @class */[0m ([36mfunction[0m (_super) {
  [90m19 |[0m     __extends([33mBrowserMultiFormatReader[0m, _super);



Import traces:
  Client Component Browser:
    ./node_modules/@zxing/browser/esm/readers/BrowserMultiFormatReader.js [Client Component Browser]
    ./src/components/BarcodeCameraScanner.tsx [Client Component Browser]
    ./src/components/LogPackageModal.tsx [Client Component Browser]
    ./src/components/PackagesView.tsx [Client Component Browser]
    ./src/components/PackagesView.tsx [Server Component]
    ./src/app/dashboard/page.tsx [Server Component]

  Client Component SSR:
    ./node_modules/@zxing/browser/esm/readers/BrowserMultiFormatReader.js [Client Component SSR]
    ./src/components/BarcodeCameraScanner.tsx [Client Component SSR]
    ./src/components/LogPackageModal.tsx [Client Component SSR]
    ./src/components/PackagesView.tsx [Client Component SSR]
    ./src/components/PackagesView.tsx [Server Component]
    ./src/app/dashboard/page.tsx [Server Component]

https://nextjs.org/docs/messages/module-not-found


⨯ ./node_modules/@zxing/browser/esm/readers/BrowserMultiFormatReader.js:16:1
Error: Module not found: Can't resolve '@zxing/library'
  [90m14 |[0m     };
  [90m15 |[0m })();
[31m[1m>[0m [90m16 |[0m [36mimport[0m { [33mDecodeHintType[0m, [33mMultiFormatReader[0m, } [36mfrom[0m [32m'@zxing/library'[0m;
  [90m   |[0m [31m[1m^^^^^^^^^^^^^^^^^^^^^^^^^^^^^^^^^^^^^^^^^^^^^^^^^^^^^^^^^^^^^^^^^^^^[0m
  [90m17 |[0m [36mimport[0m { [33mBrowserCodeReader[0m } [36mfrom[0m [32m'./BrowserCodeReader'[0m;
  [90m18 |[0m [36mvar[0m [33mBrowserMultiFormatReader[0m = [90m/** @class */[0m ([36mfunction[0m (_super) {
  [90m19 |[0m     __extends([33mBrowserMultiFormatReader[0m, _super);



Import traces:
  Client Component Browser:
    ./node_modules/@zxing/browser/esm/readers/BrowserMultiFormatReader.js [Client Component Browser]
    ./src/components/BarcodeCameraScanner.tsx [Client Component Browser]
    ./src/components/LogPackageModal.tsx [Client Component Browser]
    ./src/components/PackagesView.tsx [Client Component Browser]
    ./src/components/PackagesView.tsx [Server Component]
    ./src/app/dashboard/page.tsx [Server Component]

  Client Component SSR:
    ./node_modules/@zxing/browser/esm/readers/BrowserMultiFormatReader.js [Client Component SSR]
    ./src/components/BarcodeCameraScanner.tsx [Client Component SSR]
    ./src/components/LogPackageModal.tsx [Client Component SSR]
    ./src/components/PackagesView.tsx [Client Component SSR]
    ./src/components/PackagesView.tsx [Server Component]
    ./src/app/dashboard/page.tsx [Server Component]

https://nextjs.org/docs/messages/module-not-found


⨯ ./node_modules/@zxing/browser/esm/readers/BrowserMultiFormatReader.js:16:1
Error: Module not found: Can't resolve '@zxing/library'
  [90m14 |[0m     };
  [90m15 |[0m })();
[31m[1m>[0m [90m16 |[0m [36mimport[0m { [33mDecodeHintType[0m, [33mMultiFormatReader[0m, } [36mfrom[0m [32m'@zxing/library'[0m;
  [90m   |[0m [31m[1m^^^^^^^^^^^^^^^^^^^^^^^^^^^^^^^^^^^^^^^^^^^^^^^^^^^^^^^^^^^^^^^^^^^^[0m
  [90m17 |[0m [36mimport[0m { [33mBrowserCodeReader[0m } [36mfrom[0m [32m'./BrowserCodeReader'[0m;
  [90m18 |[0m [36mvar[0m [33mBrowserMultiFormatReader[0m = [90m/** @class */[0m ([36mfunction[0m (_super) {
  [90m19 |[0m     __extends([33mBrowserMultiFormatReader[0m, _super);



Import traces:
  Client Component Browser:
    ./node_modules/@zxing/browser/esm/readers/BrowserMultiFormatReader.js [Client Component Browser]
    ./src/components/BarcodeCameraScanner.tsx [Client Component Browser]
    ./src/components/LogPackageModal.tsx [Client Component Browser]
    ./src/components/PackagesView.tsx [Client Component Browser]
    ./src/components/PackagesView.tsx [Server Component]
    ./src/app/dashboard/page.tsx [Server Component]

  Client Component SSR:
    ./node_modules/@zxing/browser/esm/readers/BrowserMultiFormatReader.js [Client Component SSR]
    ./src/components/BarcodeCameraScanner.tsx [Client Component SSR]
    ./src/components/LogPackageModal.tsx [Client Component SSR]
    ./src/components/PackagesView.tsx [Client Component SSR]
    ./src/components/PackagesView.tsx [Server Component]
    ./src/app/dashboard/page.tsx [Server Component]

https://nextjs.org/docs/messages/module-not-found


⨯ ./node_modules/@zxing/browser/esm/readers/BrowserPDF417Reader.js:16:1
Error: Module not found: Can't resolve '@zxing/library'
  [90m14 |[0m     };
  [90m15 |[0m })();
[31m[1m>[0m [90m16 |[0m [36mimport[0m { [33mPDF417Reader[0m } [36mfrom[0m [32m'@zxing/library'[0m;
  [90m   |[0m [31m[1m^^^^^^^^^^^^^^^^^^^^^^^^^^^^^^^^^^^^^^^^^^^^^^[0m
  [90m17 |[0m [36mimport[0m { [33mBrowserCodeReader[0m } [36mfrom[0m [32m'./BrowserCodeReader'[0m;
  [90m18 |[0m /**
  [90m19 |[0m  * [33mQR[0m [33mCode[0m reader to use [36mfrom[0m browser.



Import traces:
  Client Component Browser:
    ./node_modules/@zxing/browser/esm/readers/BrowserPDF417Reader.js [Client Component Browser]
    ./node_modules/@zxing/browser/esm/index.js [Client Component Browser]
    ./src/components/BarcodeCameraScanner.tsx [Client Component Browser]
    ./src/components/LogPackageModal.tsx [Client Component Browser]
    ./src/components/PackagesView.tsx [Client Component Browser]
    ./src/components/PackagesView.tsx [Server Component]
    ./src/app/dashboard/page.tsx [Server Component]

  Client Component SSR:
    ./node_modules/@zxing/browser/esm/readers/BrowserPDF417Reader.js [Client Component SSR]
    ./node_modules/@zxing/browser/esm/index.js [Client Component SSR]
    ./src/components/BarcodeCameraScanner.tsx [Client Component SSR]
    ./src/components/LogPackageModal.tsx [Client Component SSR]
    ./src/components/PackagesView.tsx [Client Component SSR]
    ./src/components/PackagesView.tsx [Server Component]
    ./src/app/dashboard/page.tsx [Server Component]

https://nextjs.org/docs/messages/module-not-found


⨯ ./node_modules/@zxing/browser/esm/readers/BrowserPDF417Reader.js:16:1
Error: Module not found: Can't resolve '@zxing/library'
  [90m14 |[0m     };
  [90m15 |[0m })();
[31m[1m>[0m [90m16 |[0m [36mimport[0m { [33mPDF417Reader[0m } [36mfrom[0m [32m'@zxing/library'[0m;
  [90m   |[0m [31m[1m^^^^^^^^^^^^^^^^^^^^^^^^^^^^^^^^^^^^^^^^^^^^^^[0m
  [90m17 |[0m [36mimport[0m { [33mBrowserCodeReader[0m } [36mfrom[0m [32m'./BrowserCodeReader'[0m;
  [90m18 |[0m /**
  [90m19 |[0m  * [33mQR[0m [33mCode[0m reader to use [36mfrom[0m browser.



Import traces:
  Client Component Browser:
    ./node_modules/@zxing/browser/esm/readers/BrowserPDF417Reader.js [Client Component Browser]
    ./node_modules/@zxing/browser/esm/index.js [Client Component Browser]
    ./src/components/BarcodeCameraScanner.tsx [Client Component Browser]
    ./src/components/LogPackageModal.tsx [Client Component Browser]
    ./src/components/PackagesView.tsx [Client Component Browser]
    ./src/components/PackagesView.tsx [Server Component]
    ./src/app/dashboard/page.tsx [Server Component]

  Client Component SSR:
    ./node_modules/@zxing/browser/esm/readers/BrowserPDF417Reader.js [Client Component SSR]
    ./node_modules/@zxing/browser/esm/index.js [Client Component SSR]
    ./src/components/BarcodeCameraScanner.tsx [Client Component SSR]
    ./src/components/LogPackageModal.tsx [Client Component SSR]
    ./src/components/PackagesView.tsx [Client Component SSR]
    ./src/components/PackagesView.tsx [Server Component]
    ./src/app/dashboard/page.tsx [Server Component]

https://nextjs.org/docs/messages/module-not-found


⨯ ./node_modules/@zxing/browser/esm/readers/BrowserPDF417Reader.js:16:1
Error: Module not found: Can't resolve '@zxing/library'
  [90m14 |[0m     };
  [90m15 |[0m })();
[31m[1m>[0m [90m16 |[0m [36mimport[0m { [33mPDF417Reader[0m } [36mfrom[0m [32m'@zxing/library'[0m;
  [90m   |[0m [31m[1m^^^^^^^^^^^^^^^^^^^^^^^^^^^^^^^^^^^^^^^^^^^^^^[0m
  [90m17 |[0m [36mimport[0m { [33mBrowserCodeReader[0m } [36mfrom[0m [32m'./BrowserCodeReader'[0m;
  [90m18 |[0m /**
  [90m19 |[0m  * [33mQR[0m [33mCode[0m reader to use [36mfrom[0m browser.



Import traces:
  Client Component Browser:
    ./node_modules/@zxing/browser/esm/readers/BrowserPDF417Reader.js [Client Component Browser]
    ./node_modules/@zxing/browser/esm/index.js [Client Component Browser]
    ./src/components/BarcodeCameraScanner.tsx [Client Component Browser]
    ./src/components/LogPackageModal.tsx [Client Component Browser]
    ./src/components/PackagesView.tsx [Client Component Browser]
    ./src/components/PackagesView.tsx [Server Component]
    ./src/app/dashboard/page.tsx [Server Component]

  Client Component SSR:
    ./node_modules/@zxing/browser/esm/readers/BrowserPDF417Reader.js [Client Component SSR]
    ./node_modules/@zxing/browser/esm/index.js [Client Component SSR]
    ./src/components/BarcodeCameraScanner.tsx [Client Component SSR]
    ./src/components/LogPackageModal.tsx [Client Component SSR]
    ./src/components/PackagesView.tsx [Client Component SSR]
    ./src/components/PackagesView.tsx [Server Component]
    ./src/app/dashboard/page.tsx [Server Component]

https://nextjs.org/docs/messages/module-not-found


⨯ ./node_modules/@zxing/browser/esm/readers/BrowserPDF417Reader.js:16:1
Error: Module not found: Can't resolve '@zxing/library'
  [90m14 |[0m     };
  [90m15 |[0m })();
[31m[1m>[0m [90m16 |[0m [36mimport[0m { [33mPDF417Reader[0m } [36mfrom[0m [32m'@zxing/library'[0m;
  [90m   |[0m [31m[1m^^^^^^^^^^^^^^^^^^^^^^^^^^^^^^^^^^^^^^^^^^^^^^[0m
  [90m17 |[0m [36mimport[0m { [33mBrowserCodeReader[0m } [36mfrom[0m [32m'./BrowserCodeReader'[0m;
  [90m18 |[0m /**
  [90m19 |[0m  * [33mQR[0m [33mCode[0m reader to use [36mfrom[0m browser.



Import traces:
  Client Component Browser:
    ./node_modules/@zxing/browser/esm/readers/BrowserPDF417Reader.js [Client Component Browser]
    ./node_modules/@zxing/browser/esm/index.js [Client Component Browser]
    ./src/components/BarcodeCameraScanner.tsx [Client Component Browser]
    ./src/components/LogPackageModal.tsx [Client Component Browser]
    ./src/components/PackagesView.tsx [Client Component Browser]
    ./src/components/PackagesView.tsx [Server Component]
    ./src/app/dashboard/page.tsx [Server Component]

  Client Component SSR:
    ./node_modules/@zxing/browser/esm/readers/BrowserPDF417Reader.js [Client Component SSR]
    ./node_modules/@zxing/browser/esm/index.js [Client Component SSR]
    ./src/components/BarcodeCameraScanner.tsx [Client Component SSR]
    ./src/components/LogPackageModal.tsx [Client Component SSR]
    ./src/components/PackagesView.tsx [Client Component SSR]
    ./src/components/PackagesView.tsx [Server Component]
    ./src/app/dashboard/page.tsx [Server Component]

https://nextjs.org/docs/messages/module-not-found


⨯ ./node_modules/@zxing/browser/esm/readers/BrowserQRCodeReader.js:16:1
Error: Module not found: Can't resolve '@zxing/library'
  [90m14 |[0m     };
  [90m15 |[0m })();
[31m[1m>[0m [90m16 |[0m [36mimport[0m { [33mQRCodeReader[0m } [36mfrom[0m [32m'@zxing/library'[0m;
  [90m   |[0m [31m[1m^^^^^^^^^^^^^^^^^^^^^^^^^^^^^^^^^^^^^^^^^^^^^^[0m
  [90m17 |[0m [36mimport[0m { [33mBrowserCodeReader[0m } [36mfrom[0m [32m'./BrowserCodeReader'[0m;
  [90m18 |[0m /**
  [90m19 |[0m  * [33mQR[0m [33mCode[0m reader to use [36mfrom[0m browser.



Import traces:
  Client Component Browser:
    ./node_modules/@zxing/browser/esm/readers/BrowserQRCodeReader.js [Client Component Browser]
    ./node_modules/@zxing/browser/esm/index.js [Client Component Browser]
    ./src/components/BarcodeCameraScanner.tsx [Client Component Browser]
    ./src/components/LogPackageModal.tsx [Client Component Browser]
    ./src/components/PackagesView.tsx [Client Component Browser]
    ./src/components/PackagesView.tsx [Server Component]
    ./src/app/dashboard/page.tsx [Server Component]

  Client Component SSR:
    ./node_modules/@zxing/browser/esm/readers/BrowserQRCodeReader.js [Client Component SSR]
    ./node_modules/@zxing/browser/esm/index.js [Client Component SSR]
    ./src/components/BarcodeCameraScanner.tsx [Client Component SSR]
    ./src/components/LogPackageModal.tsx [Client Component SSR]
    ./src/components/PackagesView.tsx [Client Component SSR]
    ./src/components/PackagesView.tsx [Server Component]
    ./src/app/dashboard/page.tsx [Server Component]

https://nextjs.org/docs/messages/module-not-found


⨯ ./node_modules/@zxing/browser/esm/readers/BrowserQRCodeReader.js:16:1
Error: Module not found: Can't resolve '@zxing/library'
  [90m14 |[0m     };
  [90m15 |[0m })();
[31m[1m>[0m [90m16 |[0m [36mimport[0m { [33mQRCodeReader[0m } [36mfrom[0m [32m'@zxing/library'[0m;
  [90m   |[0m [31m[1m^^^^^^^^^^^^^^^^^^^^^^^^^^^^^^^^^^^^^^^^^^^^^^[0m
  [90m17 |[0m [36mimport[0m { [33mBrowserCodeReader[0m } [36mfrom[0m [32m'./BrowserCodeReader'[0m;
  [90m18 |[0m /**
  [90m19 |[0m  * [33mQR[0m [33mCode[0m reader to use [36mfrom[0m browser.



Import traces:
  Client Component Browser:
    ./node_modules/@zxing/browser/esm/readers/BrowserQRCodeReader.js [Client Component Browser]
    ./node_modules/@zxing/browser/esm/index.js [Client Component Browser]
    ./src/components/BarcodeCameraScanner.tsx [Client Component Browser]
    ./src/components/LogPackageModal.tsx [Client Component Browser]
    ./src/components/PackagesView.tsx [Client Component Browser]
    ./src/components/PackagesView.tsx [Server Component]
    ./src/app/dashboard/page.tsx [Server Component]

  Client Component SSR:
    ./node_modules/@zxing/browser/esm/readers/BrowserQRCodeReader.js [Client Component SSR]
    ./node_modules/@zxing/browser/esm/index.js [Client Component SSR]
    ./src/components/BarcodeCameraScanner.tsx [Client Component SSR]
    ./src/components/LogPackageModal.tsx [Client Component SSR]
    ./src/components/PackagesView.tsx [Client Component SSR]
    ./src/components/PackagesView.tsx [Server Component]
    ./src/app/dashboard/page.tsx [Server Component]

https://nextjs.org/docs/messages/module-not-found


⨯ ./node_modules/@zxing/browser/esm/readers/BrowserQRCodeReader.js:16:1
Error: Module not found: Can't resolve '@zxing/library'
  [90m14 |[0m     };
  [90m15 |[0m })();
[31m[1m>[0m [90m16 |[0m [36mimport[0m { [33mQRCodeReader[0m } [36mfrom[0m [32m'@zxing/library'[0m;
  [90m   |[0m [31m[1m^^^^^^^^^^^^^^^^^^^^^^^^^^^^^^^^^^^^^^^^^^^^^^[0m
  [90m17 |[0m [36mimport[0m { [33mBrowserCodeReader[0m } [36mfrom[0m [32m'./BrowserCodeReader'[0m;
  [90m18 |[0m /**
  [90m19 |[0m  * [33mQR[0m [33mCode[0m reader to use [36mfrom[0m browser.



Import traces:
  Client Component Browser:
    ./node_modules/@zxing/browser/esm/readers/BrowserQRCodeReader.js [Client Component Browser]
    ./node_modules/@zxing/browser/esm/index.js [Client Component Browser]
    ./src/components/BarcodeCameraScanner.tsx [Client Component Browser]
    ./src/components/LogPackageModal.tsx [Client Component Browser]
    ./src/components/PackagesView.tsx [Client Component Browser]
    ./src/components/PackagesView.tsx [Server Component]
    ./src/app/dashboard/page.tsx [Server Component]

  Client Component SSR:
    ./node_modules/@zxing/browser/esm/readers/BrowserQRCodeReader.js [Client Component SSR]
    ./node_modules/@zxing/browser/esm/index.js [Client Component SSR]
    ./src/components/BarcodeCameraScanner.tsx [Client Component SSR]
    ./src/components/LogPackageModal.tsx [Client Component SSR]
    ./src/components/PackagesView.tsx [Client Component SSR]
    ./src/components/PackagesView.tsx [Server Component]
    ./src/app/dashboard/page.tsx [Server Component]

https://nextjs.org/docs/messages/module-not-found


⨯ ./node_modules/@zxing/browser/esm/readers/BrowserQRCodeReader.js:16:1
Error: Module not found: Can't resolve '@zxing/library'
  [90m14 |[0m     };
  [90m15 |[0m })();
[31m[1m>[0m [90m16 |[0m [36mimport[0m { [33mQRCodeReader[0m } [36mfrom[0m [32m'@zxing/library'[0m;
  [90m   |[0m [31m[1m^^^^^^^^^^^^^^^^^^^^^^^^^^^^^^^^^^^^^^^^^^^^^^[0m
  [90m17 |[0m [36mimport[0m { [33mBrowserCodeReader[0m } [36mfrom[0m [32m'./BrowserCodeReader'[0m;
  [90m18 |[0m /**
  [90m19 |[0m  * [33mQR[0m [33mCode[0m reader to use [36mfrom[0m browser.



Import traces:
  Client Component Browser:
    ./node_modules/@zxing/browser/esm/readers/BrowserQRCodeReader.js [Client Component Browser]
    ./node_modules/@zxing/browser/esm/index.js [Client Component Browser]
    ./src/components/BarcodeCameraScanner.tsx [Client Component Browser]
    ./src/components/LogPackageModal.tsx [Client Component Browser]
    ./src/components/PackagesView.tsx [Client Component Browser]
    ./src/components/PackagesView.tsx [Server Component]
    ./src/app/dashboard/page.tsx [Server Component]

  Client Component SSR:
    ./node_modules/@zxing/browser/esm/readers/BrowserQRCodeReader.js [Client Component SSR]
    ./node_modules/@zxing/browser/esm/index.js [Client Component SSR]
    ./src/components/BarcodeCameraScanner.tsx [Client Component SSR]
    ./src/components/LogPackageModal.tsx [Client Component SSR]
    ./src/components/PackagesView.tsx [Client Component SSR]
    ./src/components/PackagesView.tsx [Server Component]
    ./src/app/dashboard/page.tsx [Server Component]

https://nextjs.org/docs/messages/module-not-found


⨯ ./node_modules/@zxing/browser/esm/writers/BrowserCodeSvgWriter.js:1:1
Error: Module not found: Can't resolve '@zxing/library'
[31m[1m>[0m [90m1 |[0m ...[33malArgumentException[0m, [33mIllegalStateException[0m, [33mQRCodeDecoderErrorCorrectionLevel[0m, [33mQRCodeEnc...[0m
  [90m  |[0m    [31m[1m^^^^^^^^^^^^^^^^^^^^^^^^^^^^^^^^^^^^^^^^^^^^^^^^^^^^^^^^^^^^^^^^^^^^^^^^^^^^^^^^^^^^^^^^^^^[0m
  [90m2 |[0m ...[32m/2000/svg'[0m;
  [90m3 |[0m ...
  [90m4 |[0m ...[90m @class */[0m ([36mfunction[0m () {



Import traces:
  Client Component Browser:
    ./node_modules/@zxing/browser/esm/writers/BrowserCodeSvgWriter.js [Client Component Browser]
    ./node_modules/@zxing/browser/esm/index.js [Client Component Browser]
    ./src/components/BarcodeCameraScanner.tsx [Client Component Browser]
    ./src/components/LogPackageModal.tsx [Client Component Browser]
    ./src/components/PackagesView.tsx [Client Component Browser]
    ./src/components/PackagesView.tsx [Server Component]
    ./src/app/dashboard/page.tsx [Server Component]

  Client Component SSR:
    ./node_modules/@zxing/browser/esm/writers/BrowserCodeSvgWriter.js [Client Component SSR]
    ./node_modules/@zxing/browser/esm/index.js [Client Component SSR]
    ./src/components/BarcodeCameraScanner.tsx [Client Component SSR]
    ./src/components/LogPackageModal.tsx [Client Component SSR]
    ./src/components/PackagesView.tsx [Client Component SSR]
    ./src/components/PackagesView.tsx [Server Component]
    ./src/app/dashboard/page.tsx [Server Component]

https://nextjs.org/docs/messages/module-not-found


⨯ ./node_modules/@zxing/browser/esm/writers/BrowserCodeSvgWriter.js:1:1
Error: Module not found: Can't resolve '@zxing/library'
[31m[1m>[0m [90m1 |[0m ...[33malArgumentException[0m, [33mIllegalStateException[0m, [33mQRCodeDecoderErrorCorrectionLevel[0m, [33mQRCodeEnc...[0m
  [90m  |[0m    [31m[1m^^^^^^^^^^^^^^^^^^^^^^^^^^^^^^^^^^^^^^^^^^^^^^^^^^^^^^^^^^^^^^^^^^^^^^^^^^^^^^^^^^^^^^^^^^^[0m
  [90m2 |[0m ...[32m/2000/svg'[0m;
  [90m3 |[0m ...
  [90m4 |[0m ...[90m @class */[0m ([36mfunction[0m () {



Import traces:
  Client Component Browser:
    ./node_modules/@zxing/browser/esm/writers/BrowserCodeSvgWriter.js [Client Component Browser]
    ./node_modules/@zxing/browser/esm/index.js [Client Component Browser]
    ./src/components/BarcodeCameraScanner.tsx [Client Component Browser]
    ./src/components/LogPackageModal.tsx [Client Component Browser]
    ./src/components/PackagesView.tsx [Client Component Browser]
    ./src/components/PackagesView.tsx [Server Component]
    ./src/app/dashboard/page.tsx [Server Component]

  Client Component SSR:
    ./node_modules/@zxing/browser/esm/writers/BrowserCodeSvgWriter.js [Client Component SSR]
    ./node_modules/@zxing/browser/esm/index.js [Client Component SSR]
    ./src/components/BarcodeCameraScanner.tsx [Client Component SSR]
    ./src/components/LogPackageModal.tsx [Client Component SSR]
    ./src/components/PackagesView.tsx [Client Component SSR]
    ./src/components/PackagesView.tsx [Server Component]
    ./src/app/dashboard/page.tsx [Server Component]

https://nextjs.org/docs/messages/module-not-found


⨯ ./node_modules/@zxing/browser/esm/writers/BrowserCodeSvgWriter.js:1:1
Error: Module not found: Can't resolve '@zxing/library'
[31m[1m>[0m [90m1 |[0m ...[33malArgumentException[0m, [33mIllegalStateException[0m, [33mQRCodeDecoderErrorCorrectionLevel[0m, [33mQRCodeEnc...[0m
  [90m  |[0m    [31m[1m^^^^^^^^^^^^^^^^^^^^^^^^^^^^^^^^^^^^^^^^^^^^^^^^^^^^^^^^^^^^^^^^^^^^^^^^^^^^^^^^^^^^^^^^^^^[0m
  [90m2 |[0m ...[32m/2000/svg'[0m;
  [90m3 |[0m ...
  [90m4 |[0m ...[90m @class */[0m ([36mfunction[0m () {



Import traces:
  Client Component Browser:
    ./node_modules/@zxing/browser/esm/writers/BrowserCodeSvgWriter.js [Client Component Browser]
    ./node_modules/@zxing/browser/esm/index.js [Client Component Browser]
    ./src/components/BarcodeCameraScanner.tsx [Client Component Browser]
    ./src/components/LogPackageModal.tsx [Client Component Browser]
    ./src/components/PackagesView.tsx [Client Component Browser]
    ./src/components/PackagesView.tsx [Server Component]
    ./src/app/dashboard/page.tsx [Server Component]

  Client Component SSR:
    ./node_modules/@zxing/browser/esm/writers/BrowserCodeSvgWriter.js [Client Component SSR]
    ./node_modules/@zxing/browser/esm/index.js [Client Component SSR]
    ./src/components/BarcodeCameraScanner.tsx [Client Component SSR]
    ./src/components/LogPackageModal.tsx [Client Component SSR]
    ./src/components/PackagesView.tsx [Client Component SSR]
    ./src/components/PackagesView.tsx [Server Component]
    ./src/app/dashboard/page.tsx [Server Component]

https://nextjs.org/docs/messages/module-not-found


⨯ ./node_modules/@zxing/browser/esm/writers/BrowserCodeSvgWriter.js:1:1
Error: Module not found: Can't resolve '@zxing/library'
[31m[1m>[0m [90m1 |[0m ...[33malArgumentException[0m, [33mIllegalStateException[0m, [33mQRCodeDecoderErrorCorrectionLevel[0m, [33mQRCodeEnc...[0m
  [90m  |[0m    [31m[1m^^^^^^^^^^^^^^^^^^^^^^^^^^^^^^^^^^^^^^^^^^^^^^^^^^^^^^^^^^^^^^^^^^^^^^^^^^^^^^^^^^^^^^^^^^^[0m
  [90m2 |[0m ...[32m/2000/svg'[0m;
  [90m3 |[0m ...
  [90m4 |[0m ...[90m @class */[0m ([36mfunction[0m () {



Import traces:
  Client Component Browser:
    ./node_modules/@zxing/browser/esm/writers/BrowserCodeSvgWriter.js [Client Component Browser]
    ./node_modules/@zxing/browser/esm/index.js [Client Component Browser]
    ./src/components/BarcodeCameraScanner.tsx [Client Component Browser]
    ./src/components/LogPackageModal.tsx [Client Component Browser]
    ./src/components/PackagesView.tsx [Client Component Browser]
    ./src/components/PackagesView.tsx [Server Component]
    ./src/app/dashboard/page.tsx [Server Component]

  Client Component SSR:
    ./node_modules/@zxing/browser/esm/writers/BrowserCodeSvgWriter.js [Client Component SSR]
    ./node_modules/@zxing/browser/esm/index.js [Client Component SSR]
    ./src/components/BarcodeCameraScanner.tsx [Client Component SSR]
    ./src/components/LogPackageModal.tsx [Client Component SSR]
    ./src/components/PackagesView.tsx [Client Component SSR]
    ./src/components/PackagesView.tsx [Server Component]
    ./src/app/dashboard/page.tsx [Server Component]

https://nextjs.org/docs/messages/module-not-found


⨯ ./node_modules/@zxing/browser/esm/writers/BrowserCodeSvgWriter.js:1:1
Error: Module not found: Can't resolve '@zxing/library'
[31m[1m>[0m [90m1 |[0m ...[33malArgumentException[0m, [33mIllegalStateException[0m, [33mQRCodeDecoderErrorCorrectionLevel[0m, [33mQRCodeEnc...[0m
  [90m  |[0m    [31m[1m^^^^^^^^^^^^^^^^^^^^^^^^^^^^^^^^^^^^^^^^^^^^^^^^^^^^^^^^^^^^^^^^^^^^^^^^^^^^^^^^^^^^^^^^^^^[0m
  [90m2 |[0m ...[32m/2000/svg'[0m;
  [90m3 |[0m ...
  [90m4 |[0m ...[90m @class */[0m ([36mfunction[0m () {



Import traces:
  Client Component Browser:
    ./node_modules/@zxing/browser/esm/writers/BrowserCodeSvgWriter.js [Client Component Browser]
    ./node_modules/@zxing/browser/esm/index.js [Client Component Browser]
    ./src/components/BarcodeCameraScanner.tsx [Client Component Browser]
    ./src/components/LogPackageModal.tsx [Client Component Browser]
    ./src/components/PackagesView.tsx [Client Component Browser]
    ./src/components/PackagesView.tsx [Server Component]
    ./src/app/dashboard/page.tsx [Server Component]

  Client Component SSR:
    ./node_modules/@zxing/browser/esm/writers/BrowserCodeSvgWriter.js [Client Component SSR]
    ./node_modules/@zxing/browser/esm/index.js [Client Component SSR]
    ./src/components/BarcodeCameraScanner.tsx [Client Component SSR]
    ./src/components/LogPackageModal.tsx [Client Component SSR]
    ./src/components/PackagesView.tsx [Client Component SSR]
    ./src/components/PackagesView.tsx [Server Component]
    ./src/app/dashboard/page.tsx [Server Component]

https://nextjs.org/docs/messages/module-not-found


⨯ ./node_modules/@zxing/browser/esm/writers/BrowserCodeSvgWriter.js:1:1
Error: Module not found: Can't resolve '@zxing/library'
[31m[1m>[0m [90m1 |[0m ...[33malArgumentException[0m, [33mIllegalStateException[0m, [33mQRCodeDecoderErrorCorrectionLevel[0m, [33mQRCodeEnc...[0m
  [90m  |[0m    [31m[1m^^^^^^^^^^^^^^^^^^^^^^^^^^^^^^^^^^^^^^^^^^^^^^^^^^^^^^^^^^^^^^^^^^^^^^^^^^^^^^^^^^^^^^^^^^^[0m
  [90m2 |[0m ...[32m/2000/svg'[0m;
  [90m3 |[0m ...
  [90m4 |[0m ...[90m @class */[0m ([36mfunction[0m () {



Import traces:
  Client Component Browser:
    ./node_modules/@zxing/browser/esm/writers/BrowserCodeSvgWriter.js [Client Component Browser]
    ./node_modules/@zxing/browser/esm/index.js [Client Component Browser]
    ./src/components/BarcodeCameraScanner.tsx [Client Component Browser]
    ./src/components/LogPackageModal.tsx [Client Component Browser]
    ./src/components/PackagesView.tsx [Client Component Browser]
    ./src/components/PackagesView.tsx [Server Component]
    ./src/app/dashboard/page.tsx [Server Component]

  Client Component SSR:
    ./node_modules/@zxing/browser/esm/writers/BrowserCodeSvgWriter.js [Client Component SSR]
    ./node_modules/@zxing/browser/esm/index.js [Client Component SSR]
    ./src/components/BarcodeCameraScanner.tsx [Client Component SSR]
    ./src/components/LogPackageModal.tsx [Client Component SSR]
    ./src/components/PackagesView.tsx [Client Component SSR]
    ./src/components/PackagesView.tsx [Server Component]
    ./src/app/dashboard/page.tsx [Server Component]

https://nextjs.org/docs/messages/module-not-found


⨯ ./node_modules/@zxing/browser/esm/writers/BrowserCodeSvgWriter.js:1:1
Error: Module not found: Can't resolve '@zxing/library'
[31m[1m>[0m [90m1 |[0m ...[33malArgumentException[0m, [33mIllegalStateException[0m, [33mQRCodeDecoderErrorCorrectionLevel[0m, [33mQRCodeEnc...[0m
  [90m  |[0m    [31m[1m^^^^^^^^^^^^^^^^^^^^^^^^^^^^^^^^^^^^^^^^^^^^^^^^^^^^^^^^^^^^^^^^^^^^^^^^^^^^^^^^^^^^^^^^^^^[0m
  [90m2 |[0m ...[32m/2000/svg'[0m;
  [90m3 |[0m ...
  [90m4 |[0m ...[90m @class */[0m ([36mfunction[0m () {



Import traces:
  Client Component Browser:
    ./node_modules/@zxing/browser/esm/writers/BrowserCodeSvgWriter.js [Client Component Browser]
    ./node_modules/@zxing/browser/esm/index.js [Client Component Browser]
    ./src/components/BarcodeCameraScanner.tsx [Client Component Browser]
    ./src/components/LogPackageModal.tsx [Client Component Browser]
    ./src/components/PackagesView.tsx [Client Component Browser]
    ./src/components/PackagesView.tsx [Server Component]
    ./src/app/dashboard/page.tsx [Server Component]

  Client Component SSR:
    ./node_modules/@zxing/browser/esm/writers/BrowserCodeSvgWriter.js [Client Component SSR]
    ./node_modules/@zxing/browser/esm/index.js [Client Component SSR]
    ./src/components/BarcodeCameraScanner.tsx [Client Component SSR]
    ./src/components/LogPackageModal.tsx [Client Component SSR]
    ./src/components/PackagesView.tsx [Client Component SSR]
    ./src/components/PackagesView.tsx [Server Component]
    ./src/app/dashboard/page.tsx [Server Component]

https://nextjs.org/docs/messages/module-not-found


⨯ ./node_modules/@zxing/browser/esm/writers/BrowserCodeSvgWriter.js:1:1
Error: Module not found: Can't resolve '@zxing/library'
[31m[1m>[0m [90m1 |[0m ...[33malArgumentException[0m, [33mIllegalStateException[0m, [33mQRCodeDecoderErrorCorrectionLevel[0m, [33mQRCodeEnc...[0m
  [90m  |[0m    [31m[1m^^^^^^^^^^^^^^^^^^^^^^^^^^^^^^^^^^^^^^^^^^^^^^^^^^^^^^^^^^^^^^^^^^^^^^^^^^^^^^^^^^^^^^^^^^^[0m
  [90m2 |[0m ...[32m/2000/svg'[0m;
  [90m3 |[0m ...
  [90m4 |[0m ...[90m @class */[0m ([36mfunction[0m () {



Import traces:
  Client Component Browser:
    ./node_modules/@zxing/browser/esm/writers/BrowserCodeSvgWriter.js [Client Component Browser]
    ./node_modules/@zxing/browser/esm/index.js [Client Component Browser]
    ./src/components/BarcodeCameraScanner.tsx [Client Component Browser]
    ./src/components/LogPackageModal.tsx [Client Component Browser]
    ./src/components/PackagesView.tsx [Client Component Browser]
    ./src/components/PackagesView.tsx [Server Component]
    ./src/app/dashboard/page.tsx [Server Component]

  Client Component SSR:
    ./node_modules/@zxing/browser/esm/writers/BrowserCodeSvgWriter.js [Client Component SSR]
    ./node_modules/@zxing/browser/esm/index.js [Client Component SSR]
    ./src/components/BarcodeCameraScanner.tsx [Client Component SSR]
    ./src/components/LogPackageModal.tsx [Client Component SSR]
    ./src/components/PackagesView.tsx [Client Component SSR]
    ./src/components/PackagesView.tsx [Server Component]
    ./src/app/dashboard/page.tsx [Server Component]

https://nextjs.org/docs/messages/module-not-found


⨯ ./node_modules/@zxing/browser/esm/writers/BrowserCodeSvgWriter.js:1:1
Error: Module not found: Can't resolve '@zxing/library'
[31m[1m>[0m [90m1 |[0m ...[33malArgumentException[0m, [33mIllegalStateException[0m, [33mQRCodeDecoderErrorCorrectionLevel[0m, [33mQRCodeEnc...[0m
  [90m  |[0m    [31m[1m^^^^^^^^^^^^^^^^^^^^^^^^^^^^^^^^^^^^^^^^^^^^^^^^^^^^^^^^^^^^^^^^^^^^^^^^^^^^^^^^^^^^^^^^^^^[0m
  [90m2 |[0m ...[32m/2000/svg'[0m;
  [90m3 |[0m ...
  [90m4 |[0m ...[90m @class */[0m ([36mfunction[0m () {



Import traces:
  Client Component Browser:
    ./node_modules/@zxing/browser/esm/writers/BrowserCodeSvgWriter.js [Client Component Browser]
    ./node_modules/@zxing/browser/esm/index.js [Client Component Browser]
    ./src/components/BarcodeCameraScanner.tsx [Client Component Browser]
    ./src/components/LogPackageModal.tsx [Client Component Browser]
    ./src/components/PackagesView.tsx [Client Component Browser]
    ./src/components/PackagesView.tsx [Server Component]
    ./src/app/dashboard/page.tsx [Server Component]

  Client Component SSR:
    ./node_modules/@zxing/browser/esm/writers/BrowserCodeSvgWriter.js [Client Component SSR]
    ./node_modules/@zxing/browser/esm/index.js [Client Component SSR]
    ./src/components/BarcodeCameraScanner.tsx [Client Component SSR]
    ./src/components/LogPackageModal.tsx [Client Component SSR]
    ./src/components/PackagesView.tsx [Client Component SSR]
    ./src/components/PackagesView.tsx [Server Component]
    ./src/app/dashboard/page.tsx [Server Component]

https://nextjs.org/docs/messages/module-not-found


⨯ ./node_modules/@zxing/browser/esm/writers/BrowserCodeSvgWriter.js:1:1
Error: Module not found: Can't resolve '@zxing/library'
[31m[1m>[0m [90m1 |[0m ...[33malArgumentException[0m, [33mIllegalStateException[0m, [33mQRCodeDecoderErrorCorrectionLevel[0m, [33mQRCodeEnc...[0m
  [90m  |[0m    [31m[1m^^^^^^^^^^^^^^^^^^^^^^^^^^^^^^^^^^^^^^^^^^^^^^^^^^^^^^^^^^^^^^^^^^^^^^^^^^^^^^^^^^^^^^^^^^^[0m
  [90m2 |[0m ...[32m/2000/svg'[0m;
  [90m3 |[0m ...
  [90m4 |[0m ...[90m @class */[0m ([36mfunction[0m () {



Import traces:
  Client Component Browser:
    ./node_modules/@zxing/browser/esm/writers/BrowserCodeSvgWriter.js [Client Component Browser]
    ./node_modules/@zxing/browser/esm/index.js [Client Component Browser]
    ./src/components/BarcodeCameraScanner.tsx [Client Component Browser]
    ./src/components/LogPackageModal.tsx [Client Component Browser]
    ./src/components/PackagesView.tsx [Client Component Browser]
    ./src/components/PackagesView.tsx [Server Component]
    ./src/app/dashboard/page.tsx [Server Component]

  Client Component SSR:
    ./node_modules/@zxing/browser/esm/writers/BrowserCodeSvgWriter.js [Client Component SSR]
    ./node_modules/@zxing/browser/esm/index.js [Client Component SSR]
    ./src/components/BarcodeCameraScanner.tsx [Client Component SSR]
    ./src/components/LogPackageModal.tsx [Client Component SSR]
    ./src/components/PackagesView.tsx [Client Component SSR]
    ./src/components/PackagesView.tsx [Server Component]
    ./src/app/dashboard/page.tsx [Server Component]

https://nextjs.org/docs/messages/module-not-found


⨯ ./node_modules/@zxing/browser/esm/writers/BrowserCodeSvgWriter.js:1:1
Error: Module not found: Can't resolve '@zxing/library'
[31m[1m>[0m [90m1 |[0m ...[33malArgumentException[0m, [33mIllegalStateException[0m, [33mQRCodeDecoderErrorCorrectionLevel[0m, [33mQRCodeEnc...[0m
  [90m  |[0m    [31m[1m^^^^^^^^^^^^^^^^^^^^^^^^^^^^^^^^^^^^^^^^^^^^^^^^^^^^^^^^^^^^^^^^^^^^^^^^^^^^^^^^^^^^^^^^^^^[0m
  [90m2 |[0m ...[32m/2000/svg'[0m;
  [90m3 |[0m ...
  [90m4 |[0m ...[90m @class */[0m ([36mfunction[0m () {



Import traces:
  Client Component Browser:
    ./node_modules/@zxing/browser/esm/writers/BrowserCodeSvgWriter.js [Client Component Browser]
    ./node_modules/@zxing/browser/esm/index.js [Client Component Browser]
    ./src/components/BarcodeCameraScanner.tsx [Client Component Browser]
    ./src/components/LogPackageModal.tsx [Client Component Browser]
    ./src/components/PackagesView.tsx [Client Component Browser]
    ./src/components/PackagesView.tsx [Server Component]
    ./src/app/dashboard/page.tsx [Server Component]

  Client Component SSR:
    ./node_modules/@zxing/browser/esm/writers/BrowserCodeSvgWriter.js [Client Component SSR]
    ./node_modules/@zxing/browser/esm/index.js [Client Component SSR]
    ./src/components/BarcodeCameraScanner.tsx [Client Component SSR]
    ./src/components/LogPackageModal.tsx [Client Component SSR]
    ./src/components/PackagesView.tsx [Client Component SSR]
    ./src/components/PackagesView.tsx [Server Component]
    ./src/app/dashboard/page.tsx [Server Component]

https://nextjs.org/docs/messages/module-not-found


⨯ ./node_modules/@zxing/browser/esm/writers/BrowserCodeSvgWriter.js:1:1
Error: Module not found: Can't resolve '@zxing/library'
[31m[1m>[0m [90m1 |[0m ...[33malArgumentException[0m, [33mIllegalStateException[0m, [33mQRCodeDecoderErrorCorrectionLevel[0m, [33mQRCodeEnc...[0m
  [90m  |[0m    [31m[1m^^^^^^^^^^^^^^^^^^^^^^^^^^^^^^^^^^^^^^^^^^^^^^^^^^^^^^^^^^^^^^^^^^^^^^^^^^^^^^^^^^^^^^^^^^^[0m
  [90m2 |[0m ...[32m/2000/svg'[0m;
  [90m3 |[0m ...
  [90m4 |[0m ...[90m @class */[0m ([36mfunction[0m () {



Import traces:
  Client Component Browser:
    ./node_modules/@zxing/browser/esm/writers/BrowserCodeSvgWriter.js [Client Component Browser]
    ./node_modules/@zxing/browser/esm/index.js [Client Component Browser]
    ./src/components/BarcodeCameraScanner.tsx [Client Component Browser]
    ./src/components/LogPackageModal.tsx [Client Component Browser]
    ./src/components/PackagesView.tsx [Client Component Browser]
    ./src/components/PackagesView.tsx [Server Component]
    ./src/app/dashboard/page.tsx [Server Component]

  Client Component SSR:
    ./node_modules/@zxing/browser/esm/writers/BrowserCodeSvgWriter.js [Client Component SSR]
    ./node_modules/@zxing/browser/esm/index.js [Client Component SSR]
    ./src/components/BarcodeCameraScanner.tsx [Client Component SSR]
    ./src/components/LogPackageModal.tsx [Client Component SSR]
    ./src/components/PackagesView.tsx [Client Component SSR]
    ./src/components/PackagesView.tsx [Server Component]
    ./src/app/dashboard/page.tsx [Server Component]

https://nextjs.org/docs/messages/module-not-found


⨯ ./node_modules/@zxing/browser/esm/writers/BrowserQRCodeSvgWriter.js:1:1
Error: Module not found: Can't resolve '@zxing/library'
[31m[1m>[0m [90m1 |[0m ...[33malArgumentException[0m, [33mIllegalStateException[0m, [33mQRCodeDecoderErrorCorrectionLevel[0m, [33mQRCodeEnc...[0m
  [90m  |[0m    [31m[1m^^^^^^^^^^^^^^^^^^^^^^^^^^^^^^^^^^^^^^^^^^^^^^^^^^^^^^^^^^^^^^^^^^^^^^^^^^^^^^^^^^^^^^^^^^^[0m
  [90m2 |[0m ...[32m/2000/svg'[0m;
  [90m3 |[0m ...
  [90m4 |[0m ...[90m** @class */[0m ([36mfunction[0m () {



Import traces:
  Client Component Browser:
    ./node_modules/@zxing/browser/esm/writers/BrowserQRCodeSvgWriter.js [Client Component Browser]
    ./node_modules/@zxing/browser/esm/index.js [Client Component Browser]
    ./src/components/BarcodeCameraScanner.tsx [Client Component Browser]
    ./src/components/LogPackageModal.tsx [Client Component Browser]
    ./src/components/PackagesView.tsx [Client Component Browser]
    ./src/components/PackagesView.tsx [Server Component]
    ./src/app/dashboard/page.tsx [Server Component]

  Client Component SSR:
    ./node_modules/@zxing/browser/esm/writers/BrowserQRCodeSvgWriter.js [Client Component SSR]
    ./node_modules/@zxing/browser/esm/index.js [Client Component SSR]
    ./src/components/BarcodeCameraScanner.tsx [Client Component SSR]
    ./src/components/LogPackageModal.tsx [Client Component SSR]
    ./src/components/PackagesView.tsx [Client Component SSR]
    ./src/components/PackagesView.tsx [Server Component]
    ./src/app/dashboard/page.tsx [Server Component]

https://nextjs.org/docs/messages/module-not-found


⨯ ./node_modules/@zxing/browser/esm/writers/BrowserQRCodeSvgWriter.js:1:1
Error: Module not found: Can't resolve '@zxing/library'
[31m[1m>[0m [90m1 |[0m ...[33malArgumentException[0m, [33mIllegalStateException[0m, [33mQRCodeDecoderErrorCorrectionLevel[0m, [33mQRCodeEnc...[0m
  [90m  |[0m    [31m[1m^^^^^^^^^^^^^^^^^^^^^^^^^^^^^^^^^^^^^^^^^^^^^^^^^^^^^^^^^^^^^^^^^^^^^^^^^^^^^^^^^^^^^^^^^^^[0m
  [90m2 |[0m ...[32m/2000/svg'[0m;
  [90m3 |[0m ...
  [90m4 |[0m ...[90m** @class */[0m ([36mfunction[0m () {



Import traces:
  Client Component Browser:
    ./node_modules/@zxing/browser/esm/writers/BrowserQRCodeSvgWriter.js [Client Component Browser]
    ./node_modules/@zxing/browser/esm/index.js [Client Component Browser]
    ./src/components/BarcodeCameraScanner.tsx [Client Component Browser]
    ./src/components/LogPackageModal.tsx [Client Component Browser]
    ./src/components/PackagesView.tsx [Client Component Browser]
    ./src/components/PackagesView.tsx [Server Component]
    ./src/app/dashboard/page.tsx [Server Component]

  Client Component SSR:
    ./node_modules/@zxing/browser/esm/writers/BrowserQRCodeSvgWriter.js [Client Component SSR]
    ./node_modules/@zxing/browser/esm/index.js [Client Component SSR]
    ./src/components/BarcodeCameraScanner.tsx [Client Component SSR]
    ./src/components/LogPackageModal.tsx [Client Component SSR]
    ./src/components/PackagesView.tsx [Client Component SSR]
    ./src/components/PackagesView.tsx [Server Component]
    ./src/app/dashboard/page.tsx [Server Component]

https://nextjs.org/docs/messages/module-not-found


⨯ ./node_modules/@zxing/browser/esm/writers/BrowserQRCodeSvgWriter.js:1:1
Error: Module not found: Can't resolve '@zxing/library'
[31m[1m>[0m [90m1 |[0m ...[33malArgumentException[0m, [33mIllegalStateException[0m, [33mQRCodeDecoderErrorCorrectionLevel[0m, [33mQRCodeEnc...[0m
  [90m  |[0m    [31m[1m^^^^^^^^^^^^^^^^^^^^^^^^^^^^^^^^^^^^^^^^^^^^^^^^^^^^^^^^^^^^^^^^^^^^^^^^^^^^^^^^^^^^^^^^^^^[0m
  [90m2 |[0m ...[32m/2000/svg'[0m;
  [90m3 |[0m ...
  [90m4 |[0m ...[90m** @class */[0m ([36mfunction[0m () {



Import traces:
  Client Component Browser:
    ./node_modules/@zxing/browser/esm/writers/BrowserQRCodeSvgWriter.js [Client Component Browser]
    ./node_modules/@zxing/browser/esm/index.js [Client Component Browser]
    ./src/components/BarcodeCameraScanner.tsx [Client Component Browser]
    ./src/components/LogPackageModal.tsx [Client Component Browser]
    ./src/components/PackagesView.tsx [Client Component Browser]
    ./src/components/PackagesView.tsx [Server Component]
    ./src/app/dashboard/page.tsx [Server Component]

  Client Component SSR:
    ./node_modules/@zxing/browser/esm/writers/BrowserQRCodeSvgWriter.js [Client Component SSR]
    ./node_modules/@zxing/browser/esm/index.js [Client Component SSR]
    ./src/components/BarcodeCameraScanner.tsx [Client Component SSR]
    ./src/components/LogPackageModal.tsx [Client Component SSR]
    ./src/components/PackagesView.tsx [Client Component SSR]
    ./src/components/PackagesView.tsx [Server Component]
    ./src/app/dashboard/page.tsx [Server Component]

https://nextjs.org/docs/messages/module-not-found


⨯ ./node_modules/@zxing/browser/esm/writers/BrowserQRCodeSvgWriter.js:1:1
Error: Module not found: Can't resolve '@zxing/library'
[31m[1m>[0m [90m1 |[0m ...[33malArgumentException[0m, [33mIllegalStateException[0m, [33mQRCodeDecoderErrorCorrectionLevel[0m, [33mQRCodeEnc...[0m
  [90m  |[0m    [31m[1m^^^^^^^^^^^^^^^^^^^^^^^^^^^^^^^^^^^^^^^^^^^^^^^^^^^^^^^^^^^^^^^^^^^^^^^^^^^^^^^^^^^^^^^^^^^[0m
  [90m2 |[0m ...[32m/2000/svg'[0m;
  [90m3 |[0m ...
  [90m4 |[0m ...[90m** @class */[0m ([36mfunction[0m () {



Import traces:
  Client Component Browser:
    ./node_modules/@zxing/browser/esm/writers/BrowserQRCodeSvgWriter.js [Client Component Browser]
    ./node_modules/@zxing/browser/esm/index.js [Client Component Browser]
    ./src/components/BarcodeCameraScanner.tsx [Client Component Browser]
    ./src/components/LogPackageModal.tsx [Client Component Browser]
    ./src/components/PackagesView.tsx [Client Component Browser]
    ./src/components/PackagesView.tsx [Server Component]
    ./src/app/dashboard/page.tsx [Server Component]

  Client Component SSR:
    ./node_modules/@zxing/browser/esm/writers/BrowserQRCodeSvgWriter.js [Client Component SSR]
    ./node_modules/@zxing/browser/esm/index.js [Client Component SSR]
    ./src/components/BarcodeCameraScanner.tsx [Client Component SSR]
    ./src/components/LogPackageModal.tsx [Client Component SSR]
    ./src/components/PackagesView.tsx [Client Component SSR]
    ./src/components/PackagesView.tsx [Server Component]
    ./src/app/dashboard/page.tsx [Server Component]

https://nextjs.org/docs/messages/module-not-found


⨯ ./node_modules/@zxing/browser/esm/writers/BrowserQRCodeSvgWriter.js:1:1
Error: Module not found: Can't resolve '@zxing/library'
[31m[1m>[0m [90m1 |[0m ...[33malArgumentException[0m, [33mIllegalStateException[0m, [33mQRCodeDecoderErrorCorrectionLevel[0m, [33mQRCodeEnc...[0m
  [90m  |[0m    [31m[1m^^^^^^^^^^^^^^^^^^^^^^^^^^^^^^^^^^^^^^^^^^^^^^^^^^^^^^^^^^^^^^^^^^^^^^^^^^^^^^^^^^^^^^^^^^^[0m
  [90m2 |[0m ...[32m/2000/svg'[0m;
  [90m3 |[0m ...
  [90m4 |[0m ...[90m** @class */[0m ([36mfunction[0m () {



Import traces:
  Client Component Browser:
    ./node_modules/@zxing/browser/esm/writers/BrowserQRCodeSvgWriter.js [Client Component Browser]
    ./node_modules/@zxing/browser/esm/index.js [Client Component Browser]
    ./src/components/BarcodeCameraScanner.tsx [Client Component Browser]
    ./src/components/LogPackageModal.tsx [Client Component Browser]
    ./src/components/PackagesView.tsx [Client Component Browser]
    ./src/components/PackagesView.tsx [Server Component]
    ./src/app/dashboard/page.tsx [Server Component]

  Client Component SSR:
    ./node_modules/@zxing/browser/esm/writers/BrowserQRCodeSvgWriter.js [Client Component SSR]
    ./node_modules/@zxing/browser/esm/index.js [Client Component SSR]
    ./src/components/BarcodeCameraScanner.tsx [Client Component SSR]
    ./src/components/LogPackageModal.tsx [Client Component SSR]
    ./src/components/PackagesView.tsx [Client Component SSR]
    ./src/components/PackagesView.tsx [Server Component]
    ./src/app/dashboard/page.tsx [Server Component]

https://nextjs.org/docs/messages/module-not-found


⨯ ./node_modules/@zxing/browser/esm/writers/BrowserQRCodeSvgWriter.js:1:1
Error: Module not found: Can't resolve '@zxing/library'
[31m[1m>[0m [90m1 |[0m ...[33malArgumentException[0m, [33mIllegalStateException[0m, [33mQRCodeDecoderErrorCorrectionLevel[0m, [33mQRCodeEnc...[0m
  [90m  |[0m    [31m[1m^^^^^^^^^^^^^^^^^^^^^^^^^^^^^^^^^^^^^^^^^^^^^^^^^^^^^^^^^^^^^^^^^^^^^^^^^^^^^^^^^^^^^^^^^^^[0m
  [90m2 |[0m ...[32m/2000/svg'[0m;
  [90m3 |[0m ...
  [90m4 |[0m ...[90m** @class */[0m ([36mfunction[0m () {



Import traces:
  Client Component Browser:
    ./node_modules/@zxing/browser/esm/writers/BrowserQRCodeSvgWriter.js [Client Component Browser]
    ./node_modules/@zxing/browser/esm/index.js [Client Component Browser]
    ./src/components/BarcodeCameraScanner.tsx [Client Component Browser]
    ./src/components/LogPackageModal.tsx [Client Component Browser]
    ./src/components/PackagesView.tsx [Client Component Browser]
    ./src/components/PackagesView.tsx [Server Component]
    ./src/app/dashboard/page.tsx [Server Component]

  Client Component SSR:
    ./node_modules/@zxing/browser/esm/writers/BrowserQRCodeSvgWriter.js [Client Component SSR]
    ./node_modules/@zxing/browser/esm/index.js [Client Component SSR]
    ./src/components/BarcodeCameraScanner.tsx [Client Component SSR]
    ./src/components/LogPackageModal.tsx [Client Component SSR]
    ./src/components/PackagesView.tsx [Client Component SSR]
    ./src/components/PackagesView.tsx [Server Component]
    ./src/app/dashboard/page.tsx [Server Component]

https://nextjs.org/docs/messages/module-not-found


⨯ ./node_modules/@zxing/browser/esm/writers/BrowserQRCodeSvgWriter.js:1:1
Error: Module not found: Can't resolve '@zxing/library'
[31m[1m>[0m [90m1 |[0m ...[33malArgumentException[0m, [33mIllegalStateException[0m, [33mQRCodeDecoderErrorCorrectionLevel[0m, [33mQRCodeEnc...[0m
  [90m  |[0m    [31m[1m^^^^^^^^^^^^^^^^^^^^^^^^^^^^^^^^^^^^^^^^^^^^^^^^^^^^^^^^^^^^^^^^^^^^^^^^^^^^^^^^^^^^^^^^^^^[0m
  [90m2 |[0m ...[32m/2000/svg'[0m;
  [90m3 |[0m ...
  [90m4 |[0m ...[90m** @class */[0m ([36mfunction[0m () {



Import traces:
  Client Component Browser:
    ./node_modules/@zxing/browser/esm/writers/BrowserQRCodeSvgWriter.js [Client Component Browser]
    ./node_modules/@zxing/browser/esm/index.js [Client Component Browser]
    ./src/components/BarcodeCameraScanner.tsx [Client Component Browser]
    ./src/components/LogPackageModal.tsx [Client Component Browser]
    ./src/components/PackagesView.tsx [Client Component Browser]
    ./src/components/PackagesView.tsx [Server Component]
    ./src/app/dashboard/page.tsx [Server Component]

  Client Component SSR:
    ./node_modules/@zxing/browser/esm/writers/BrowserQRCodeSvgWriter.js [Client Component SSR]
    ./node_modules/@zxing/browser/esm/index.js [Client Component SSR]
    ./src/components/BarcodeCameraScanner.tsx [Client Component SSR]
    ./src/components/LogPackageModal.tsx [Client Component SSR]
    ./src/components/PackagesView.tsx [Client Component SSR]
    ./src/components/PackagesView.tsx [Server Component]
    ./src/app/dashboard/page.tsx [Server Component]

https://nextjs.org/docs/messages/module-not-found


⨯ ./node_modules/@zxing/browser/esm/writers/BrowserQRCodeSvgWriter.js:1:1
Error: Module not found: Can't resolve '@zxing/library'
[31m[1m>[0m [90m1 |[0m ...[33malArgumentException[0m, [33mIllegalStateException[0m, [33mQRCodeDecoderErrorCorrectionLevel[0m, [33mQRCodeEnc...[0m
  [90m  |[0m    [31m[1m^^^^^^^^^^^^^^^^^^^^^^^^^^^^^^^^^^^^^^^^^^^^^^^^^^^^^^^^^^^^^^^^^^^^^^^^^^^^^^^^^^^^^^^^^^^[0m
  [90m2 |[0m ...[32m/2000/svg'[0m;
  [90m3 |[0m ...
  [90m4 |[0m ...[90m** @class */[0m ([36mfunction[0m () {



Import traces:
  Client Component Browser:
    ./node_modules/@zxing/browser/esm/writers/BrowserQRCodeSvgWriter.js [Client Component Browser]
    ./node_modules/@zxing/browser/esm/index.js [Client Component Browser]
    ./src/components/BarcodeCameraScanner.tsx [Client Component Browser]
    ./src/components/LogPackageModal.tsx [Client Component Browser]
    ./src/components/PackagesView.tsx [Client Component Browser]
    ./src/components/PackagesView.tsx [Server Component]
    ./src/app/dashboard/page.tsx [Server Component]

  Client Component SSR:
    ./node_modules/@zxing/browser/esm/writers/BrowserQRCodeSvgWriter.js [Client Component SSR]
    ./node_modules/@zxing/browser/esm/index.js [Client Component SSR]
    ./src/components/BarcodeCameraScanner.tsx [Client Component SSR]
    ./src/components/LogPackageModal.tsx [Client Component SSR]
    ./src/components/PackagesView.tsx [Client Component SSR]
    ./src/components/PackagesView.tsx [Server Component]
    ./src/app/dashboard/page.tsx [Server Component]

https://nextjs.org/docs/messages/module-not-found


⨯ ./node_modules/@zxing/browser/esm/writers/BrowserQRCodeSvgWriter.js:1:1
Error: Module not found: Can't resolve '@zxing/library'
[31m[1m>[0m [90m1 |[0m ...[33malArgumentException[0m, [33mIllegalStateException[0m, [33mQRCodeDecoderErrorCorrectionLevel[0m, [33mQRCodeEnc...[0m
  [90m  |[0m    [31m[1m^^^^^^^^^^^^^^^^^^^^^^^^^^^^^^^^^^^^^^^^^^^^^^^^^^^^^^^^^^^^^^^^^^^^^^^^^^^^^^^^^^^^^^^^^^^[0m
  [90m2 |[0m ...[32m/2000/svg'[0m;
  [90m3 |[0m ...
  [90m4 |[0m ...[90m** @class */[0m ([36mfunction[0m () {



Import traces:
  Client Component Browser:
    ./node_modules/@zxing/browser/esm/writers/BrowserQRCodeSvgWriter.js [Client Component Browser]
    ./node_modules/@zxing/browser/esm/index.js [Client Component Browser]
    ./src/components/BarcodeCameraScanner.tsx [Client Component Browser]
    ./src/components/LogPackageModal.tsx [Client Component Browser]
    ./src/components/PackagesView.tsx [Client Component Browser]
    ./src/components/PackagesView.tsx [Server Component]
    ./src/app/dashboard/page.tsx [Server Component]

  Client Component SSR:
    ./node_modules/@zxing/browser/esm/writers/BrowserQRCodeSvgWriter.js [Client Component SSR]
    ./node_modules/@zxing/browser/esm/index.js [Client Component SSR]
    ./src/components/BarcodeCameraScanner.tsx [Client Component SSR]
    ./src/components/LogPackageModal.tsx [Client Component SSR]
    ./src/components/PackagesView.tsx [Client Component SSR]
    ./src/components/PackagesView.tsx [Server Component]
    ./src/app/dashboard/page.tsx [Server Component]

https://nextjs.org/docs/messages/module-not-found


⨯ ./node_modules/@zxing/browser/esm/writers/BrowserQRCodeSvgWriter.js:1:1
Error: Module not found: Can't resolve '@zxing/library'
[31m[1m>[0m [90m1 |[0m ...[33malArgumentException[0m, [33mIllegalStateException[0m, [33mQRCodeDecoderErrorCorrectionLevel[0m, [33mQRCodeEnc...[0m
  [90m  |[0m    [31m[1m^^^^^^^^^^^^^^^^^^^^^^^^^^^^^^^^^^^^^^^^^^^^^^^^^^^^^^^^^^^^^^^^^^^^^^^^^^^^^^^^^^^^^^^^^^^[0m
  [90m2 |[0m ...[32m/2000/svg'[0m;
  [90m3 |[0m ...
  [90m4 |[0m ...[90m** @class */[0m ([36mfunction[0m () {



Import traces:
  Client Component Browser:
    ./node_modules/@zxing/browser/esm/writers/BrowserQRCodeSvgWriter.js [Client Component Browser]
    ./node_modules/@zxing/browser/esm/index.js [Client Component Browser]
    ./src/components/BarcodeCameraScanner.tsx [Client Component Browser]
    ./src/components/LogPackageModal.tsx [Client Component Browser]
    ./src/components/PackagesView.tsx [Client Component Browser]
    ./src/components/PackagesView.tsx [Server Component]
    ./src/app/dashboard/page.tsx [Server Component]

  Client Component SSR:
    ./node_modules/@zxing/browser/esm/writers/BrowserQRCodeSvgWriter.js [Client Component SSR]
    ./node_modules/@zxing/browser/esm/index.js [Client Component SSR]
    ./src/components/BarcodeCameraScanner.tsx [Client Component SSR]
    ./src/components/LogPackageModal.tsx [Client Component SSR]
    ./src/components/PackagesView.tsx [Client Component SSR]
    ./src/components/PackagesView.tsx [Server Component]
    ./src/app/dashboard/page.tsx [Server Component]

https://nextjs.org/docs/messages/module-not-found


⨯ ./node_modules/@zxing/browser/esm/writers/BrowserQRCodeSvgWriter.js:1:1
Error: Module not found: Can't resolve '@zxing/library'
[31m[1m>[0m [90m1 |[0m ...[33malArgumentException[0m, [33mIllegalStateException[0m, [33mQRCodeDecoderErrorCorrectionLevel[0m, [33mQRCodeEnc...[0m
  [90m  |[0m    [31m[1m^^^^^^^^^^^^^^^^^^^^^^^^^^^^^^^^^^^^^^^^^^^^^^^^^^^^^^^^^^^^^^^^^^^^^^^^^^^^^^^^^^^^^^^^^^^[0m
  [90m2 |[0m ...[32m/2000/svg'[0m;
  [90m3 |[0m ...
  [90m4 |[0m ...[90m** @class */[0m ([36mfunction[0m () {



Import traces:
  Client Component Browser:
    ./node_modules/@zxing/browser/esm/writers/BrowserQRCodeSvgWriter.js [Client Component Browser]
    ./node_modules/@zxing/browser/esm/index.js [Client Component Browser]
    ./src/components/BarcodeCameraScanner.tsx [Client Component Browser]
    ./src/components/LogPackageModal.tsx [Client Component Browser]
    ./src/components/PackagesView.tsx [Client Component Browser]
    ./src/components/PackagesView.tsx [Server Component]
    ./src/app/dashboard/page.tsx [Server Component]

  Client Component SSR:
    ./node_modules/@zxing/browser/esm/writers/BrowserQRCodeSvgWriter.js [Client Component SSR]
    ./node_modules/@zxing/browser/esm/index.js [Client Component SSR]
    ./src/components/BarcodeCameraScanner.tsx [Client Component SSR]
    ./src/components/LogPackageModal.tsx [Client Component SSR]
    ./src/components/PackagesView.tsx [Client Component SSR]
    ./src/components/PackagesView.tsx [Server Component]
    ./src/app/dashboard/page.tsx [Server Component]

https://nextjs.org/docs/messages/module-not-found


⨯ ./node_modules/@zxing/browser/esm/writers/BrowserQRCodeSvgWriter.js:1:1
Error: Module not found: Can't resolve '@zxing/library'
[31m[1m>[0m [90m1 |[0m ...[33malArgumentException[0m, [33mIllegalStateException[0m, [33mQRCodeDecoderErrorCorrectionLevel[0m, [33mQRCodeEnc...[0m
  [90m  |[0m    [31m[1m^^^^^^^^^^^^^^^^^^^^^^^^^^^^^^^^^^^^^^^^^^^^^^^^^^^^^^^^^^^^^^^^^^^^^^^^^^^^^^^^^^^^^^^^^^^[0m
  [90m2 |[0m ...[32m/2000/svg'[0m;
  [90m3 |[0m ...
  [90m4 |[0m ...[90m** @class */[0m ([36mfunction[0m () {



Import traces:
  Client Component Browser:
    ./node_modules/@zxing/browser/esm/writers/BrowserQRCodeSvgWriter.js [Client Component Browser]
    ./node_modules/@zxing/browser/esm/index.js [Client Component Browser]
    ./src/components/BarcodeCameraScanner.tsx [Client Component Browser]
    ./src/components/LogPackageModal.tsx [Client Component Browser]
    ./src/components/PackagesView.tsx [Client Component Browser]
    ./src/components/PackagesView.tsx [Server Component]
    ./src/app/dashboard/page.tsx [Server Component]

  Client Component SSR:
    ./node_modules/@zxing/browser/esm/writers/BrowserQRCodeSvgWriter.js [Client Component SSR]
    ./node_modules/@zxing/browser/esm/index.js [Client Component SSR]
    ./src/components/BarcodeCameraScanner.tsx [Client Component SSR]
    ./src/components/LogPackageModal.tsx [Client Component SSR]
    ./src/components/PackagesView.tsx [Client Component SSR]
    ./src/components/PackagesView.tsx [Server Component]
    ./src/app/dashboard/page.tsx [Server Component]

https://nextjs.org/docs/messages/module-not-found


[browser] ./node_modules/@zxing/browser/esm/common/HTMLCanvasElementLuminanceSource.js:16:1
Error: Module not found: Can't resolve '@zxing/library'
  14 | ...
  15 | ...
> 16 | ...{ IllegalArgumentException, InvertedLuminanceSource, LuminanceSource, } from '@zxing/li...
     |    ^^^^^^^^^^^^^^^^^^^^^^^^^^^^^^^^^^^^^^^^^^^^^^^^^^^^^^^^^^^^^^^^^^^^^^^^^^^^^^^^^^^^^^^^^^
  17 | ...
  18 | ...LCanvasElementLuminanceSource = /** @class */ (function (_super) {
  19 | ...xtends(HTMLCanvasElementLuminanceSource, _super);

Import traces:
  Client Component Browser:
    ./node_modules/@zxing/browser/esm/common/HTMLCanvasElementLuminanceSource.js [Client Component Browser]
    ./node_modules/@zxing/browser/esm/index.js [Client Component Browser]
    ./src/components/BarcodeCameraScanner.tsx [Client Component Browser]
    ./src/components/LogPackageModal.tsx [Client Component Browser]
    ./src/components/PackagesView.tsx [Client Component Browser]
    ./src/components/PackagesView.tsx [Server Component]
    ./src/app/dashboard/page.tsx [Server Component]

  Client Component SSR:
    ./node_modules/@zxing/browser/esm/common/HTMLCanvasElementLuminanceSource.js [Client Component SSR]
    ./node_modules/@zxing/browser/esm/index.js [Client Component SSR]
    ./src/components/BarcodeCameraScanner.tsx [Client Component SSR]
    ./src/components/LogPackageModal.tsx [Client Component SSR]
    ./src/components/PackagesView.tsx [Client Component SSR]
    ./src/components/PackagesView.tsx [Server Component]
    ./src/app/dashboard/page.tsx [Server Component]

https://nextjs.org/docs/messages/module-not-found 
[browser] ./node_modules/@zxing/browser/esm/index.js:3:1
Error: Module not found: Can't resolve '@zxing/library'
  1 | // public API
  2 | // core
> 3 | export { BarcodeFormat } from '@zxing/library';
    | ^^^^^^^^^^^^^^^^^^^^^^^^^^^^^^^^^^^^^^^^^^^^^^^
  4 | // common
  5 | export * from './common/HTMLCanvasElementLuminanceSource';
  6 | export * from './common/HTMLVisualMediaElement';

Import traces:
  Client Component Browser:
    ./node_modules/@zxing/browser/esm/index.js [Client Component Browser]
    ./src/components/BarcodeCameraScanner.tsx [Client Component Browser]
    ./src/components/LogPackageModal.tsx [Client Component Browser]
    ./src/components/PackagesView.tsx [Client Component Browser]
    ./src/components/PackagesView.tsx [Server Component]
    ./src/app/dashboard/page.tsx [Server Component]

  Client Component SSR:
    ./node_modules/@zxing/browser/esm/index.js [Client Component SSR]
    ./src/components/BarcodeCameraScanner.tsx [Client Component SSR]
    ./src/components/LogPackageModal.tsx [Client Component SSR]
    ./src/components/PackagesView.tsx [Client Component SSR]
    ./src/components/PackagesView.tsx [Server Component]
    ./src/app/dashboard/page.tsx [Server Component]

https://nextjs.org/docs/messages/module-not-found 
[browser] ./node_modules/@zxing/browser/esm/readers/BrowserAztecCodeReader.js:16:1
Error: Module not found: Can't resolve '@zxing/library'
  14 |     };
  15 | })();
> 16 | import { AztecCodeReader } from '@zxing/library';
     | ^^^^^^^^^^^^^^^^^^^^^^^^^^^^^^^^^^^^^^^^^^^^^^^^^
  17 | import { BrowserCodeReader } from './BrowserCodeReader';
  18 | /**
  19 |  * Aztec Code reader to use from browser.

Import traces:
  Client Component Browser:
    ./node_modules/@zxing/browser/esm/readers/BrowserAztecCodeReader.js [Client Component Browser]
    ./node_modules/@zxing/browser/esm/index.js [Client Component Browser]
    ./src/components/BarcodeCameraScanner.tsx [Client Component Browser]
    ./src/components/LogPackageModal.tsx [Client Component Browser]
    ./src/components/PackagesView.tsx [Client Component Browser]
    ./src/components/PackagesView.tsx [Server Component]
    ./src/app/dashboard/page.tsx [Server Component]

  Client Component SSR:
    ./node_modules/@zxing/browser/esm/readers/BrowserAztecCodeReader.js [Client Component SSR]
    ./node_modules/@zxing/browser/esm/index.js [Client Component SSR]
    ./src/components/BarcodeCameraScanner.tsx [Client Component SSR]
    ./src/components/LogPackageModal.tsx [Client Component SSR]
    ./src/components/PackagesView.tsx [Client Component SSR]
    ./src/components/PackagesView.tsx [Server Component]
    ./src/app/dashboard/page.tsx [Server Component]

https://nextjs.org/docs/messages/module-not-found 
[browser] ./node_modules/@zxing/browser/esm/readers/BrowserCodeReader.js:59:1
Error: Module not found: Can't resolve '@zxing/library'
  57 | ...t is not iterable." : "Symbol.iterator is not defined.");
  58 | ...
> 59 | ...Bitmap, ChecksumException, DecodeHintType, FormatException, HybridBinarizer, NotFoundEx...
     |    ^^^^^^^^^^^^^^^^^^^^^^^^^^^^^^^^^^^^^^^^^^^^^^^^^^^^^^^^^^^^^^^^^^^^^^^^^^^^^^^^^^^^^^^^^^
  60 | ...eSource } from '../common/HTMLCanvasElementLuminanceSource';
  61 | ...avigator } from '../common/navigator-utils';
  62 | ...

Import traces:
  Client Component Browser:
    ./node_modules/@zxing/browser/esm/readers/BrowserCodeReader.js [Client Component Browser]
    ./node_modules/@zxing/browser/esm/readers/BrowserMultiFormatReader.js [Client Component Browser]
    ./src/components/BarcodeCameraScanner.tsx [Client Component Browser]
    ./src/components/LogPackageModal.tsx [Client Component Browser]
    ./src/components/PackagesView.tsx [Client Component Browser]
    ./src/components/PackagesView.tsx [Server Component]
    ./src/app/dashboard/page.tsx [Server Component]

  Client Component SSR:
    ./node_modules/@zxing/browser/esm/readers/BrowserCodeReader.js [Client Component SSR]
    ./node_modules/@zxing/browser/esm/readers/BrowserMultiFormatReader.js [Client Component SSR]
    ./src/components/BarcodeCameraScanner.tsx [Client Component SSR]
    ./src/components/LogPackageModal.tsx [Client Component SSR]
    ./src/components/PackagesView.tsx [Client Component SSR]
    ./src/components/PackagesView.tsx [Server Component]
    ./src/app/dashboard/page.tsx [Server Component]

https://nextjs.org/docs/messages/module-not-found 
[browser] ./node_modules/@zxing/browser/esm/readers/BrowserDatamatrixCodeReader.js:16:1
Error: Module not found: Can't resolve '@zxing/library'
  14 |     };
  15 | })();
> 16 | import { DataMatrixReader } from '@zxing/library';
     | ^^^^^^^^^^^^^^^^^^^^^^^^^^^^^^^^^^^^^^^^^^^^^^^^^^
  17 | import { BrowserCodeReader } from './BrowserCodeReader';
  18 | /**
  19 |  * QR Code reader to use from browser.

Import traces:
  Client Component Browser:
    ./node_modules/@zxing/browser/esm/readers/BrowserDatamatrixCodeReader.js [Client Component Browser]
    ./node_modules/@zxing/browser/esm/index.js [Client Component Browser]
    ./src/components/BarcodeCameraScanner.tsx [Client Component Browser]
    ./src/components/LogPackageModal.tsx [Client Component Browser]
    ./src/components/PackagesView.tsx [Client Component Browser]
    ./src/components/PackagesView.tsx [Server Component]
    ./src/app/dashboard/page.tsx [Server Component]

  Client Component SSR:
    ./node_modules/@zxing/browser/esm/readers/BrowserDatamatrixCodeReader.js [Client Component SSR]
    ./node_modules/@zxing/browser/esm/index.js [Client Component SSR]
    ./src/components/BarcodeCameraScanner.tsx [Client Component SSR]
    ./src/components/LogPackageModal.tsx [Client Component SSR]
    ./src/components/PackagesView.tsx [Client Component SSR]
    ./src/components/PackagesView.tsx [Server Component]
    ./src/app/dashboard/page.tsx [Server Component]

https://nextjs.org/docs/messages/module-not-found 
[browser] ./node_modules/@zxing/browser/esm/readers/BrowserMultiFormatOneDReader.js:16:1
Error: Module not found: Can't resolve '@zxing/library'
  14 |     };
  15 | })();
> 16 | import { MultiFormatOneDReader } from '@zxing/library';
     | ^^^^^^^^^^^^^^^^^^^^^^^^^^^^^^^^^^^^^^^^^^^^^^^^^^^^^^^
  17 | import { BrowserCodeReader } from './BrowserCodeReader';
  18 | /**
  19 |  * Reader to be used for any One Dimension type barcode.

Import traces:
  Client Component Browser:
    ./node_modules/@zxing/browser/esm/readers/BrowserMultiFormatOneDReader.js [Client Component Browser]
    ./node_modules/@zxing/browser/esm/index.js [Client Component Browser]
    ./src/components/BarcodeCameraScanner.tsx [Client Component Browser]
    ./src/components/LogPackageModal.tsx [Client Component Browser]
    ./src/components/PackagesView.tsx [Client Component Browser]
    ./src/components/PackagesView.tsx [Server Component]
    ./src/app/dashboard/page.tsx [Server Component]

  Client Component SSR:
    ./node_modules/@zxing/browser/esm/readers/BrowserMultiFormatOneDReader.js [Client Component SSR]
    ./node_modules/@zxing/browser/esm/index.js [Client Component SSR]
    ./src/components/BarcodeCameraScanner.tsx [Client Component SSR]
    ./src/components/LogPackageModal.tsx [Client Component SSR]
    ./src/components/PackagesView.tsx [Client Component SSR]
    ./src/components/PackagesView.tsx [Server Component]
    ./src/app/dashboard/page.tsx [Server Component]

https://nextjs.org/docs/messages/module-not-found 
[browser] ./node_modules/@zxing/browser/esm/readers/BrowserMultiFormatReader.js:16:1
Error: Module not found: Can't resolve '@zxing/library'
  14 |     };
  15 | })();
> 16 | import { DecodeHintType, MultiFormatReader, } from '@zxing/library';
     | ^^^^^^^^^^^^^^^^^^^^^^^^^^^^^^^^^^^^^^^^^^^^^^^^^^^^^^^^^^^^^^^^^^^^
  17 | import { BrowserCodeReader } from './BrowserCodeReader';
  18 | var BrowserMultiFormatReader = /** @class */ (function (_super) {
  19 |     __extends(BrowserMultiFormatReader, _super);

Import traces:
  Client Component Browser:
    ./node_modules/@zxing/browser/esm/readers/BrowserMultiFormatReader.js [Client Component Browser]
    ./src/components/BarcodeCameraScanner.tsx [Client Component Browser]
    ./src/components/LogPackageModal.tsx [Client Component Browser]
    ./src/components/PackagesView.tsx [Client Component Browser]
    ./src/components/PackagesView.tsx [Server Component]
    ./src/app/dashboard/page.tsx [Server Component]

  Client Component SSR:
    ./node_modules/@zxing/browser/esm/readers/BrowserMultiFormatReader.js [Client Component SSR]
    ./src/components/BarcodeCameraScanner.tsx [Client Component SSR]
    ./src/components/LogPackageModal.tsx [Client Component SSR]
    ./src/components/PackagesView.tsx [Client Component SSR]
    ./src/components/PackagesView.tsx [Server Component]
    ./src/app/dashboard/page.tsx [Server Component]

https://nextjs.org/docs/messages/module-not-found 
[browser] ./node_modules/@zxing/browser/esm/readers/BrowserPDF417Reader.js:16:1
Error: Module not found: Can't resolve '@zxing/library'
  14 |     };
  15 | })();
> 16 | import { PDF417Reader } from '@zxing/library';
     | ^^^^^^^^^^^^^^^^^^^^^^^^^^^^^^^^^^^^^^^^^^^^^^
  17 | import { BrowserCodeReader } from './BrowserCodeReader';
  18 | /**
  19 |  * QR Code reader to use from browser.

Import traces:
  Client Component Browser:
    ./node_modules/@zxing/browser/esm/readers/BrowserPDF417Reader.js [Client Component Browser]
    ./node_modules/@zxing/browser/esm/index.js [Client Component Browser]
    ./src/components/BarcodeCameraScanner.tsx [Client Component Browser]
    ./src/components/LogPackageModal.tsx [Client Component Browser]
    ./src/components/PackagesView.tsx [Client Component Browser]
    ./src/components/PackagesView.tsx [Server Component]
    ./src/app/dashboard/page.tsx [Server Component]

  Client Component SSR:
    ./node_modules/@zxing/browser/esm/readers/BrowserPDF417Reader.js [Client Component SSR]
    ./node_modules/@zxing/browser/esm/index.js [Client Component SSR]
    ./src/components/BarcodeCameraScanner.tsx [Client Component SSR]
    ./src/components/LogPackageModal.tsx [Client Component SSR]
    ./src/components/PackagesView.tsx [Client Component SSR]
    ./src/components/PackagesView.tsx [Server Component]
    ./src/app/dashboard/page.tsx [Server Component]

https://nextjs.org/docs/messages/module-not-found 
[browser] ./node_modules/@zxing/browser/esm/readers/BrowserQRCodeReader.js:16:1
Error: Module not found: Can't resolve '@zxing/library'
  14 |     };
  15 | })();
> 16 | import { QRCodeReader } from '@zxing/library';
     | ^^^^^^^^^^^^^^^^^^^^^^^^^^^^^^^^^^^^^^^^^^^^^^
  17 | import { BrowserCodeReader } from './BrowserCodeReader';
  18 | /**
  19 |  * QR Code reader to use from browser.

Import traces:
  Client Component Browser:
    ./node_modules/@zxing/browser/esm/readers/BrowserQRCodeReader.js [Client Component Browser]
    ./node_modules/@zxing/browser/esm/index.js [Client Component Browser]
    ./src/components/BarcodeCameraScanner.tsx [Client Component Browser]
    ./src/components/LogPackageModal.tsx [Client Component Browser]
    ./src/components/PackagesView.tsx [Client Component Browser]
    ./src/components/PackagesView.tsx [Server Component]
    ./src/app/dashboard/page.tsx [Server Component]

  Client Component SSR:
    ./node_modules/@zxing/browser/esm/readers/BrowserQRCodeReader.js [Client Component SSR]
    ./node_modules/@zxing/browser/esm/index.js [Client Component SSR]
    ./src/components/BarcodeCameraScanner.tsx [Client Component SSR]
    ./src/components/LogPackageModal.tsx [Client Component SSR]
    ./src/components/PackagesView.tsx [Client Component SSR]
    ./src/components/PackagesView.tsx [Server Component]
    ./src/app/dashboard/page.tsx [Server Component]

https://nextjs.org/docs/messages/module-not-found 
[browser] ./node_modules/@zxing/browser/esm/writers/BrowserCodeSvgWriter.js:1:1
Error: Module not found: Can't resolve '@zxing/library'
> 1 | ...alArgumentException, IllegalStateException, QRCodeDecoderErrorCorrectionLevel, QRCodeEnc...
    |    ^^^^^^^^^^^^^^^^^^^^^^^^^^^^^^^^^^^^^^^^^^^^^^^^^^^^^^^^^^^^^^^^^^^^^^^^^^^^^^^^^^^^^^^^^^^
  2 | .../2000/svg';
  3 | ...
  4 | ... @class */ (function () {

Import traces:
  Client Component Browser:
    ./node_modules/@zxing/browser/esm/writers/BrowserCodeSvgWriter.js [Client Component Browser]
    ./node_modules/@zxing/browser/esm/index.js [Client Component Browser]
    ./src/components/BarcodeCameraScanner.tsx [Client Component Browser]
    ./src/components/LogPackageModal.tsx [Client Component Browser]
    ./src/components/PackagesView.tsx [Client Component Browser]
    ./src/components/PackagesView.tsx [Server Component]
    ./src/app/dashboard/page.tsx [Server Component]

  Client Component SSR:
    ./node_modules/@zxing/browser/esm/writers/BrowserCodeSvgWriter.js [Client Component SSR]
    ./node_modules/@zxing/browser/esm/index.js [Client Component SSR]
    ./src/components/BarcodeCameraScanner.tsx [Client Component SSR]
    ./src/components/LogPackageModal.tsx [Client Component SSR]
    ./src/components/PackagesView.tsx [Client Component SSR]
    ./src/components/PackagesView.tsx [Server Component]
    ./src/app/dashboard/page.tsx [Server Component]

https://nextjs.org/docs/messages/module-not-found 
[browser] ./node_modules/@zxing/browser/esm/writers/BrowserQRCodeSvgWriter.js:1:1
Error: Module not found: Can't resolve '@zxing/library'
> 1 | ...alArgumentException, IllegalStateException, QRCodeDecoderErrorCorrectionLevel, QRCodeEnc...
    |    ^^^^^^^^^^^^^^^^^^^^^^^^^^^^^^^^^^^^^^^^^^^^^^^^^^^^^^^^^^^^^^^^^^^^^^^^^^^^^^^^^^^^^^^^^^^
  2 | .../2000/svg';
  3 | ...
  4 | ...** @class */ (function () {

Import traces:
  Client Component Browser:
    ./node_modules/@zxing/browser/esm/writers/BrowserQRCodeSvgWriter.js [Client Component Browser]
    ./node_modules/@zxing/browser/esm/index.js [Client Component Browser]
    ./src/components/BarcodeCameraScanner.tsx [Client Component Browser]
    ./src/components/LogPackageModal.tsx [Client Component Browser]
    ./src/components/PackagesView.tsx [Client Component Browser]
    ./src/components/PackagesView.tsx [Server Component]
    ./src/app/dashboard/page.tsx [Server Component]

  Client Component SSR:
    ./node_modules/@zxing/browser/esm/writers/BrowserQRCodeSvgWriter.js [Client Component SSR]
    ./node_modules/@zxing/browser/esm/index.js [Client Component SSR]
    ./src/components/BarcodeCameraScanner.tsx [Client Component SSR]
    ./src/components/LogPackageModal.tsx [Client Component SSR]
    ./src/components/PackagesView.tsx [Client Component SSR]
    ./src/components/PackagesView.tsx [Server Component]
    ./src/app/dashboard/page.tsx [Server Component]

https://nextjs.org/docs/messages/module-not-found 
[browser] ./node_modules/@zxing/browser/esm/common/HTMLCanvasElementLuminanceSource.js:16:1
Error: Module not found: Can't resolve '@zxing/library'
  14 | ...
  15 | ...
> 16 | ...{ IllegalArgumentException, InvertedLuminanceSource, LuminanceSource, } from '@zxing/li...
     |    ^^^^^^^^^^^^^^^^^^^^^^^^^^^^^^^^^^^^^^^^^^^^^^^^^^^^^^^^^^^^^^^^^^^^^^^^^^^^^^^^^^^^^^^^^^
  17 | ...
  18 | ...LCanvasElementLuminanceSource = /** @class */ (function (_super) {
  19 | ...xtends(HTMLCanvasElementLuminanceSource, _super);

Import traces:
  Client Component Browser:
    ./node_modules/@zxing/browser/esm/common/HTMLCanvasElementLuminanceSource.js [Client Component Browser]
    ./node_modules/@zxing/browser/esm/index.js [Client Component Browser]
    ./src/components/BarcodeCameraScanner.tsx [Client Component Browser]
    ./src/components/LogPackageModal.tsx [Client Component Browser]
    ./src/components/PackagesView.tsx [Client Component Browser]
    ./src/components/PackagesView.tsx [Server Component]
    ./src/app/dashboard/page.tsx [Server Component]

  Client Component SSR:
    ./node_modules/@zxing/browser/esm/common/HTMLCanvasElementLuminanceSource.js [Client Component SSR]
    ./node_modules/@zxing/browser/esm/index.js [Client Component SSR]
    ./src/components/BarcodeCameraScanner.tsx [Client Component SSR]
    ./src/components/LogPackageModal.tsx [Client Component SSR]
    ./src/components/PackagesView.tsx [Client Component SSR]
    ./src/components/PackagesView.tsx [Server Component]
    ./src/app/dashboard/page.tsx [Server Component]

https://nextjs.org/docs/messages/module-not-found 
[browser] ./node_modules/@zxing/browser/esm/index.js:3:1
Error: Module not found: Can't resolve '@zxing/library'
  1 | // public API
  2 | // core
> 3 | export { BarcodeFormat } from '@zxing/library';
    | ^^^^^^^^^^^^^^^^^^^^^^^^^^^^^^^^^^^^^^^^^^^^^^^
  4 | // common
  5 | export * from './common/HTMLCanvasElementLuminanceSource';
  6 | export * from './common/HTMLVisualMediaElement';

Import traces:
  Client Component Browser:
    ./node_modules/@zxing/browser/esm/index.js [Client Component Browser]
    ./src/components/BarcodeCameraScanner.tsx [Client Component Browser]
    ./src/components/LogPackageModal.tsx [Client Component Browser]
    ./src/components/PackagesView.tsx [Client Component Browser]
    ./src/components/PackagesView.tsx [Server Component]
    ./src/app/dashboard/page.tsx [Server Component]

  Client Component SSR:
    ./node_modules/@zxing/browser/esm/index.js [Client Component SSR]
    ./src/components/BarcodeCameraScanner.tsx [Client Component SSR]
    ./src/components/LogPackageModal.tsx [Client Component SSR]
    ./src/components/PackagesView.tsx [Client Component SSR]
    ./src/components/PackagesView.tsx [Server Component]
    ./src/app/dashboard/page.tsx [Server Component]

https://nextjs.org/docs/messages/module-not-found 
[browser] ./node_modules/@zxing/browser/esm/readers/BrowserAztecCodeReader.js:16:1
Error: Module not found: Can't resolve '@zxing/library'
  14 |     };
  15 | })();
> 16 | import { AztecCodeReader } from '@zxing/library';
     | ^^^^^^^^^^^^^^^^^^^^^^^^^^^^^^^^^^^^^^^^^^^^^^^^^
  17 | import { BrowserCodeReader } from './BrowserCodeReader';
  18 | /**
  19 |  * Aztec Code reader to use from browser.

Import traces:
  Client Component Browser:
    ./node_modules/@zxing/browser/esm/readers/BrowserAztecCodeReader.js [Client Component Browser]
    ./node_modules/@zxing/browser/esm/index.js [Client Component Browser]
    ./src/components/BarcodeCameraScanner.tsx [Client Component Browser]
    ./src/components/LogPackageModal.tsx [Client Component Browser]
    ./src/components/PackagesView.tsx [Client Component Browser]
    ./src/components/PackagesView.tsx [Server Component]
    ./src/app/dashboard/page.tsx [Server Component]

  Client Component SSR:
    ./node_modules/@zxing/browser/esm/readers/BrowserAztecCodeReader.js [Client Component SSR]
    ./node_modules/@zxing/browser/esm/index.js [Client Component SSR]
    ./src/components/BarcodeCameraScanner.tsx [Client Component SSR]
    ./src/components/LogPackageModal.tsx [Client Component SSR]
    ./src/components/PackagesView.tsx [Client Component SSR]
    ./src/components/PackagesView.tsx [Server Component]
    ./src/app/dashboard/page.tsx [Server Component]

https://nextjs.org/docs/messages/module-not-found 
[browser] ./node_modules/@zxing/browser/esm/readers/BrowserCodeReader.js:59:1
Error: Module not found: Can't resolve '@zxing/library'
  57 | ...t is not iterable." : "Symbol.iterator is not defined.");
  58 | ...
> 59 | ...Bitmap, ChecksumException, DecodeHintType, FormatException, HybridBinarizer, NotFoundEx...
     |    ^^^^^^^^^^^^^^^^^^^^^^^^^^^^^^^^^^^^^^^^^^^^^^^^^^^^^^^^^^^^^^^^^^^^^^^^^^^^^^^^^^^^^^^^^^
  60 | ...eSource } from '../common/HTMLCanvasElementLuminanceSource';
  61 | ...avigator } from '../common/navigator-utils';
  62 | ...

Import traces:
  Client Component Browser:
    ./node_modules/@zxing/browser/esm/readers/BrowserCodeReader.js [Client Component Browser]
    ./node_modules/@zxing/browser/esm/readers/BrowserMultiFormatReader.js [Client Component Browser]
    ./src/components/BarcodeCameraScanner.tsx [Client Component Browser]
    ./src/components/LogPackageModal.tsx [Client Component Browser]
    ./src/components/PackagesView.tsx [Client Component Browser]
    ./src/components/PackagesView.tsx [Server Component]
    ./src/app/dashboard/page.tsx [Server Component]

  Client Component SSR:
    ./node_modules/@zxing/browser/esm/readers/BrowserCodeReader.js [Client Component SSR]
    ./node_modules/@zxing/browser/esm/readers/BrowserMultiFormatReader.js [Client Component SSR]
    ./src/components/BarcodeCameraScanner.tsx [Client Component SSR]
    ./src/components/LogPackageModal.tsx [Client Component SSR]
    ./src/components/PackagesView.tsx [Client Component SSR]
    ./src/components/PackagesView.tsx [Server Component]
    ./src/app/dashboard/page.tsx [Server Component]

https://nextjs.org/docs/messages/module-not-found 
[browser] ./node_modules/@zxing/browser/esm/readers/BrowserDatamatrixCodeReader.js:16:1
Error: Module not found: Can't resolve '@zxing/library'
  14 |     };
  15 | })();
> 16 | import { DataMatrixReader } from '@zxing/library';
     | ^^^^^^^^^^^^^^^^^^^^^^^^^^^^^^^^^^^^^^^^^^^^^^^^^^
  17 | import { BrowserCodeReader } from './BrowserCodeReader';
  18 | /**
  19 |  * QR Code reader to use from browser.

Import traces:
  Client Component Browser:
    ./node_modules/@zxing/browser/esm/readers/BrowserDatamatrixCodeReader.js [Client Component Browser]
    ./node_modules/@zxing/browser/esm/index.js [Client Component Browser]
    ./src/components/BarcodeCameraScanner.tsx [Client Component Browser]
    ./src/components/LogPackageModal.tsx [Client Component Browser]
    ./src/components/PackagesView.tsx [Client Component Browser]
    ./src/components/PackagesView.tsx [Server Component]
    ./src/app/dashboard/page.tsx [Server Component]

  Client Component SSR:
    ./node_modules/@zxing/browser/esm/readers/BrowserDatamatrixCodeReader.js [Client Component SSR]
    ./node_modules/@zxing/browser/esm/index.js [Client Component SSR]
    ./src/components/BarcodeCameraScanner.tsx [Client Component SSR]
    ./src/components/LogPackageModal.tsx [Client Component SSR]
    ./src/components/PackagesView.tsx [Client Component SSR]
    ./src/components/PackagesView.tsx [Server Component]
    ./src/app/dashboard/page.tsx [Server Component]

https://nextjs.org/docs/messages/module-not-found 
[browser] ./node_modules/@zxing/browser/esm/readers/BrowserMultiFormatOneDReader.js:16:1
Error: Module not found: Can't resolve '@zxing/library'
  14 |     };
  15 | })();
> 16 | import { MultiFormatOneDReader } from '@zxing/library';
     | ^^^^^^^^^^^^^^^^^^^^^^^^^^^^^^^^^^^^^^^^^^^^^^^^^^^^^^^
  17 | import { BrowserCodeReader } from './BrowserCodeReader';
  18 | /**
  19 |  * Reader to be used for any One Dimension type barcode.

Import traces:
  Client Component Browser:
    ./node_modules/@zxing/browser/esm/readers/BrowserMultiFormatOneDReader.js [Client Component Browser]
    ./node_modules/@zxing/browser/esm/index.js [Client Component Browser]
    ./src/components/BarcodeCameraScanner.tsx [Client Component Browser]
    ./src/components/LogPackageModal.tsx [Client Component Browser]
    ./src/components/PackagesView.tsx [Client Component Browser]
    ./src/components/PackagesView.tsx [Server Component]
    ./src/app/dashboard/page.tsx [Server Component]

  Client Component SSR:
    ./node_modules/@zxing/browser/esm/readers/BrowserMultiFormatOneDReader.js [Client Component SSR]
    ./node_modules/@zxing/browser/esm/index.js [Client Component SSR]
    ./src/components/BarcodeCameraScanner.tsx [Client Component SSR]
    ./src/components/LogPackageModal.tsx [Client Component SSR]
    ./src/components/PackagesView.tsx [Client Component SSR]
    ./src/components/PackagesView.tsx [Server Component]
    ./src/app/dashboard/page.tsx [Server Component]

https://nextjs.org/docs/messages/module-not-found 
[browser] ./node_modules/@zxing/browser/esm/readers/BrowserMultiFormatReader.js:16:1
Error: Module not found: Can't resolve '@zxing/library'
  14 |     };
  15 | })();
> 16 | import { DecodeHintType, MultiFormatReader, } from '@zxing/library';
     | ^^^^^^^^^^^^^^^^^^^^^^^^^^^^^^^^^^^^^^^^^^^^^^^^^^^^^^^^^^^^^^^^^^^^
  17 | import { BrowserCodeReader } from './BrowserCodeReader';
  18 | var BrowserMultiFormatReader = /** @class */ (function (_super) {
  19 |     __extends(BrowserMultiFormatReader, _super);

Import traces:
  Client Component Browser:
    ./node_modules/@zxing/browser/esm/readers/BrowserMultiFormatReader.js [Client Component Browser]
    ./src/components/BarcodeCameraScanner.tsx [Client Component Browser]
    ./src/components/LogPackageModal.tsx [Client Component Browser]
    ./src/components/PackagesView.tsx [Client Component Browser]
    ./src/components/PackagesView.tsx [Server Component]
    ./src/app/dashboard/page.tsx [Server Component]

  Client Component SSR:
    ./node_modules/@zxing/browser/esm/readers/BrowserMultiFormatReader.js [Client Component SSR]
    ./src/components/BarcodeCameraScanner.tsx [Client Component SSR]
    ./src/components/LogPackageModal.tsx [Client Component SSR]
    ./src/components/PackagesView.tsx [Client Component SSR]
    ./src/components/PackagesView.tsx [Server Component]
    ./src/app/dashboard/page.tsx [Server Component]

https://nextjs.org/docs/messages/module-not-found 
[browser] ./node_modules/@zxing/browser/esm/readers/BrowserPDF417Reader.js:16:1
Error: Module not found: Can't resolve '@zxing/library'
  14 |     };
  15 | })();
> 16 | import { PDF417Reader } from '@zxing/library';
     | ^^^^^^^^^^^^^^^^^^^^^^^^^^^^^^^^^^^^^^^^^^^^^^
  17 | import { BrowserCodeReader } from './BrowserCodeReader';
  18 | /**
  19 |  * QR Code reader to use from browser.

Import traces:
  Client Component Browser:
    ./node_modules/@zxing/browser/esm/readers/BrowserPDF417Reader.js [Client Component Browser]
    ./node_modules/@zxing/browser/esm/index.js [Client Component Browser]
    ./src/components/BarcodeCameraScanner.tsx [Client Component Browser]
    ./src/components/LogPackageModal.tsx [Client Component Browser]
    ./src/components/PackagesView.tsx [Client Component Browser]
    ./src/components/PackagesView.tsx [Server Component]
    ./src/app/dashboard/page.tsx [Server Component]

  Client Component SSR:
    ./node_modules/@zxing/browser/esm/readers/BrowserPDF417Reader.js [Client Component SSR]
    ./node_modules/@zxing/browser/esm/index.js [Client Component SSR]
    ./src/components/BarcodeCameraScanner.tsx [Client Component SSR]
    ./src/components/LogPackageModal.tsx [Client Component SSR]
    ./src/components/PackagesView.tsx [Client Component SSR]
    ./src/components/PackagesView.tsx [Server Component]
    ./src/app/dashboard/page.tsx [Server Component]

https://nextjs.org/docs/messages/module-not-found 
[browser] ./node_modules/@zxing/browser/esm/readers/BrowserQRCodeReader.js:16:1
Error: Module not found: Can't resolve '@zxing/library'
  14 |     };
  15 | })();
> 16 | import { QRCodeReader } from '@zxing/library';
     | ^^^^^^^^^^^^^^^^^^^^^^^^^^^^^^^^^^^^^^^^^^^^^^
  17 | import { BrowserCodeReader } from './BrowserCodeReader';
  18 | /**
  19 |  * QR Code reader to use from browser.

Import traces:
  Client Component Browser:
    ./node_modules/@zxing/browser/esm/readers/BrowserQRCodeReader.js [Client Component Browser]
    ./node_modules/@zxing/browser/esm/index.js [Client Component Browser]
    ./src/components/BarcodeCameraScanner.tsx [Client Component Browser]
    ./src/components/LogPackageModal.tsx [Client Component Browser]
    ./src/components/PackagesView.tsx [Client Component Browser]
    ./src/components/PackagesView.tsx [Server Component]
    ./src/app/dashboard/page.tsx [Server Component]

  Client Component SSR:
    ./node_modules/@zxing/browser/esm/readers/BrowserQRCodeReader.js [Client Component SSR]
    ./node_modules/@zxing/browser/esm/index.js [Client Component SSR]
    ./src/components/BarcodeCameraScanner.tsx [Client Component SSR]
    ./src/components/LogPackageModal.tsx [Client Component SSR]
    ./src/components/PackagesView.tsx [Client Component SSR]
    ./src/components/PackagesView.tsx [Server Component]
    ./src/app/dashboard/page.tsx [Server Component]

https://nextjs.org/docs/messages/module-not-found 
[browser] ./node_modules/@zxing/browser/esm/writers/BrowserCodeSvgWriter.js:1:1
Error: Module not found: Can't resolve '@zxing/library'
> 1 | ...alArgumentException, IllegalStateException, QRCodeDecoderErrorCorrectionLevel, QRCodeEnc...
    |    ^^^^^^^^^^^^^^^^^^^^^^^^^^^^^^^^^^^^^^^^^^^^^^^^^^^^^^^^^^^^^^^^^^^^^^^^^^^^^^^^^^^^^^^^^^^
  2 | .../2000/svg';
  3 | ...
  4 | ... @class */ (function () {

Import traces:
  Client Component Browser:
    ./node_modules/@zxing/browser/esm/writers/BrowserCodeSvgWriter.js [Client Component Browser]
    ./node_modules/@zxing/browser/esm/index.js [Client Component Browser]
    ./src/components/BarcodeCameraScanner.tsx [Client Component Browser]
    ./src/components/LogPackageModal.tsx [Client Component Browser]
    ./src/components/PackagesView.tsx [Client Component Browser]
    ./src/components/PackagesView.tsx [Server Component]
    ./src/app/dashboard/page.tsx [Server Component]

  Client Component SSR:
    ./node_modules/@zxing/browser/esm/writers/BrowserCodeSvgWriter.js [Client Component SSR]
    ./node_modules/@zxing/browser/esm/index.js [Client Component SSR]
    ./src/components/BarcodeCameraScanner.tsx [Client Component SSR]
    ./src/components/LogPackageModal.tsx [Client Component SSR]
    ./src/components/PackagesView.tsx [Client Component SSR]
    ./src/components/PackagesView.tsx [Server Component]
    ./src/app/dashboard/page.tsx [Server Component]

https://nextjs.org/docs/messages/module-not-found 
[browser] ./node_modules/@zxing/browser/esm/writers/BrowserQRCodeSvgWriter.js:1:1
Error: Module not found: Can't resolve '@zxing/library'
> 1 | ...alArgumentException, IllegalStateException, QRCodeDecoderErrorCorrectionLevel, QRCodeEnc...
    |    ^^^^^^^^^^^^^^^^^^^^^^^^^^^^^^^^^^^^^^^^^^^^^^^^^^^^^^^^^^^^^^^^^^^^^^^^^^^^^^^^^^^^^^^^^^^
  2 | .../2000/svg';
  3 | ...
  4 | ...** @class */ (function () {

Import traces:
  Client Component Browser:
    ./node_modules/@zxing/browser/esm/writers/BrowserQRCodeSvgWriter.js [Client Component Browser]
    ./node_modules/@zxing/browser/esm/index.js [Client Component Browser]
    ./src/components/BarcodeCameraScanner.tsx [Client Component Browser]
    ./src/components/LogPackageModal.tsx [Client Component Browser]
    ./src/components/PackagesView.tsx [Client Component Browser]
    ./src/components/PackagesView.tsx [Server Component]
    ./src/app/dashboard/page.tsx [Server Component]

  Client Component SSR:
    ./node_modules/@zxing/browser/esm/writers/BrowserQRCodeSvgWriter.js [Client Component SSR]
    ./node_modules/@zxing/browser/esm/index.js [Client Component SSR]
    ./src/components/BarcodeCameraScanner.tsx [Client Component SSR]
    ./src/components/LogPackageModal.tsx [Client Component SSR]
    ./src/components/PackagesView.tsx [Client Component SSR]
    ./src/components/PackagesView.tsx [Server Component]
    ./src/app/dashboard/page.tsx [Server Component]

https://nextjs.org/docs/messages/module-not-found 
[browser] ./node_modules/@zxing/browser/esm/common/HTMLCanvasElementLuminanceSource.js:16:1
Error: Module not found: Can't resolve '@zxing/library'
  14 | ...
  15 | ...
> 16 | ...{ IllegalArgumentException, InvertedLuminanceSource, LuminanceSource, } from '@zxing/li...
     |    ^^^^^^^^^^^^^^^^^^^^^^^^^^^^^^^^^^^^^^^^^^^^^^^^^^^^^^^^^^^^^^^^^^^^^^^^^^^^^^^^^^^^^^^^^^
  17 | ...
  18 | ...LCanvasElementLuminanceSource = /** @class */ (function (_super) {
  19 | ...xtends(HTMLCanvasElementLuminanceSource, _super);

Import traces:
  Client Component Browser:
    ./node_modules/@zxing/browser/esm/common/HTMLCanvasElementLuminanceSource.js [Client Component Browser]
    ./node_modules/@zxing/browser/esm/index.js [Client Component Browser]
    ./src/components/BarcodeCameraScanner.tsx [Client Component Browser]
    ./src/components/LogPackageModal.tsx [Client Component Browser]
    ./src/components/PackagesView.tsx [Client Component Browser]
    ./src/components/PackagesView.tsx [Server Component]
    ./src/app/dashboard/page.tsx [Server Component]

  Client Component SSR:
    ./node_modules/@zxing/browser/esm/common/HTMLCanvasElementLuminanceSource.js [Client Component SSR]
    ./node_modules/@zxing/browser/esm/index.js [Client Component SSR]
    ./src/components/BarcodeCameraScanner.tsx [Client Component SSR]
    ./src/components/LogPackageModal.tsx [Client Component SSR]
    ./src/components/PackagesView.tsx [Client Component SSR]
    ./src/components/PackagesView.tsx [Server Component]
    ./src/app/dashboard/page.tsx [Server Component]

https://nextjs.org/docs/messages/module-not-found 
[browser] ./node_modules/@zxing/browser/esm/index.js:3:1
Error: Module not found: Can't resolve '@zxing/library'
  1 | // public API
  2 | // core
> 3 | export { BarcodeFormat } from '@zxing/library';
    | ^^^^^^^^^^^^^^^^^^^^^^^^^^^^^^^^^^^^^^^^^^^^^^^
  4 | // common
  5 | export * from './common/HTMLCanvasElementLuminanceSource';
  6 | export * from './common/HTMLVisualMediaElement';

Import traces:
  Client Component Browser:
    ./node_modules/@zxing/browser/esm/index.js [Client Component Browser]
    ./src/components/BarcodeCameraScanner.tsx [Client Component Browser]
    ./src/components/LogPackageModal.tsx [Client Component Browser]
    ./src/components/PackagesView.tsx [Client Component Browser]
    ./src/components/PackagesView.tsx [Server Component]
    ./src/app/dashboard/page.tsx [Server Component]

  Client Component SSR:
    ./node_modules/@zxing/browser/esm/index.js [Client Component SSR]
    ./src/components/BarcodeCameraScanner.tsx [Client Component SSR]
    ./src/components/LogPackageModal.tsx [Client Component SSR]
    ./src/components/PackagesView.tsx [Client Component SSR]
    ./src/components/PackagesView.tsx [Server Component]
    ./src/app/dashboard/page.tsx [Server Component]

https://nextjs.org/docs/messages/module-not-found 
[browser] ./node_modules/@zxing/browser/esm/readers/BrowserAztecCodeReader.js:16:1
Error: Module not found: Can't resolve '@zxing/library'
  14 |     };
  15 | })();
> 16 | import { AztecCodeReader } from '@zxing/library';
     | ^^^^^^^^^^^^^^^^^^^^^^^^^^^^^^^^^^^^^^^^^^^^^^^^^
  17 | import { BrowserCodeReader } from './BrowserCodeReader';
  18 | /**
  19 |  * Aztec Code reader to use from browser.

Import traces:
  Client Component Browser:
    ./node_modules/@zxing/browser/esm/readers/BrowserAztecCodeReader.js [Client Component Browser]
    ./node_modules/@zxing/browser/esm/index.js [Client Component Browser]
    ./src/components/BarcodeCameraScanner.tsx [Client Component Browser]
    ./src/components/LogPackageModal.tsx [Client Component Browser]
    ./src/components/PackagesView.tsx [Client Component Browser]
    ./src/components/PackagesView.tsx [Server Component]
    ./src/app/dashboard/page.tsx [Server Component]

  Client Component SSR:
    ./node_modules/@zxing/browser/esm/readers/BrowserAztecCodeReader.js [Client Component SSR]
    ./node_modules/@zxing/browser/esm/index.js [Client Component SSR]
    ./src/components/BarcodeCameraScanner.tsx [Client Component SSR]
    ./src/components/LogPackageModal.tsx [Client Component SSR]
    ./src/components/PackagesView.tsx [Client Component SSR]
    ./src/components/PackagesView.tsx [Server Component]
    ./src/app/dashboard/page.tsx [Server Component]

https://nextjs.org/docs/messages/module-not-found 
[browser] ./node_modules/@zxing/browser/esm/readers/BrowserCodeReader.js:59:1
Error: Module not found: Can't resolve '@zxing/library'
  57 | ...t is not iterable." : "Symbol.iterator is not defined.");
  58 | ...
> 59 | ...Bitmap, ChecksumException, DecodeHintType, FormatException, HybridBinarizer, NotFoundEx...
     |    ^^^^^^^^^^^^^^^^^^^^^^^^^^^^^^^^^^^^^^^^^^^^^^^^^^^^^^^^^^^^^^^^^^^^^^^^^^^^^^^^^^^^^^^^^^
  60 | ...eSource } from '../common/HTMLCanvasElementLuminanceSource';
  61 | ...avigator } from '../common/navigator-utils';
  62 | ...

Import traces:
  Client Component Browser:
    ./node_modules/@zxing/browser/esm/readers/BrowserCodeReader.js [Client Component Browser]
    ./node_modules/@zxing/browser/esm/readers/BrowserMultiFormatReader.js [Client Component Browser]
    ./src/components/BarcodeCameraScanner.tsx [Client Component Browser]
    ./src/components/LogPackageModal.tsx [Client Component Browser]
    ./src/components/PackagesView.tsx [Client Component Browser]
    ./src/components/PackagesView.tsx [Server Component]
    ./src/app/dashboard/page.tsx [Server Component]

  Client Component SSR:
    ./node_modules/@zxing/browser/esm/readers/BrowserCodeReader.js [Client Component SSR]
    ./node_modules/@zxing/browser/esm/readers/BrowserMultiFormatReader.js [Client Component SSR]
    ./src/components/BarcodeCameraScanner.tsx [Client Component SSR]
    ./src/components/LogPackageModal.tsx [Client Component SSR]
    ./src/components/PackagesView.tsx [Client Component SSR]
    ./src/components/PackagesView.tsx [Server Component]
    ./src/app/dashboard/page.tsx [Server Component]

https://nextjs.org/docs/messages/module-not-found 
[browser] ./node_modules/@zxing/browser/esm/readers/BrowserDatamatrixCodeReader.js:16:1
Error: Module not found: Can't resolve '@zxing/library'
  14 |     };
  15 | })();
> 16 | import { DataMatrixReader } from '@zxing/library';
     | ^^^^^^^^^^^^^^^^^^^^^^^^^^^^^^^^^^^^^^^^^^^^^^^^^^
  17 | import { BrowserCodeReader } from './BrowserCodeReader';
  18 | /**
  19 |  * QR Code reader to use from browser.

Import traces:
  Client Component Browser:
    ./node_modules/@zxing/browser/esm/readers/BrowserDatamatrixCodeReader.js [Client Component Browser]
    ./node_modules/@zxing/browser/esm/index.js [Client Component Browser]
    ./src/components/BarcodeCameraScanner.tsx [Client Component Browser]
    ./src/components/LogPackageModal.tsx [Client Component Browser]
    ./src/components/PackagesView.tsx [Client Component Browser]
    ./src/components/PackagesView.tsx [Server Component]
    ./src/app/dashboard/page.tsx [Server Component]

  Client Component SSR:
    ./node_modules/@zxing/browser/esm/readers/BrowserDatamatrixCodeReader.js [Client Component SSR]
    ./node_modules/@zxing/browser/esm/index.js [Client Component SSR]
    ./src/components/BarcodeCameraScanner.tsx [Client Component SSR]
    ./src/components/LogPackageModal.tsx [Client Component SSR]
    ./src/components/PackagesView.tsx [Client Component SSR]
    ./src/components/PackagesView.tsx [Server Component]
    ./src/app/dashboard/page.tsx [Server Component]

https://nextjs.org/docs/messages/module-not-found 
[browser] ./node_modules/@zxing/browser/esm/readers/BrowserMultiFormatOneDReader.js:16:1
Error: Module not found: Can't resolve '@zxing/library'
  14 |     };
  15 | })();
> 16 | import { MultiFormatOneDReader } from '@zxing/library';
     | ^^^^^^^^^^^^^^^^^^^^^^^^^^^^^^^^^^^^^^^^^^^^^^^^^^^^^^^
  17 | import { BrowserCodeReader } from './BrowserCodeReader';
  18 | /**
  19 |  * Reader to be used for any One Dimension type barcode.

Import traces:
  Client Component Browser:
    ./node_modules/@zxing/browser/esm/readers/BrowserMultiFormatOneDReader.js [Client Component Browser]
    ./node_modules/@zxing/browser/esm/index.js [Client Component Browser]
    ./src/components/BarcodeCameraScanner.tsx [Client Component Browser]
    ./src/components/LogPackageModal.tsx [Client Component Browser]
    ./src/components/PackagesView.tsx [Client Component Browser]
    ./src/components/PackagesView.tsx [Server Component]
    ./src/app/dashboard/page.tsx [Server Component]

  Client Component SSR:
    ./node_modules/@zxing/browser/esm/readers/BrowserMultiFormatOneDReader.js [Client Component SSR]
    ./node_modules/@zxing/browser/esm/index.js [Client Component SSR]
    ./src/components/BarcodeCameraScanner.tsx [Client Component SSR]
    ./src/components/LogPackageModal.tsx [Client Component SSR]
    ./src/components/PackagesView.tsx [Client Component SSR]
    ./src/components/PackagesView.tsx [Server Component]
    ./src/app/dashboard/page.tsx [Server Component]

https://nextjs.org/docs/messages/module-not-found 
[browser] ./node_modules/@zxing/browser/esm/readers/BrowserMultiFormatReader.js:16:1
Error: Module not found: Can't resolve '@zxing/library'
  14 |     };
  15 | })();
> 16 | import { DecodeHintType, MultiFormatReader, } from '@zxing/library';
     | ^^^^^^^^^^^^^^^^^^^^^^^^^^^^^^^^^^^^^^^^^^^^^^^^^^^^^^^^^^^^^^^^^^^^
  17 | import { BrowserCodeReader } from './BrowserCodeReader';
  18 | var BrowserMultiFormatReader = /** @class */ (function (_super) {
  19 |     __extends(BrowserMultiFormatReader, _super);

Import traces:
  Client Component Browser:
    ./node_modules/@zxing/browser/esm/readers/BrowserMultiFormatReader.js [Client Component Browser]
    ./src/components/BarcodeCameraScanner.tsx [Client Component Browser]
    ./src/components/LogPackageModal.tsx [Client Component Browser]
    ./src/components/PackagesView.tsx [Client Component Browser]
    ./src/components/PackagesView.tsx [Server Component]
    ./src/app/dashboard/page.tsx [Server Component]

  Client Component SSR:
    ./node_modules/@zxing/browser/esm/readers/BrowserMultiFormatReader.js [Client Component SSR]
    ./src/components/BarcodeCameraScanner.tsx [Client Component SSR]
    ./src/components/LogPackageModal.tsx [Client Component SSR]
    ./src/components/PackagesView.tsx [Client Component SSR]
    ./src/components/PackagesView.tsx [Server Component]
    ./src/app/dashboard/page.tsx [Server Component]

https://nextjs.org/docs/messages/module-not-found 
[browser] ./node_modules/@zxing/browser/esm/readers/BrowserPDF417Reader.js:16:1
Error: Module not found: Can't resolve '@zxing/library'
  14 |     };
  15 | })();
> 16 | import { PDF417Reader } from '@zxing/library';
     | ^^^^^^^^^^^^^^^^^^^^^^^^^^^^^^^^^^^^^^^^^^^^^^
  17 | import { BrowserCodeReader } from './BrowserCodeReader';
  18 | /**
  19 |  * QR Code reader to use from browser.

Import traces:
  Client Component Browser:
    ./node_modules/@zxing/browser/esm/readers/BrowserPDF417Reader.js [Client Component Browser]
    ./node_modules/@zxing/browser/esm/index.js [Client Component Browser]
    ./src/components/BarcodeCameraScanner.tsx [Client Component Browser]
    ./src/components/LogPackageModal.tsx [Client Component Browser]
    ./src/components/PackagesView.tsx [Client Component Browser]
    ./src/components/PackagesView.tsx [Server Component]
    ./src/app/dashboard/page.tsx [Server Component]

  Client Component SSR:
    ./node_modules/@zxing/browser/esm/readers/BrowserPDF417Reader.js [Client Component SSR]
    ./node_modules/@zxing/browser/esm/index.js [Client Component SSR]
    ./src/components/BarcodeCameraScanner.tsx [Client Component SSR]
    ./src/components/LogPackageModal.tsx [Client Component SSR]
    ./src/components/PackagesView.tsx [Client Component SSR]
    ./src/components/PackagesView.tsx [Server Component]
    ./src/app/dashboard/page.tsx [Server Component]

https://nextjs.org/docs/messages/module-not-found 
[browser] ./node_modules/@zxing/browser/esm/readers/BrowserQRCodeReader.js:16:1
Error: Module not found: Can't resolve '@zxing/library'
  14 |     };
  15 | })();
> 16 | import { QRCodeReader } from '@zxing/library';
     | ^^^^^^^^^^^^^^^^^^^^^^^^^^^^^^^^^^^^^^^^^^^^^^
  17 | import { BrowserCodeReader } from './BrowserCodeReader';
  18 | /**
  19 |  * QR Code reader to use from browser.

Import traces:
  Client Component Browser:
    ./node_modules/@zxing/browser/esm/readers/BrowserQRCodeReader.js [Client Component Browser]
    ./node_modules/@zxing/browser/esm/index.js [Client Component Browser]
    ./src/components/BarcodeCameraScanner.tsx [Client Component Browser]
    ./src/components/LogPackageModal.tsx [Client Component Browser]
    ./src/components/PackagesView.tsx [Client Component Browser]
    ./src/components/PackagesView.tsx [Server Component]
    ./src/app/dashboard/page.tsx [Server Component]

  Client Component SSR:
    ./node_modules/@zxing/browser/esm/readers/BrowserQRCodeReader.js [Client Component SSR]
    ./node_modules/@zxing/browser/esm/index.js [Client Component SSR]
    ./src/components/BarcodeCameraScanner.tsx [Client Component SSR]
    ./src/components/LogPackageModal.tsx [Client Component SSR]
    ./src/components/PackagesView.tsx [Client Component SSR]
    ./src/components/PackagesView.tsx [Server Component]
    ./src/app/dashboard/page.tsx [Server Component]

https://nextjs.org/docs/messages/module-not-found 
[browser] ./node_modules/@zxing/browser/esm/writers/BrowserCodeSvgWriter.js:1:1
Error: Module not found: Can't resolve '@zxing/library'
> 1 | ...alArgumentException, IllegalStateException, QRCodeDecoderErrorCorrectionLevel, QRCodeEnc...
    |    ^^^^^^^^^^^^^^^^^^^^^^^^^^^^^^^^^^^^^^^^^^^^^^^^^^^^^^^^^^^^^^^^^^^^^^^^^^^^^^^^^^^^^^^^^^^
  2 | .../2000/svg';
  3 | ...
  4 | ... @class */ (function () {

Import traces:
  Client Component Browser:
    ./node_modules/@zxing/browser/esm/writers/BrowserCodeSvgWriter.js [Client Component Browser]
    ./node_modules/@zxing/browser/esm/index.js [Client Component Browser]
    ./src/components/BarcodeCameraScanner.tsx [Client Component Browser]
    ./src/components/LogPackageModal.tsx [Client Component Browser]
    ./src/components/PackagesView.tsx [Client Component Browser]
    ./src/components/PackagesView.tsx [Server Component]
    ./src/app/dashboard/page.tsx [Server Component]

  Client Component SSR:
    ./node_modules/@zxing/browser/esm/writers/BrowserCodeSvgWriter.js [Client Component SSR]
    ./node_modules/@zxing/browser/esm/index.js [Client Component SSR]
    ./src/components/BarcodeCameraScanner.tsx [Client Component SSR]
    ./src/components/LogPackageModal.tsx [Client Component SSR]
    ./src/components/PackagesView.tsx [Client Component SSR]
    ./src/components/PackagesView.tsx [Server Component]
    ./src/app/dashboard/page.tsx [Server Component]

https://nextjs.org/docs/messages/module-not-found 
[browser] ./node_modules/@zxing/browser/esm/writers/BrowserQRCodeSvgWriter.js:1:1
Error: Module not found: Can't resolve '@zxing/library'
> 1 | ...alArgumentException, IllegalStateException, QRCodeDecoderErrorCorrectionLevel, QRCodeEnc...
    |    ^^^^^^^^^^^^^^^^^^^^^^^^^^^^^^^^^^^^^^^^^^^^^^^^^^^^^^^^^^^^^^^^^^^^^^^^^^^^^^^^^^^^^^^^^^^
  2 | .../2000/svg';
  3 | ...
  4 | ...** @class */ (function () {

Import traces:
  Client Component Browser:
    ./node_modules/@zxing/browser/esm/writers/BrowserQRCodeSvgWriter.js [Client Component Browser]
    ./node_modules/@zxing/browser/esm/index.js [Client Component Browser]
    ./src/components/BarcodeCameraScanner.tsx [Client Component Browser]
    ./src/components/LogPackageModal.tsx [Client Component Browser]
    ./src/components/PackagesView.tsx [Client Component Browser]
    ./src/components/PackagesView.tsx [Server Component]
    ./src/app/dashboard/page.tsx [Server Component]

  Client Component SSR:
    ./node_modules/@zxing/browser/esm/writers/BrowserQRCodeSvgWriter.js [Client Component SSR]
    ./node_modules/@zxing/browser/esm/index.js [Client Component SSR]
    ./src/components/BarcodeCameraScanner.tsx [Client Component SSR]
    ./src/components/LogPackageModal.tsx [Client Component SSR]
    ./src/components/PackagesView.tsx [Client Component SSR]
    ./src/components/PackagesView.tsx [Server Component]
    ./src/app/dashboard/page.tsx [Server Component]

https://nextjs.org/docs/messages/module-not-found 
[browser] ./node_modules/@zxing/browser/esm/common/HTMLCanvasElementLuminanceSource.js:16:1
Error: Module not found: Can't resolve '@zxing/library'
  14 | ...
  15 | ...
> 16 | ...{ IllegalArgumentException, InvertedLuminanceSource, LuminanceSource, } from '@zxing/li...
     |    ^^^^^^^^^^^^^^^^^^^^^^^^^^^^^^^^^^^^^^^^^^^^^^^^^^^^^^^^^^^^^^^^^^^^^^^^^^^^^^^^^^^^^^^^^^
  17 | ...
  18 | ...LCanvasElementLuminanceSource = /** @class */ (function (_super) {
  19 | ...xtends(HTMLCanvasElementLuminanceSource, _super);

Import traces:
  Client Component Browser:
    ./node_modules/@zxing/browser/esm/common/HTMLCanvasElementLuminanceSource.js [Client Component Browser]
    ./node_modules/@zxing/browser/esm/index.js [Client Component Browser]
    ./src/components/BarcodeCameraScanner.tsx [Client Component Browser]
    ./src/components/LogPackageModal.tsx [Client Component Browser]
    ./src/components/PackagesView.tsx [Client Component Browser]
    ./src/components/PackagesView.tsx [Server Component]
    ./src/app/dashboard/page.tsx [Server Component]

  Client Component SSR:
    ./node_modules/@zxing/browser/esm/common/HTMLCanvasElementLuminanceSource.js [Client Component SSR]
    ./node_modules/@zxing/browser/esm/index.js [Client Component SSR]
    ./src/components/BarcodeCameraScanner.tsx [Client Component SSR]
    ./src/components/LogPackageModal.tsx [Client Component SSR]
    ./src/components/PackagesView.tsx [Client Component SSR]
    ./src/components/PackagesView.tsx [Server Component]
    ./src/app/dashboard/page.tsx [Server Component]

https://nextjs.org/docs/messages/module-not-found 
[browser] ./node_modules/@zxing/browser/esm/index.js:3:1
Error: Module not found: Can't resolve '@zxing/library'
  1 | // public API
  2 | // core
> 3 | export { BarcodeFormat } from '@zxing/library';
    | ^^^^^^^^^^^^^^^^^^^^^^^^^^^^^^^^^^^^^^^^^^^^^^^
  4 | // common
  5 | export * from './common/HTMLCanvasElementLuminanceSource';
  6 | export * from './common/HTMLVisualMediaElement';

Import traces:
  Client Component Browser:
    ./node_modules/@zxing/browser/esm/index.js [Client Component Browser]
    ./src/components/BarcodeCameraScanner.tsx [Client Component Browser]
    ./src/components/LogPackageModal.tsx [Client Component Browser]
    ./src/components/PackagesView.tsx [Client Component Browser]
    ./src/components/PackagesView.tsx [Server Component]
    ./src/app/dashboard/page.tsx [Server Component]

  Client Component SSR:
    ./node_modules/@zxing/browser/esm/index.js [Client Component SSR]
    ./src/components/BarcodeCameraScanner.tsx [Client Component SSR]
    ./src/components/LogPackageModal.tsx [Client Component SSR]
    ./src/components/PackagesView.tsx [Client Component SSR]
    ./src/components/PackagesView.tsx [Server Component]
    ./src/app/dashboard/page.tsx [Server Component]

https://nextjs.org/docs/messages/module-not-found 
[browser] ./node_modules/@zxing/browser/esm/readers/BrowserAztecCodeReader.js:16:1
Error: Module not found: Can't resolve '@zxing/library'
  14 |     };
  15 | })();
> 16 | import { AztecCodeReader } from '@zxing/library';
     | ^^^^^^^^^^^^^^^^^^^^^^^^^^^^^^^^^^^^^^^^^^^^^^^^^
  17 | import { BrowserCodeReader } from './BrowserCodeReader';
  18 | /**
  19 |  * Aztec Code reader to use from browser.

Import traces:
  Client Component Browser:
    ./node_modules/@zxing/browser/esm/readers/BrowserAztecCodeReader.js [Client Component Browser]
    ./node_modules/@zxing/browser/esm/index.js [Client Component Browser]
    ./src/components/BarcodeCameraScanner.tsx [Client Component Browser]
    ./src/components/LogPackageModal.tsx [Client Component Browser]
    ./src/components/PackagesView.tsx [Client Component Browser]
    ./src/components/PackagesView.tsx [Server Component]
    ./src/app/dashboard/page.tsx [Server Component]

  Client Component SSR:
    ./node_modules/@zxing/browser/esm/readers/BrowserAztecCodeReader.js [Client Component SSR]
    ./node_modules/@zxing/browser/esm/index.js [Client Component SSR]
    ./src/components/BarcodeCameraScanner.tsx [Client Component SSR]
    ./src/components/LogPackageModal.tsx [Client Component SSR]
    ./src/components/PackagesView.tsx [Client Component SSR]
    ./src/components/PackagesView.tsx [Server Component]
    ./src/app/dashboard/page.tsx [Server Component]

https://nextjs.org/docs/messages/module-not-found 
[browser] ./node_modules/@zxing/browser/esm/readers/BrowserCodeReader.js:59:1
Error: Module not found: Can't resolve '@zxing/library'
  57 | ...t is not iterable." : "Symbol.iterator is not defined.");
  58 | ...
> 59 | ...Bitmap, ChecksumException, DecodeHintType, FormatException, HybridBinarizer, NotFoundEx...
     |    ^^^^^^^^^^^^^^^^^^^^^^^^^^^^^^^^^^^^^^^^^^^^^^^^^^^^^^^^^^^^^^^^^^^^^^^^^^^^^^^^^^^^^^^^^^
  60 | ...eSource } from '../common/HTMLCanvasElementLuminanceSource';
  61 | ...avigator } from '../common/navigator-utils';
  62 | ...

Import traces:
  Client Component Browser:
    ./node_modules/@zxing/browser/esm/readers/BrowserCodeReader.js [Client Component Browser]
    ./node_modules/@zxing/browser/esm/readers/BrowserMultiFormatReader.js [Client Component Browser]
    ./src/components/BarcodeCameraScanner.tsx [Client Component Browser]
    ./src/components/LogPackageModal.tsx [Client Component Browser]
    ./src/components/PackagesView.tsx [Client Component Browser]
    ./src/components/PackagesView.tsx [Server Component]
    ./src/app/dashboard/page.tsx [Server Component]

  Client Component SSR:
    ./node_modules/@zxing/browser/esm/readers/BrowserCodeReader.js [Client Component SSR]
    ./node_modules/@zxing/browser/esm/readers/BrowserMultiFormatReader.js [Client Component SSR]
    ./src/components/BarcodeCameraScanner.tsx [Client Component SSR]
    ./src/components/LogPackageModal.tsx [Client Component SSR]
    ./src/components/PackagesView.tsx [Client Component SSR]
    ./src/components/PackagesView.tsx [Server Component]
    ./src/app/dashboard/page.tsx [Server Component]

https://nextjs.org/docs/messages/module-not-found 
[browser] ./node_modules/@zxing/browser/esm/readers/BrowserDatamatrixCodeReader.js:16:1
Error: Module not found: Can't resolve '@zxing/library'
  14 |     };
  15 | })();
> 16 | import { DataMatrixReader } from '@zxing/library';
     | ^^^^^^^^^^^^^^^^^^^^^^^^^^^^^^^^^^^^^^^^^^^^^^^^^^
  17 | import { BrowserCodeReader } from './BrowserCodeReader';
  18 | /**
  19 |  * QR Code reader to use from browser.

Import traces:
  Client Component Browser:
    ./node_modules/@zxing/browser/esm/readers/BrowserDatamatrixCodeReader.js [Client Component Browser]
    ./node_modules/@zxing/browser/esm/index.js [Client Component Browser]
    ./src/components/BarcodeCameraScanner.tsx [Client Component Browser]
    ./src/components/LogPackageModal.tsx [Client Component Browser]
    ./src/components/PackagesView.tsx [Client Component Browser]
    ./src/components/PackagesView.tsx [Server Component]
    ./src/app/dashboard/page.tsx [Server Component]

  Client Component SSR:
    ./node_modules/@zxing/browser/esm/readers/BrowserDatamatrixCodeReader.js [Client Component SSR]
    ./node_modules/@zxing/browser/esm/index.js [Client Component SSR]
    ./src/components/BarcodeCameraScanner.tsx [Client Component SSR]
    ./src/components/LogPackageModal.tsx [Client Component SSR]
    ./src/components/PackagesView.tsx [Client Component SSR]
    ./src/components/PackagesView.tsx [Server Component]
    ./src/app/dashboard/page.tsx [Server Component]

https://nextjs.org/docs/messages/module-not-found 
[browser] ./node_modules/@zxing/browser/esm/readers/BrowserMultiFormatOneDReader.js:16:1
Error: Module not found: Can't resolve '@zxing/library'
  14 |     };
  15 | })();
> 16 | import { MultiFormatOneDReader } from '@zxing/library';
     | ^^^^^^^^^^^^^^^^^^^^^^^^^^^^^^^^^^^^^^^^^^^^^^^^^^^^^^^
  17 | import { BrowserCodeReader } from './BrowserCodeReader';
  18 | /**
  19 |  * Reader to be used for any One Dimension type barcode.

Import traces:
  Client Component Browser:
    ./node_modules/@zxing/browser/esm/readers/BrowserMultiFormatOneDReader.js [Client Component Browser]
    ./node_modules/@zxing/browser/esm/index.js [Client Component Browser]
    ./src/components/BarcodeCameraScanner.tsx [Client Component Browser]
    ./src/components/LogPackageModal.tsx [Client Component Browser]
    ./src/components/PackagesView.tsx [Client Component Browser]
    ./src/components/PackagesView.tsx [Server Component]
    ./src/app/dashboard/page.tsx [Server Component]

  Client Component SSR:
    ./node_modules/@zxing/browser/esm/readers/BrowserMultiFormatOneDReader.js [Client Component SSR]
    ./node_modules/@zxing/browser/esm/index.js [Client Component SSR]
    ./src/components/BarcodeCameraScanner.tsx [Client Component SSR]
    ./src/components/LogPackageModal.tsx [Client Component SSR]
    ./src/components/PackagesView.tsx [Client Component SSR]
    ./src/components/PackagesView.tsx [Server Component]
    ./src/app/dashboard/page.tsx [Server Component]

https://nextjs.org/docs/messages/module-not-found 
[browser] ./node_modules/@zxing/browser/esm/readers/BrowserMultiFormatReader.js:16:1
Error: Module not found: Can't resolve '@zxing/library'
  14 |     };
  15 | })();
> 16 | import { DecodeHintType, MultiFormatReader, } from '@zxing/library';
     | ^^^^^^^^^^^^^^^^^^^^^^^^^^^^^^^^^^^^^^^^^^^^^^^^^^^^^^^^^^^^^^^^^^^^
  17 | import { BrowserCodeReader } from './BrowserCodeReader';
  18 | var BrowserMultiFormatReader = /** @class */ (function (_super) {
  19 |     __extends(BrowserMultiFormatReader, _super);

Import traces:
  Client Component Browser:
    ./node_modules/@zxing/browser/esm/readers/BrowserMultiFormatReader.js [Client Component Browser]
    ./src/components/BarcodeCameraScanner.tsx [Client Component Browser]
    ./src/components/LogPackageModal.tsx [Client Component Browser]
    ./src/components/PackagesView.tsx [Client Component Browser]
    ./src/components/PackagesView.tsx [Server Component]
    ./src/app/dashboard/page.tsx [Server Component]

  Client Component SSR:
    ./node_modules/@zxing/browser/esm/readers/BrowserMultiFormatReader.js [Client Component SSR]
    ./src/components/BarcodeCameraScanner.tsx [Client Component SSR]
    ./src/components/LogPackageModal.tsx [Client Component SSR]
    ./src/components/PackagesView.tsx [Client Component SSR]
    ./src/components/PackagesView.tsx [Server Component]
    ./src/app/dashboard/page.tsx [Server Component]

https://nextjs.org/docs/messages/module-not-found 
[browser] ./node_modules/@zxing/browser/esm/readers/BrowserPDF417Reader.js:16:1
Error: Module not found: Can't resolve '@zxing/library'
  14 |     };
  15 | })();
> 16 | import { PDF417Reader } from '@zxing/library';
     | ^^^^^^^^^^^^^^^^^^^^^^^^^^^^^^^^^^^^^^^^^^^^^^
  17 | import { BrowserCodeReader } from './BrowserCodeReader';
  18 | /**
  19 |  * QR Code reader to use from browser.

Import traces:
  Client Component Browser:
    ./node_modules/@zxing/browser/esm/readers/BrowserPDF417Reader.js [Client Component Browser]
    ./node_modules/@zxing/browser/esm/index.js [Client Component Browser]
    ./src/components/BarcodeCameraScanner.tsx [Client Component Browser]
    ./src/components/LogPackageModal.tsx [Client Component Browser]
    ./src/components/PackagesView.tsx [Client Component Browser]
    ./src/components/PackagesView.tsx [Server Component]
    ./src/app/dashboard/page.tsx [Server Component]

  Client Component SSR:
    ./node_modules/@zxing/browser/esm/readers/BrowserPDF417Reader.js [Client Component SSR]
    ./node_modules/@zxing/browser/esm/index.js [Client Component SSR]
    ./src/components/BarcodeCameraScanner.tsx [Client Component SSR]
    ./src/components/LogPackageModal.tsx [Client Component SSR]
    ./src/components/PackagesView.tsx [Client Component SSR]
    ./src/components/PackagesView.tsx [Server Component]
    ./src/app/dashboard/page.tsx [Server Component]

https://nextjs.org/docs/messages/module-not-found 
[browser] ./node_modules/@zxing/browser/esm/readers/BrowserQRCodeReader.js:16:1
Error: Module not found: Can't resolve '@zxing/library'
  14 |     };
  15 | })();
> 16 | import { QRCodeReader } from '@zxing/library';
     | ^^^^^^^^^^^^^^^^^^^^^^^^^^^^^^^^^^^^^^^^^^^^^^
  17 | import { BrowserCodeReader } from './BrowserCodeReader';
  18 | /**
  19 |  * QR Code reader to use from browser.

Import traces:
  Client Component Browser:
    ./node_modules/@zxing/browser/esm/readers/BrowserQRCodeReader.js [Client Component Browser]
    ./node_modules/@zxing/browser/esm/index.js [Client Component Browser]
    ./src/components/BarcodeCameraScanner.tsx [Client Component Browser]
    ./src/components/LogPackageModal.tsx [Client Component Browser]
    ./src/components/PackagesView.tsx [Client Component Browser]
    ./src/components/PackagesView.tsx [Server Component]
    ./src/app/dashboard/page.tsx [Server Component]

  Client Component SSR:
    ./node_modules/@zxing/browser/esm/readers/BrowserQRCodeReader.js [Client Component SSR]
    ./node_modules/@zxing/browser/esm/index.js [Client Component SSR]
    ./src/components/BarcodeCameraScanner.tsx [Client Component SSR]
    ./src/components/LogPackageModal.tsx [Client Component SSR]
    ./src/components/PackagesView.tsx [Client Component SSR]
    ./src/components/PackagesView.tsx [Server Component]
    ./src/app/dashboard/page.tsx [Server Component]

https://nextjs.org/docs/messages/module-not-found 
[browser] ./node_modules/@zxing/browser/esm/writers/BrowserCodeSvgWriter.js:1:1
Error: Module not found: Can't resolve '@zxing/library'
> 1 | ...alArgumentException, IllegalStateException, QRCodeDecoderErrorCorrectionLevel, QRCodeEnc...
    |    ^^^^^^^^^^^^^^^^^^^^^^^^^^^^^^^^^^^^^^^^^^^^^^^^^^^^^^^^^^^^^^^^^^^^^^^^^^^^^^^^^^^^^^^^^^^
  2 | .../2000/svg';
  3 | ...
  4 | ... @class */ (function () {

Import traces:
  Client Component Browser:
    ./node_modules/@zxing/browser/esm/writers/BrowserCodeSvgWriter.js [Client Component Browser]
    ./node_modules/@zxing/browser/esm/index.js [Client Component Browser]
    ./src/components/BarcodeCameraScanner.tsx [Client Component Browser]
    ./src/components/LogPackageModal.tsx [Client Component Browser]
    ./src/components/PackagesView.tsx [Client Component Browser]
    ./src/components/PackagesView.tsx [Server Component]
    ./src/app/dashboard/page.tsx [Server Component]

  Client Component SSR:
    ./node_modules/@zxing/browser/esm/writers/BrowserCodeSvgWriter.js [Client Component SSR]
    ./node_modules/@zxing/browser/esm/index.js [Client Component SSR]
    ./src/components/BarcodeCameraScanner.tsx [Client Component SSR]
    ./src/components/LogPackageModal.tsx [Client Component SSR]
    ./src/components/PackagesView.tsx [Client Component SSR]
    ./src/components/PackagesView.tsx [Server Component]
    ./src/app/dashboard/page.tsx [Server Component]

https://nextjs.org/docs/messages/module-not-found 
[browser] ./node_modules/@zxing/browser/esm/writers/BrowserQRCodeSvgWriter.js:1:1
Error: Module not found: Can't resolve '@zxing/library'
> 1 | ...alArgumentException, IllegalStateException, QRCodeDecoderErrorCorrectionLevel, QRCodeEnc...
    |    ^^^^^^^^^^^^^^^^^^^^^^^^^^^^^^^^^^^^^^^^^^^^^^^^^^^^^^^^^^^^^^^^^^^^^^^^^^^^^^^^^^^^^^^^^^^
  2 | .../2000/svg';
  3 | ...
  4 | ...** @class */ (function () {

Import traces:
  Client Component Browser:
    ./node_modules/@zxing/browser/esm/writers/BrowserQRCodeSvgWriter.js [Client Component Browser]
    ./node_modules/@zxing/browser/esm/index.js [Client Component Browser]
    ./src/components/BarcodeCameraScanner.tsx [Client Component Browser]
    ./src/components/LogPackageModal.tsx [Client Component Browser]
    ./src/components/PackagesView.tsx [Client Component Browser]
    ./src/components/PackagesView.tsx [Server Component]
    ./src/app/dashboard/page.tsx [Server Component]

  Client Component SSR:
    ./node_modules/@zxing/browser/esm/writers/BrowserQRCodeSvgWriter.js [Client Component SSR]
    ./node_modules/@zxing/browser/esm/index.js [Client Component SSR]
    ./src/components/BarcodeCameraScanner.tsx [Client Component SSR]
    ./src/components/LogPackageModal.tsx [Client Component SSR]
    ./src/components/PackagesView.tsx [Client Component SSR]
    ./src/components/PackagesView.tsx [Server Component]
    ./src/app/dashboard/page.tsx [Server Component]

https://nextjs.org/docs/messages/module-not-found 
[browser] ./node_modules/@zxing/browser/esm/common/HTMLCanvasElementLuminanceSource.js:16:1
Error: Module not found: Can't resolve '@zxing/library'
  14 | ...
  15 | ...
> 16 | ...{ IllegalArgumentException, InvertedLuminanceSource, LuminanceSource, } from '@zxing/li...
     |    ^^^^^^^^^^^^^^^^^^^^^^^^^^^^^^^^^^^^^^^^^^^^^^^^^^^^^^^^^^^^^^^^^^^^^^^^^^^^^^^^^^^^^^^^^^
  17 | ...
  18 | ...LCanvasElementLuminanceSource = /** @class */ (function (_super) {
  19 | ...xtends(HTMLCanvasElementLuminanceSource, _super);

Import traces:
  Client Component Browser:
    ./node_modules/@zxing/browser/esm/common/HTMLCanvasElementLuminanceSource.js [Client Component Browser]
    ./node_modules/@zxing/browser/esm/index.js [Client Component Browser]
    ./src/components/BarcodeCameraScanner.tsx [Client Component Browser]
    ./src/components/LogPackageModal.tsx [Client Component Browser]
    ./src/components/PackagesView.tsx [Client Component Browser]
    ./src/components/PackagesView.tsx [Server Component]
    ./src/app/dashboard/page.tsx [Server Component]

  Client Component SSR:
    ./node_modules/@zxing/browser/esm/common/HTMLCanvasElementLuminanceSource.js [Client Component SSR]
    ./node_modules/@zxing/browser/esm/index.js [Client Component SSR]
    ./src/components/BarcodeCameraScanner.tsx [Client Component SSR]
    ./src/components/LogPackageModal.tsx [Client Component SSR]
    ./src/components/PackagesView.tsx [Client Component SSR]
    ./src/components/PackagesView.tsx [Server Component]
    ./src/app/dashboard/page.tsx [Server Component]

https://nextjs.org/docs/messages/module-not-found 
[browser] ./node_modules/@zxing/browser/esm/index.js:3:1
Error: Module not found: Can't resolve '@zxing/library'
  1 | // public API
  2 | // core
> 3 | export { BarcodeFormat } from '@zxing/library';
    | ^^^^^^^^^^^^^^^^^^^^^^^^^^^^^^^^^^^^^^^^^^^^^^^
  4 | // common
  5 | export * from './common/HTMLCanvasElementLuminanceSource';
  6 | export * from './common/HTMLVisualMediaElement';

Import traces:
  Client Component Browser:
    ./node_modules/@zxing/browser/esm/index.js [Client Component Browser]
    ./src/components/BarcodeCameraScanner.tsx [Client Component Browser]
    ./src/components/LogPackageModal.tsx [Client Component Browser]
    ./src/components/PackagesView.tsx [Client Component Browser]
    ./src/components/PackagesView.tsx [Server Component]
    ./src/app/dashboard/page.tsx [Server Component]

  Client Component SSR:
    ./node_modules/@zxing/browser/esm/index.js [Client Component SSR]
    ./src/components/BarcodeCameraScanner.tsx [Client Component SSR]
    ./src/components/LogPackageModal.tsx [Client Component SSR]
    ./src/components/PackagesView.tsx [Client Component SSR]
    ./src/components/PackagesView.tsx [Server Component]
    ./src/app/dashboard/page.tsx [Server Component]

https://nextjs.org/docs/messages/module-not-found 
[browser] ./node_modules/@zxing/browser/esm/readers/BrowserAztecCodeReader.js:16:1
Error: Module not found: Can't resolve '@zxing/library'
  14 |     };
  15 | })();
> 16 | import { AztecCodeReader } from '@zxing/library';
     | ^^^^^^^^^^^^^^^^^^^^^^^^^^^^^^^^^^^^^^^^^^^^^^^^^
  17 | import { BrowserCodeReader } from './BrowserCodeReader';
  18 | /**
  19 |  * Aztec Code reader to use from browser.

Import traces:
  Client Component Browser:
    ./node_modules/@zxing/browser/esm/readers/BrowserAztecCodeReader.js [Client Component Browser]
    ./node_modules/@zxing/browser/esm/index.js [Client Component Browser]
    ./src/components/BarcodeCameraScanner.tsx [Client Component Browser]
    ./src/components/LogPackageModal.tsx [Client Component Browser]
    ./src/components/PackagesView.tsx [Client Component Browser]
    ./src/components/PackagesView.tsx [Server Component]
    ./src/app/dashboard/page.tsx [Server Component]

  Client Component SSR:
    ./node_modules/@zxing/browser/esm/readers/BrowserAztecCodeReader.js [Client Component SSR]
    ./node_modules/@zxing/browser/esm/index.js [Client Component SSR]
    ./src/components/BarcodeCameraScanner.tsx [Client Component SSR]
    ./src/components/LogPackageModal.tsx [Client Component SSR]
    ./src/components/PackagesView.tsx [Client Component SSR]
    ./src/components/PackagesView.tsx [Server Component]
    ./src/app/dashboard/page.tsx [Server Component]

https://nextjs.org/docs/messages/module-not-found 
[browser] ./node_modules/@zxing/browser/esm/readers/BrowserCodeReader.js:59:1
Error: Module not found: Can't resolve '@zxing/library'
  57 | ...t is not iterable." : "Symbol.iterator is not defined.");
  58 | ...
> 59 | ...Bitmap, ChecksumException, DecodeHintType, FormatException, HybridBinarizer, NotFoundEx...
     |    ^^^^^^^^^^^^^^^^^^^^^^^^^^^^^^^^^^^^^^^^^^^^^^^^^^^^^^^^^^^^^^^^^^^^^^^^^^^^^^^^^^^^^^^^^^
  60 | ...eSource } from '../common/HTMLCanvasElementLuminanceSource';
  61 | ...avigator } from '../common/navigator-utils';
  62 | ...

Import traces:
  Client Component Browser:
    ./node_modules/@zxing/browser/esm/readers/BrowserCodeReader.js [Client Component Browser]
    ./node_modules/@zxing/browser/esm/readers/BrowserMultiFormatReader.js [Client Component Browser]
    ./src/components/BarcodeCameraScanner.tsx [Client Component Browser]
    ./src/components/LogPackageModal.tsx [Client Component Browser]
    ./src/components/PackagesView.tsx [Client Component Browser]
    ./src/components/PackagesView.tsx [Server Component]
    ./src/app/dashboard/page.tsx [Server Component]

  Client Component SSR:
    ./node_modules/@zxing/browser/esm/readers/BrowserCodeReader.js [Client Component SSR]
    ./node_modules/@zxing/browser/esm/readers/BrowserMultiFormatReader.js [Client Component SSR]
    ./src/components/BarcodeCameraScanner.tsx [Client Component SSR]
    ./src/components/LogPackageModal.tsx [Client Component SSR]
    ./src/components/PackagesView.tsx [Client Component SSR]
    ./src/components/PackagesView.tsx [Server Component]
    ./src/app/dashboard/page.tsx [Server Component]

https://nextjs.org/docs/messages/module-not-found 
[browser] ./node_modules/@zxing/browser/esm/readers/BrowserDatamatrixCodeReader.js:16:1
Error: Module not found: Can't resolve '@zxing/library'
  14 |     };
  15 | })();
> 16 | import { DataMatrixReader } from '@zxing/library';
     | ^^^^^^^^^^^^^^^^^^^^^^^^^^^^^^^^^^^^^^^^^^^^^^^^^^
  17 | import { BrowserCodeReader } from './BrowserCodeReader';
  18 | /**
  19 |  * QR Code reader to use from browser.

Import traces:
  Client Component Browser:
    ./node_modules/@zxing/browser/esm/readers/BrowserDatamatrixCodeReader.js [Client Component Browser]
    ./node_modules/@zxing/browser/esm/index.js [Client Component Browser]
    ./src/components/BarcodeCameraScanner.tsx [Client Component Browser]
    ./src/components/LogPackageModal.tsx [Client Component Browser]
    ./src/components/PackagesView.tsx [Client Component Browser]
    ./src/components/PackagesView.tsx [Server Component]
    ./src/app/dashboard/page.tsx [Server Component]

  Client Component SSR:
    ./node_modules/@zxing/browser/esm/readers/BrowserDatamatrixCodeReader.js [Client Component SSR]
    ./node_modules/@zxing/browser/esm/index.js [Client Component SSR]
    ./src/components/BarcodeCameraScanner.tsx [Client Component SSR]
    ./src/components/LogPackageModal.tsx [Client Component SSR]
    ./src/components/PackagesView.tsx [Client Component SSR]
    ./src/components/PackagesView.tsx [Server Component]
    ./src/app/dashboard/page.tsx [Server Component]

https://nextjs.org/docs/messages/module-not-found 
[browser] ./node_modules/@zxing/browser/esm/readers/BrowserMultiFormatOneDReader.js:16:1
Error: Module not found: Can't resolve '@zxing/library'
  14 |     };
  15 | })();
> 16 | import { MultiFormatOneDReader } from '@zxing/library';
     | ^^^^^^^^^^^^^^^^^^^^^^^^^^^^^^^^^^^^^^^^^^^^^^^^^^^^^^^
  17 | import { BrowserCodeReader } from './BrowserCodeReader';
  18 | /**
  19 |  * Reader to be used for any One Dimension type barcode.

Import traces:
  Client Component Browser:
    ./node_modules/@zxing/browser/esm/readers/BrowserMultiFormatOneDReader.js [Client Component Browser]
    ./node_modules/@zxing/browser/esm/index.js [Client Component Browser]
    ./src/components/BarcodeCameraScanner.tsx [Client Component Browser]
    ./src/components/LogPackageModal.tsx [Client Component Browser]
    ./src/components/PackagesView.tsx [Client Component Browser]
    ./src/components/PackagesView.tsx [Server Component]
    ./src/app/dashboard/page.tsx [Server Component]

  Client Component SSR:
    ./node_modules/@zxing/browser/esm/readers/BrowserMultiFormatOneDReader.js [Client Component SSR]
    ./node_modules/@zxing/browser/esm/index.js [Client Component SSR]
    ./src/components/BarcodeCameraScanner.tsx [Client Component SSR]
    ./src/components/LogPackageModal.tsx [Client Component SSR]
    ./src/components/PackagesView.tsx [Client Component SSR]
    ./src/components/PackagesView.tsx [Server Component]
    ./src/app/dashboard/page.tsx [Server Component]

https://nextjs.org/docs/messages/module-not-found 
[browser] ./node_modules/@zxing/browser/esm/readers/BrowserMultiFormatReader.js:16:1
Error: Module not found: Can't resolve '@zxing/library'
  14 |     };
  15 | })();
> 16 | import { DecodeHintType, MultiFormatReader, } from '@zxing/library';
     | ^^^^^^^^^^^^^^^^^^^^^^^^^^^^^^^^^^^^^^^^^^^^^^^^^^^^^^^^^^^^^^^^^^^^
  17 | import { BrowserCodeReader } from './BrowserCodeReader';
  18 | var BrowserMultiFormatReader = /** @class */ (function (_super) {
  19 |     __extends(BrowserMultiFormatReader, _super);

Import traces:
  Client Component Browser:
    ./node_modules/@zxing/browser/esm/readers/BrowserMultiFormatReader.js [Client Component Browser]
    ./src/components/BarcodeCameraScanner.tsx [Client Component Browser]
    ./src/components/LogPackageModal.tsx [Client Component Browser]
    ./src/components/PackagesView.tsx [Client Component Browser]
    ./src/components/PackagesView.tsx [Server Component]
    ./src/app/dashboard/page.tsx [Server Component]

  Client Component SSR:
    ./node_modules/@zxing/browser/esm/readers/BrowserMultiFormatReader.js [Client Component SSR]
    ./src/components/BarcodeCameraScanner.tsx [Client Component SSR]
    ./src/components/LogPackageModal.tsx [Client Component SSR]
    ./src/components/PackagesView.tsx [Client Component SSR]
    ./src/components/PackagesView.tsx [Server Component]
    ./src/app/dashboard/page.tsx [Server Component]

https://nextjs.org/docs/messages/module-not-found 
[browser] ./node_modules/@zxing/browser/esm/readers/BrowserPDF417Reader.js:16:1
Error: Module not found: Can't resolve '@zxing/library'
  14 |     };
  15 | })();
> 16 | import { PDF417Reader } from '@zxing/library';
     | ^^^^^^^^^^^^^^^^^^^^^^^^^^^^^^^^^^^^^^^^^^^^^^
  17 | import { BrowserCodeReader } from './BrowserCodeReader';
  18 | /**
  19 |  * QR Code reader to use from browser.

Import traces:
  Client Component Browser:
    ./node_modules/@zxing/browser/esm/readers/BrowserPDF417Reader.js [Client Component Browser]
    ./node_modules/@zxing/browser/esm/index.js [Client Component Browser]
    ./src/components/BarcodeCameraScanner.tsx [Client Component Browser]
    ./src/components/LogPackageModal.tsx [Client Component Browser]
    ./src/components/PackagesView.tsx [Client Component Browser]
    ./src/components/PackagesView.tsx [Server Component]
    ./src/app/dashboard/page.tsx [Server Component]

  Client Component SSR:
    ./node_modules/@zxing/browser/esm/readers/BrowserPDF417Reader.js [Client Component SSR]
    ./node_modules/@zxing/browser/esm/index.js [Client Component SSR]
    ./src/components/BarcodeCameraScanner.tsx [Client Component SSR]
    ./src/components/LogPackageModal.tsx [Client Component SSR]
    ./src/components/PackagesView.tsx [Client Component SSR]
    ./src/components/PackagesView.tsx [Server Component]
    ./src/app/dashboard/page.tsx [Server Component]

https://nextjs.org/docs/messages/module-not-found 
[browser] ./node_modules/@zxing/browser/esm/readers/BrowserQRCodeReader.js:16:1
Error: Module not found: Can't resolve '@zxing/library'
  14 |     };
  15 | })();
> 16 | import { QRCodeReader } from '@zxing/library';
     | ^^^^^^^^^^^^^^^^^^^^^^^^^^^^^^^^^^^^^^^^^^^^^^
  17 | import { BrowserCodeReader } from './BrowserCodeReader';
  18 | /**
  19 |  * QR Code reader to use from browser.

Import traces:
  Client Component Browser:
    ./node_modules/@zxing/browser/esm/readers/BrowserQRCodeReader.js [Client Component Browser]
    ./node_modules/@zxing/browser/esm/index.js [Client Component Browser]
    ./src/components/BarcodeCameraScanner.tsx [Client Component Browser]
    ./src/components/LogPackageModal.tsx [Client Component Browser]
    ./src/components/PackagesView.tsx [Client Component Browser]
    ./src/components/PackagesView.tsx [Server Component]
    ./src/app/dashboard/page.tsx [Server Component]

  Client Component SSR:
    ./node_modules/@zxing/browser/esm/readers/BrowserQRCodeReader.js [Client Component SSR]
    ./node_modules/@zxing/browser/esm/index.js [Client Component SSR]
    ./src/components/BarcodeCameraScanner.tsx [Client Component SSR]
    ./src/components/LogPackageModal.tsx [Client Component SSR]
    ./src/components/PackagesView.tsx [Client Component SSR]
    ./src/components/PackagesView.tsx [Server Component]
    ./src/app/dashboard/page.tsx [Server Component]

https://nextjs.org/docs/messages/module-not-found 
[browser] ./node_modules/@zxing/browser/esm/writers/BrowserCodeSvgWriter.js:1:1
Error: Module not found: Can't resolve '@zxing/library'
> 1 | ...alArgumentException, IllegalStateException, QRCodeDecoderErrorCorrectionLevel, QRCodeEnc...
    |    ^^^^^^^^^^^^^^^^^^^^^^^^^^^^^^^^^^^^^^^^^^^^^^^^^^^^^^^^^^^^^^^^^^^^^^^^^^^^^^^^^^^^^^^^^^^
  2 | .../2000/svg';
  3 | ...
  4 | ... @class */ (function () {

Import traces:
  Client Component Browser:
    ./node_modules/@zxing/browser/esm/writers/BrowserCodeSvgWriter.js [Client Component Browser]
    ./node_modules/@zxing/browser/esm/index.js [Client Component Browser]
    ./src/components/BarcodeCameraScanner.tsx [Client Component Browser]
    ./src/components/LogPackageModal.tsx [Client Component Browser]
    ./src/components/PackagesView.tsx [Client Component Browser]
    ./src/components/PackagesView.tsx [Server Component]
    ./src/app/dashboard/page.tsx [Server Component]

  Client Component SSR:
    ./node_modules/@zxing/browser/esm/writers/BrowserCodeSvgWriter.js [Client Component SSR]
    ./node_modules/@zxing/browser/esm/index.js [Client Component SSR]
    ./src/components/BarcodeCameraScanner.tsx [Client Component SSR]
    ./src/components/LogPackageModal.tsx [Client Component SSR]
    ./src/components/PackagesView.tsx [Client Component SSR]
    ./src/components/PackagesView.tsx [Server Component]
    ./src/app/dashboard/page.tsx [Server Component]

https://nextjs.org/docs/messages/module-not-found 
[browser] ./node_modules/@zxing/browser/esm/writers/BrowserQRCodeSvgWriter.js:1:1
Error: Module not found: Can't resolve '@zxing/library'
> 1 | ...alArgumentException, IllegalStateException, QRCodeDecoderErrorCorrectionLevel, QRCodeEnc...
    |    ^^^^^^^^^^^^^^^^^^^^^^^^^^^^^^^^^^^^^^^^^^^^^^^^^^^^^^^^^^^^^^^^^^^^^^^^^^^^^^^^^^^^^^^^^^^
  2 | .../2000/svg';
  3 | ...
  4 | ...** @class */ (function () {

Import traces:
  Client Component Browser:
    ./node_modules/@zxing/browser/esm/writers/BrowserQRCodeSvgWriter.js [Client Component Browser]
    ./node_modules/@zxing/browser/esm/index.js [Client Component Browser]
    ./src/components/BarcodeCameraScanner.tsx [Client Component Browser]
    ./src/components/LogPackageModal.tsx [Client Component Browser]
    ./src/components/PackagesView.tsx [Client Component Browser]
    ./src/components/PackagesView.tsx [Server Component]
    ./src/app/dashboard/page.tsx [Server Component]

  Client Component SSR:
    ./node_modules/@zxing/browser/esm/writers/BrowserQRCodeSvgWriter.js [Client Component SSR]
    ./node_modules/@zxing/browser/esm/index.js [Client Component SSR]
    ./src/components/BarcodeCameraScanner.tsx [Client Component SSR]
    ./src/components/LogPackageModal.tsx [Client Component SSR]
    ./src/components/PackagesView.tsx [Client Component SSR]
    ./src/components/PackagesView.tsx [Server Component]
    ./src/app/dashboard/page.tsx [Server Component]

https://nextjs.org/docs/messages/module-not-found 
[browser] ./node_modules/@zxing/browser/esm/common/HTMLCanvasElementLuminanceSource.js:16:1
Error: Module not found: Can't resolve '@zxing/library'
  14 | ...
  15 | ...
> 16 | ...{ IllegalArgumentException, InvertedLuminanceSource, LuminanceSource, } from '@zxing/li...
     |    ^^^^^^^^^^^^^^^^^^^^^^^^^^^^^^^^^^^^^^^^^^^^^^^^^^^^^^^^^^^^^^^^^^^^^^^^^^^^^^^^^^^^^^^^^^
  17 | ...
  18 | ...LCanvasElementLuminanceSource = /** @class */ (function (_super) {
  19 | ...xtends(HTMLCanvasElementLuminanceSource, _super);

Import traces:
  Client Component Browser:
    ./node_modules/@zxing/browser/esm/common/HTMLCanvasElementLuminanceSource.js [Client Component Browser]
    ./node_modules/@zxing/browser/esm/index.js [Client Component Browser]
    ./src/components/BarcodeCameraScanner.tsx [Client Component Browser]
    ./src/components/LogPackageModal.tsx [Client Component Browser]
    ./src/components/PackagesView.tsx [Client Component Browser]
    ./src/components/PackagesView.tsx [Server Component]
    ./src/app/dashboard/page.tsx [Server Component]

  Client Component SSR:
    ./node_modules/@zxing/browser/esm/common/HTMLCanvasElementLuminanceSource.js [Client Component SSR]
    ./node_modules/@zxing/browser/esm/index.js [Client Component SSR]
    ./src/components/BarcodeCameraScanner.tsx [Client Component SSR]
    ./src/components/LogPackageModal.tsx [Client Component SSR]
    ./src/components/PackagesView.tsx [Client Component SSR]
    ./src/components/PackagesView.tsx [Server Component]
    ./src/app/dashboard/page.tsx [Server Component]

https://nextjs.org/docs/messages/module-not-found 
[browser] ./node_modules/@zxing/browser/esm/index.js:3:1
Error: Module not found: Can't resolve '@zxing/library'
  1 | // public API
  2 | // core
> 3 | export { BarcodeFormat } from '@zxing/library';
    | ^^^^^^^^^^^^^^^^^^^^^^^^^^^^^^^^^^^^^^^^^^^^^^^
  4 | // common
  5 | export * from './common/HTMLCanvasElementLuminanceSource';
  6 | export * from './common/HTMLVisualMediaElement';

Import traces:
  Client Component Browser:
    ./node_modules/@zxing/browser/esm/index.js [Client Component Browser]
    ./src/components/BarcodeCameraScanner.tsx [Client Component Browser]
    ./src/components/LogPackageModal.tsx [Client Component Browser]
    ./src/components/PackagesView.tsx [Client Component Browser]
    ./src/components/PackagesView.tsx [Server Component]
    ./src/app/dashboard/page.tsx [Server Component]

  Client Component SSR:
    ./node_modules/@zxing/browser/esm/index.js [Client Component SSR]
    ./src/components/BarcodeCameraScanner.tsx [Client Component SSR]
    ./src/components/LogPackageModal.tsx [Client Component SSR]
    ./src/components/PackagesView.tsx [Client Component SSR]
    ./src/components/PackagesView.tsx [Server Component]
    ./src/app/dashboard/page.tsx [Server Component]

https://nextjs.org/docs/messages/module-not-found 
[browser] ./node_modules/@zxing/browser/esm/readers/BrowserAztecCodeReader.js:16:1
Error: Module not found: Can't resolve '@zxing/library'
  14 |     };
  15 | })();
> 16 | import { AztecCodeReader } from '@zxing/library';
     | ^^^^^^^^^^^^^^^^^^^^^^^^^^^^^^^^^^^^^^^^^^^^^^^^^
  17 | import { BrowserCodeReader } from './BrowserCodeReader';
  18 | /**
  19 |  * Aztec Code reader to use from browser.

Import traces:
  Client Component Browser:
    ./node_modules/@zxing/browser/esm/readers/BrowserAztecCodeReader.js [Client Component Browser]
    ./node_modules/@zxing/browser/esm/index.js [Client Component Browser]
    ./src/components/BarcodeCameraScanner.tsx [Client Component Browser]
    ./src/components/LogPackageModal.tsx [Client Component Browser]
    ./src/components/PackagesView.tsx [Client Component Browser]
    ./src/components/PackagesView.tsx [Server Component]
    ./src/app/dashboard/page.tsx [Server Component]

  Client Component SSR:
    ./node_modules/@zxing/browser/esm/readers/BrowserAztecCodeReader.js [Client Component SSR]
    ./node_modules/@zxing/browser/esm/index.js [Client Component SSR]
    ./src/components/BarcodeCameraScanner.tsx [Client Component SSR]
    ./src/components/LogPackageModal.tsx [Client Component SSR]
    ./src/components/PackagesView.tsx [Client Component SSR]
    ./src/components/PackagesView.tsx [Server Component]
    ./src/app/dashboard/page.tsx [Server Component]

https://nextjs.org/docs/messages/module-not-found 
[browser] ./node_modules/@zxing/browser/esm/readers/BrowserCodeReader.js:59:1
Error: Module not found: Can't resolve '@zxing/library'
  57 | ...t is not iterable." : "Symbol.iterator is not defined.");
  58 | ...
> 59 | ...Bitmap, ChecksumException, DecodeHintType, FormatException, HybridBinarizer, NotFoundEx...
     |    ^^^^^^^^^^^^^^^^^^^^^^^^^^^^^^^^^^^^^^^^^^^^^^^^^^^^^^^^^^^^^^^^^^^^^^^^^^^^^^^^^^^^^^^^^^
  60 | ...eSource } from '../common/HTMLCanvasElementLuminanceSource';
  61 | ...avigator } from '../common/navigator-utils';
  62 | ...

Import traces:
  Client Component Browser:
    ./node_modules/@zxing/browser/esm/readers/BrowserCodeReader.js [Client Component Browser]
    ./node_modules/@zxing/browser/esm/readers/BrowserMultiFormatReader.js [Client Component Browser]
    ./src/components/BarcodeCameraScanner.tsx [Client Component Browser]
    ./src/components/LogPackageModal.tsx [Client Component Browser]
    ./src/components/PackagesView.tsx [Client Component Browser]
    ./src/components/PackagesView.tsx [Server Component]
    ./src/app/dashboard/page.tsx [Server Component]

  Client Component SSR:
    ./node_modules/@zxing/browser/esm/readers/BrowserCodeReader.js [Client Component SSR]
    ./node_modules/@zxing/browser/esm/readers/BrowserMultiFormatReader.js [Client Component SSR]
    ./src/components/BarcodeCameraScanner.tsx [Client Component SSR]
    ./src/components/LogPackageModal.tsx [Client Component SSR]
    ./src/components/PackagesView.tsx [Client Component SSR]
    ./src/components/PackagesView.tsx [Server Component]
    ./src/app/dashboard/page.tsx [Server Component]

https://nextjs.org/docs/messages/module-not-found 
[browser] ./node_modules/@zxing/browser/esm/readers/BrowserDatamatrixCodeReader.js:16:1
Error: Module not found: Can't resolve '@zxing/library'
  14 |     };
  15 | })();
> 16 | import { DataMatrixReader } from '@zxing/library';
     | ^^^^^^^^^^^^^^^^^^^^^^^^^^^^^^^^^^^^^^^^^^^^^^^^^^
  17 | import { BrowserCodeReader } from './BrowserCodeReader';
  18 | /**
  19 |  * QR Code reader to use from browser.

Import traces:
  Client Component Browser:
    ./node_modules/@zxing/browser/esm/readers/BrowserDatamatrixCodeReader.js [Client Component Browser]
    ./node_modules/@zxing/browser/esm/index.js [Client Component Browser]
    ./src/components/BarcodeCameraScanner.tsx [Client Component Browser]
    ./src/components/LogPackageModal.tsx [Client Component Browser]
    ./src/components/PackagesView.tsx [Client Component Browser]
    ./src/components/PackagesView.tsx [Server Component]
    ./src/app/dashboard/page.tsx [Server Component]

  Client Component SSR:
    ./node_modules/@zxing/browser/esm/readers/BrowserDatamatrixCodeReader.js [Client Component SSR]
    ./node_modules/@zxing/browser/esm/index.js [Client Component SSR]
    ./src/components/BarcodeCameraScanner.tsx [Client Component SSR]
    ./src/components/LogPackageModal.tsx [Client Component SSR]
    ./src/components/PackagesView.tsx [Client Component SSR]
    ./src/components/PackagesView.tsx [Server Component]
    ./src/app/dashboard/page.tsx [Server Component]

https://nextjs.org/docs/messages/module-not-found 
[browser] ./node_modules/@zxing/browser/esm/readers/BrowserMultiFormatOneDReader.js:16:1
Error: Module not found: Can't resolve '@zxing/library'
  14 |     };
  15 | })();
> 16 | import { MultiFormatOneDReader } from '@zxing/library';
     | ^^^^^^^^^^^^^^^^^^^^^^^^^^^^^^^^^^^^^^^^^^^^^^^^^^^^^^^
  17 | import { BrowserCodeReader } from './BrowserCodeReader';
  18 | /**
  19 |  * Reader to be used for any One Dimension type barcode.

Import traces:
  Client Component Browser:
    ./node_modules/@zxing/browser/esm/readers/BrowserMultiFormatOneDReader.js [Client Component Browser]
    ./node_modules/@zxing/browser/esm/index.js [Client Component Browser]
    ./src/components/BarcodeCameraScanner.tsx [Client Component Browser]
    ./src/components/LogPackageModal.tsx [Client Component Browser]
    ./src/components/PackagesView.tsx [Client Component Browser]
    ./src/components/PackagesView.tsx [Server Component]
    ./src/app/dashboard/page.tsx [Server Component]

  Client Component SSR:
    ./node_modules/@zxing/browser/esm/readers/BrowserMultiFormatOneDReader.js [Client Component SSR]
    ./node_modules/@zxing/browser/esm/index.js [Client Component SSR]
    ./src/components/BarcodeCameraScanner.tsx [Client Component SSR]
    ./src/components/LogPackageModal.tsx [Client Component SSR]
    ./src/components/PackagesView.tsx [Client Component SSR]
    ./src/components/PackagesView.tsx [Server Component]
    ./src/app/dashboard/page.tsx [Server Component]

https://nextjs.org/docs/messages/module-not-found 
[browser] ./node_modules/@zxing/browser/esm/readers/BrowserMultiFormatReader.js:16:1
Error: Module not found: Can't resolve '@zxing/library'
  14 |     };
  15 | })();
> 16 | import { DecodeHintType, MultiFormatReader, } from '@zxing/library';
     | ^^^^^^^^^^^^^^^^^^^^^^^^^^^^^^^^^^^^^^^^^^^^^^^^^^^^^^^^^^^^^^^^^^^^
  17 | import { BrowserCodeReader } from './BrowserCodeReader';
  18 | var BrowserMultiFormatReader = /** @class */ (function (_super) {
  19 |     __extends(BrowserMultiFormatReader, _super);

Import traces:
  Client Component Browser:
    ./node_modules/@zxing/browser/esm/readers/BrowserMultiFormatReader.js [Client Component Browser]
    ./src/components/BarcodeCameraScanner.tsx [Client Component Browser]
    ./src/components/LogPackageModal.tsx [Client Component Browser]
    ./src/components/PackagesView.tsx [Client Component Browser]
    ./src/components/PackagesView.tsx [Server Component]
    ./src/app/dashboard/page.tsx [Server Component]

  Client Component SSR:
    ./node_modules/@zxing/browser/esm/readers/BrowserMultiFormatReader.js [Client Component SSR]
    ./src/components/BarcodeCameraScanner.tsx [Client Component SSR]
    ./src/components/LogPackageModal.tsx [Client Component SSR]
    ./src/components/PackagesView.tsx [Client Component SSR]
    ./src/components/PackagesView.tsx [Server Component]
    ./src/app/dashboard/page.tsx [Server Component]

https://nextjs.org/docs/messages/module-not-found 
[browser] ./node_modules/@zxing/browser/esm/readers/BrowserPDF417Reader.js:16:1
Error: Module not found: Can't resolve '@zxing/library'
  14 |     };
  15 | })();
> 16 | import { PDF417Reader } from '@zxing/library';
     | ^^^^^^^^^^^^^^^^^^^^^^^^^^^^^^^^^^^^^^^^^^^^^^
  17 | import { BrowserCodeReader } from './BrowserCodeReader';
  18 | /**
  19 |  * QR Code reader to use from browser.

Import traces:
  Client Component Browser:
    ./node_modules/@zxing/browser/esm/readers/BrowserPDF417Reader.js [Client Component Browser]
    ./node_modules/@zxing/browser/esm/index.js [Client Component Browser]
    ./src/components/BarcodeCameraScanner.tsx [Client Component Browser]
    ./src/components/LogPackageModal.tsx [Client Component Browser]
    ./src/components/PackagesView.tsx [Client Component Browser]
    ./src/components/PackagesView.tsx [Server Component]
    ./src/app/dashboard/page.tsx [Server Component]

  Client Component SSR:
    ./node_modules/@zxing/browser/esm/readers/BrowserPDF417Reader.js [Client Component SSR]
    ./node_modules/@zxing/browser/esm/index.js [Client Component SSR]
    ./src/components/BarcodeCameraScanner.tsx [Client Component SSR]
    ./src/components/LogPackageModal.tsx [Client Component SSR]
    ./src/components/PackagesView.tsx [Client Component SSR]
    ./src/components/PackagesView.tsx [Server Component]
    ./src/app/dashboard/page.tsx [Server Component]

https://nextjs.org/docs/messages/module-not-found 
[browser] ./node_modules/@zxing/browser/esm/readers/BrowserQRCodeReader.js:16:1
Error: Module not found: Can't resolve '@zxing/library'
  14 |     };
  15 | })();
> 16 | import { QRCodeReader } from '@zxing/library';
     | ^^^^^^^^^^^^^^^^^^^^^^^^^^^^^^^^^^^^^^^^^^^^^^
  17 | import { BrowserCodeReader } from './BrowserCodeReader';
  18 | /**
  19 |  * QR Code reader to use from browser.

Import traces:
  Client Component Browser:
    ./node_modules/@zxing/browser/esm/readers/BrowserQRCodeReader.js [Client Component Browser]
    ./node_modules/@zxing/browser/esm/index.js [Client Component Browser]
    ./src/components/BarcodeCameraScanner.tsx [Client Component Browser]
    ./src/components/LogPackageModal.tsx [Client Component Browser]
    ./src/components/PackagesView.tsx [Client Component Browser]
    ./src/components/PackagesView.tsx [Server Component]
    ./src/app/dashboard/page.tsx [Server Component]

  Client Component SSR:
    ./node_modules/@zxing/browser/esm/readers/BrowserQRCodeReader.js [Client Component SSR]
    ./node_modules/@zxing/browser/esm/index.js [Client Component SSR]
    ./src/components/BarcodeCameraScanner.tsx [Client Component SSR]
    ./src/components/LogPackageModal.tsx [Client Component SSR]
    ./src/components/PackagesView.tsx [Client Component SSR]
    ./src/components/PackagesView.tsx [Server Component]
    ./src/app/dashboard/page.tsx [Server Component]

https://nextjs.org/docs/messages/module-not-found 
[browser] ./node_modules/@zxing/browser/esm/writers/BrowserCodeSvgWriter.js:1:1
Error: Module not found: Can't resolve '@zxing/library'
> 1 | ...alArgumentException, IllegalStateException, QRCodeDecoderErrorCorrectionLevel, QRCodeEnc...
    |    ^^^^^^^^^^^^^^^^^^^^^^^^^^^^^^^^^^^^^^^^^^^^^^^^^^^^^^^^^^^^^^^^^^^^^^^^^^^^^^^^^^^^^^^^^^^
  2 | .../2000/svg';
  3 | ...
  4 | ... @class */ (function () {

Import traces:
  Client Component Browser:
    ./node_modules/@zxing/browser/esm/writers/BrowserCodeSvgWriter.js [Client Component Browser]
    ./node_modules/@zxing/browser/esm/index.js [Client Component Browser]
    ./src/components/BarcodeCameraScanner.tsx [Client Component Browser]
    ./src/components/LogPackageModal.tsx [Client Component Browser]
    ./src/components/PackagesView.tsx [Client Component Browser]
    ./src/components/PackagesView.tsx [Server Component]
    ./src/app/dashboard/page.tsx [Server Component]

  Client Component SSR:
    ./node_modules/@zxing/browser/esm/writers/BrowserCodeSvgWriter.js [Client Component SSR]
    ./node_modules/@zxing/browser/esm/index.js [Client Component SSR]
    ./src/components/BarcodeCameraScanner.tsx [Client Component SSR]
    ./src/components/LogPackageModal.tsx [Client Component SSR]
    ./src/components/PackagesView.tsx [Client Component SSR]
    ./src/components/PackagesView.tsx [Server Component]
    ./src/app/dashboard/page.tsx [Server Component]

https://nextjs.org/docs/messages/module-not-found 
[browser] ./node_modules/@zxing/browser/esm/writers/BrowserQRCodeSvgWriter.js:1:1
Error: Module not found: Can't resolve '@zxing/library'
> 1 | ...alArgumentException, IllegalStateException, QRCodeDecoderErrorCorrectionLevel, QRCodeEnc...
    |    ^^^^^^^^^^^^^^^^^^^^^^^^^^^^^^^^^^^^^^^^^^^^^^^^^^^^^^^^^^^^^^^^^^^^^^^^^^^^^^^^^^^^^^^^^^^
  2 | .../2000/svg';
  3 | ...
  4 | ...** @class */ (function () {

Import traces:
  Client Component Browser:
    ./node_modules/@zxing/browser/esm/writers/BrowserQRCodeSvgWriter.js [Client Component Browser]
    ./node_modules/@zxing/browser/esm/index.js [Client Component Browser]
    ./src/components/BarcodeCameraScanner.tsx [Client Component Browser]
    ./src/components/LogPackageModal.tsx [Client Component Browser]
    ./src/components/PackagesView.tsx [Client Component Browser]
    ./src/components/PackagesView.tsx [Server Component]
    ./src/app/dashboard/page.tsx [Server Component]

  Client Component SSR:
    ./node_modules/@zxing/browser/esm/writers/BrowserQRCodeSvgWriter.js [Client Component SSR]
    ./node_modules/@zxing/browser/esm/index.js [Client Component SSR]
    ./src/components/BarcodeCameraScanner.tsx [Client Component SSR]
    ./src/components/LogPackageModal.tsx [Client Component SSR]
    ./src/components/PackagesView.tsx [Client Component SSR]
    ./src/components/PackagesView.tsx [Server Component]
    ./src/app/dashboard/page.tsx [Server Component]

https://nextjs.org/docs/messages/module-not-found 
[browser] ./node_modules/@zxing/browser/esm/common/HTMLCanvasElementLuminanceSource.js:16:1
Error: Module not found: Can't resolve '@zxing/library'
  14 | ...
  15 | ...
> 16 | ...{ IllegalArgumentException, InvertedLuminanceSource, LuminanceSource, } from '@zxing/li...
     |    ^^^^^^^^^^^^^^^^^^^^^^^^^^^^^^^^^^^^^^^^^^^^^^^^^^^^^^^^^^^^^^^^^^^^^^^^^^^^^^^^^^^^^^^^^^
  17 | ...
  18 | ...LCanvasElementLuminanceSource = /** @class */ (function (_super) {
  19 | ...xtends(HTMLCanvasElementLuminanceSource, _super);

Import traces:
  Client Component Browser:
    ./node_modules/@zxing/browser/esm/common/HTMLCanvasElementLuminanceSource.js [Client Component Browser]
    ./node_modules/@zxing/browser/esm/index.js [Client Component Browser]
    ./src/components/BarcodeCameraScanner.tsx [Client Component Browser]
    ./src/components/LogPackageModal.tsx [Client Component Browser]
    ./src/components/PackagesView.tsx [Client Component Browser]
    ./src/components/PackagesView.tsx [Server Component]
    ./src/app/dashboard/page.tsx [Server Component]

  Client Component SSR:
    ./node_modules/@zxing/browser/esm/common/HTMLCanvasElementLuminanceSource.js [Client Component SSR]
    ./node_modules/@zxing/browser/esm/index.js [Client Component SSR]
    ./src/components/BarcodeCameraScanner.tsx [Client Component SSR]
    ./src/components/LogPackageModal.tsx [Client Component SSR]
    ./src/components/PackagesView.tsx [Client Component SSR]
    ./src/components/PackagesView.tsx [Server Component]
    ./src/app/dashboard/page.tsx [Server Component]

https://nextjs.org/docs/messages/module-not-found 
[browser] ./node_modules/@zxing/browser/esm/index.js:3:1
Error: Module not found: Can't resolve '@zxing/library'
  1 | // public API
  2 | // core
> 3 | export { BarcodeFormat } from '@zxing/library';
    | ^^^^^^^^^^^^^^^^^^^^^^^^^^^^^^^^^^^^^^^^^^^^^^^
  4 | // common
  5 | export * from './common/HTMLCanvasElementLuminanceSource';
  6 | export * from './common/HTMLVisualMediaElement';

Import traces:
  Client Component Browser:
    ./node_modules/@zxing/browser/esm/index.js [Client Component Browser]
    ./src/components/BarcodeCameraScanner.tsx [Client Component Browser]
    ./src/components/LogPackageModal.tsx [Client Component Browser]
    ./src/components/PackagesView.tsx [Client Component Browser]
    ./src/components/PackagesView.tsx [Server Component]
    ./src/app/dashboard/page.tsx [Server Component]

  Client Component SSR:
    ./node_modules/@zxing/browser/esm/index.js [Client Component SSR]
    ./src/components/BarcodeCameraScanner.tsx [Client Component SSR]
    ./src/components/LogPackageModal.tsx [Client Component SSR]
    ./src/components/PackagesView.tsx [Client Component SSR]
    ./src/components/PackagesView.tsx [Server Component]
    ./src/app/dashboard/page.tsx [Server Component]

https://nextjs.org/docs/messages/module-not-found 
[browser] ./node_modules/@zxing/browser/esm/readers/BrowserAztecCodeReader.js:16:1
Error: Module not found: Can't resolve '@zxing/library'
  14 |     };
  15 | })();
> 16 | import { AztecCodeReader } from '@zxing/library';
     | ^^^^^^^^^^^^^^^^^^^^^^^^^^^^^^^^^^^^^^^^^^^^^^^^^
  17 | import { BrowserCodeReader } from './BrowserCodeReader';
  18 | /**
  19 |  * Aztec Code reader to use from browser.

Import traces:
  Client Component Browser:
    ./node_modules/@zxing/browser/esm/readers/BrowserAztecCodeReader.js [Client Component Browser]
    ./node_modules/@zxing/browser/esm/index.js [Client Component Browser]
    ./src/components/BarcodeCameraScanner.tsx [Client Component Browser]
    ./src/components/LogPackageModal.tsx [Client Component Browser]
    ./src/components/PackagesView.tsx [Client Component Browser]
    ./src/components/PackagesView.tsx [Server Component]
    ./src/app/dashboard/page.tsx [Server Component]

  Client Component SSR:
    ./node_modules/@zxing/browser/esm/readers/BrowserAztecCodeReader.js [Client Component SSR]
    ./node_modules/@zxing/browser/esm/index.js [Client Component SSR]
    ./src/components/BarcodeCameraScanner.tsx [Client Component SSR]
    ./src/components/LogPackageModal.tsx [Client Component SSR]
    ./src/components/PackagesView.tsx [Client Component SSR]
    ./src/components/PackagesView.tsx [Server Component]
    ./src/app/dashboard/page.tsx [Server Component]

https://nextjs.org/docs/messages/module-not-found 
[browser] ./node_modules/@zxing/browser/esm/readers/BrowserCodeReader.js:59:1
Error: Module not found: Can't resolve '@zxing/library'
  57 | ...t is not iterable." : "Symbol.iterator is not defined.");
  58 | ...
> 59 | ...Bitmap, ChecksumException, DecodeHintType, FormatException, HybridBinarizer, NotFoundEx...
     |    ^^^^^^^^^^^^^^^^^^^^^^^^^^^^^^^^^^^^^^^^^^^^^^^^^^^^^^^^^^^^^^^^^^^^^^^^^^^^^^^^^^^^^^^^^^
  60 | ...eSource } from '../common/HTMLCanvasElementLuminanceSource';
  61 | ...avigator } from '../common/navigator-utils';
  62 | ...

Import traces:
  Client Component Browser:
    ./node_modules/@zxing/browser/esm/readers/BrowserCodeReader.js [Client Component Browser]
    ./node_modules/@zxing/browser/esm/readers/BrowserMultiFormatReader.js [Client Component Browser]
    ./src/components/BarcodeCameraScanner.tsx [Client Component Browser]
    ./src/components/LogPackageModal.tsx [Client Component Browser]
    ./src/components/PackagesView.tsx [Client Component Browser]
    ./src/components/PackagesView.tsx [Server Component]
    ./src/app/dashboard/page.tsx [Server Component]

  Client Component SSR:
    ./node_modules/@zxing/browser/esm/readers/BrowserCodeReader.js [Client Component SSR]
    ./node_modules/@zxing/browser/esm/readers/BrowserMultiFormatReader.js [Client Component SSR]
    ./src/components/BarcodeCameraScanner.tsx [Client Component SSR]
    ./src/components/LogPackageModal.tsx [Client Component SSR]
    ./src/components/PackagesView.tsx [Client Component SSR]
    ./src/components/PackagesView.tsx [Server Component]
    ./src/app/dashboard/page.tsx [Server Component]

https://nextjs.org/docs/messages/module-not-found 
[browser] ./node_modules/@zxing/browser/esm/readers/BrowserDatamatrixCodeReader.js:16:1
Error: Module not found: Can't resolve '@zxing/library'
  14 |     };
  15 | })();
> 16 | import { DataMatrixReader } from '@zxing/library';
     | ^^^^^^^^^^^^^^^^^^^^^^^^^^^^^^^^^^^^^^^^^^^^^^^^^^
  17 | import { BrowserCodeReader } from './BrowserCodeReader';
  18 | /**
  19 |  * QR Code reader to use from browser.

Import traces:
  Client Component Browser:
    ./node_modules/@zxing/browser/esm/readers/BrowserDatamatrixCodeReader.js [Client Component Browser]
    ./node_modules/@zxing/browser/esm/index.js [Client Component Browser]
    ./src/components/BarcodeCameraScanner.tsx [Client Component Browser]
    ./src/components/LogPackageModal.tsx [Client Component Browser]
    ./src/components/PackagesView.tsx [Client Component Browser]
    ./src/components/PackagesView.tsx [Server Component]
    ./src/app/dashboard/page.tsx [Server Component]

  Client Component SSR:
    ./node_modules/@zxing/browser/esm/readers/BrowserDatamatrixCodeReader.js [Client Component SSR]
    ./node_modules/@zxing/browser/esm/index.js [Client Component SSR]
    ./src/components/BarcodeCameraScanner.tsx [Client Component SSR]
    ./src/components/LogPackageModal.tsx [Client Component SSR]
    ./src/components/PackagesView.tsx [Client Component SSR]
    ./src/components/PackagesView.tsx [Server Component]
    ./src/app/dashboard/page.tsx [Server Component]

https://nextjs.org/docs/messages/module-not-found 
[browser] ./node_modules/@zxing/browser/esm/readers/BrowserMultiFormatOneDReader.js:16:1
Error: Module not found: Can't resolve '@zxing/library'
  14 |     };
  15 | })();
> 16 | import { MultiFormatOneDReader } from '@zxing/library';
     | ^^^^^^^^^^^^^^^^^^^^^^^^^^^^^^^^^^^^^^^^^^^^^^^^^^^^^^^
  17 | import { BrowserCodeReader } from './BrowserCodeReader';
  18 | /**
  19 |  * Reader to be used for any One Dimension type barcode.

Import traces:
  Client Component Browser:
    ./node_modules/@zxing/browser/esm/readers/BrowserMultiFormatOneDReader.js [Client Component Browser]
    ./node_modules/@zxing/browser/esm/index.js [Client Component Browser]
    ./src/components/BarcodeCameraScanner.tsx [Client Component Browser]
    ./src/components/LogPackageModal.tsx [Client Component Browser]
    ./src/components/PackagesView.tsx [Client Component Browser]
    ./src/components/PackagesView.tsx [Server Component]
    ./src/app/dashboard/page.tsx [Server Component]

  Client Component SSR:
    ./node_modules/@zxing/browser/esm/readers/BrowserMultiFormatOneDReader.js [Client Component SSR]
    ./node_modules/@zxing/browser/esm/index.js [Client Component SSR]
    ./src/components/BarcodeCameraScanner.tsx [Client Component SSR]
    ./src/components/LogPackageModal.tsx [Client Component SSR]
    ./src/components/PackagesView.tsx [Client Component SSR]
    ./src/components/PackagesView.tsx [Server Component]
    ./src/app/dashboard/page.tsx [Server Component]

https://nextjs.org/docs/messages/module-not-found 
[browser] ./node_modules/@zxing/browser/esm/readers/BrowserMultiFormatReader.js:16:1
Error: Module not found: Can't resolve '@zxing/library'
  14 |     };
  15 | })();
> 16 | import { DecodeHintType, MultiFormatReader, } from '@zxing/library';
     | ^^^^^^^^^^^^^^^^^^^^^^^^^^^^^^^^^^^^^^^^^^^^^^^^^^^^^^^^^^^^^^^^^^^^
  17 | import { BrowserCodeReader } from './BrowserCodeReader';
  18 | var BrowserMultiFormatReader = /** @class */ (function (_super) {
  19 |     __extends(BrowserMultiFormatReader, _super);

Import traces:
  Client Component Browser:
    ./node_modules/@zxing/browser/esm/readers/BrowserMultiFormatReader.js [Client Component Browser]
    ./src/components/BarcodeCameraScanner.tsx [Client Component Browser]
    ./src/components/LogPackageModal.tsx [Client Component Browser]
    ./src/components/PackagesView.tsx [Client Component Browser]
    ./src/components/PackagesView.tsx [Server Component]
    ./src/app/dashboard/page.tsx [Server Component]

  Client Component SSR:
    ./node_modules/@zxing/browser/esm/readers/BrowserMultiFormatReader.js [Client Component SSR]
    ./src/components/BarcodeCameraScanner.tsx [Client Component SSR]
    ./src/components/LogPackageModal.tsx [Client Component SSR]
    ./src/components/PackagesView.tsx [Client Component SSR]
    ./src/components/PackagesView.tsx [Server Component]
    ./src/app/dashboard/page.tsx [Server Component]

https://nextjs.org/docs/messages/module-not-found 
[browser] ./node_modules/@zxing/browser/esm/readers/BrowserPDF417Reader.js:16:1
Error: Module not found: Can't resolve '@zxing/library'
  14 |     };
  15 | })();
> 16 | import { PDF417Reader } from '@zxing/library';
     | ^^^^^^^^^^^^^^^^^^^^^^^^^^^^^^^^^^^^^^^^^^^^^^
  17 | import { BrowserCodeReader } from './BrowserCodeReader';
  18 | /**
  19 |  * QR Code reader to use from browser.

Import traces:
  Client Component Browser:
    ./node_modules/@zxing/browser/esm/readers/BrowserPDF417Reader.js [Client Component Browser]
    ./node_modules/@zxing/browser/esm/index.js [Client Component Browser]
    ./src/components/BarcodeCameraScanner.tsx [Client Component Browser]
    ./src/components/LogPackageModal.tsx [Client Component Browser]
    ./src/components/PackagesView.tsx [Client Component Browser]
    ./src/components/PackagesView.tsx [Server Component]
    ./src/app/dashboard/page.tsx [Server Component]

  Client Component SSR:
    ./node_modules/@zxing/browser/esm/readers/BrowserPDF417Reader.js [Client Component SSR]
    ./node_modules/@zxing/browser/esm/index.js [Client Component SSR]
    ./src/components/BarcodeCameraScanner.tsx [Client Component SSR]
    ./src/components/LogPackageModal.tsx [Client Component SSR]
    ./src/components/PackagesView.tsx [Client Component SSR]
    ./src/components/PackagesView.tsx [Server Component]
    ./src/app/dashboard/page.tsx [Server Component]

https://nextjs.org/docs/messages/module-not-found 
[browser] ./node_modules/@zxing/browser/esm/readers/BrowserQRCodeReader.js:16:1
Error: Module not found: Can't resolve '@zxing/library'
  14 |     };
  15 | })();
> 16 | import { QRCodeReader } from '@zxing/library';
     | ^^^^^^^^^^^^^^^^^^^^^^^^^^^^^^^^^^^^^^^^^^^^^^
  17 | import { BrowserCodeReader } from './BrowserCodeReader';
  18 | /**
  19 |  * QR Code reader to use from browser.

Import traces:
  Client Component Browser:
    ./node_modules/@zxing/browser/esm/readers/BrowserQRCodeReader.js [Client Component Browser]
    ./node_modules/@zxing/browser/esm/index.js [Client Component Browser]
    ./src/components/BarcodeCameraScanner.tsx [Client Component Browser]
    ./src/components/LogPackageModal.tsx [Client Component Browser]
    ./src/components/PackagesView.tsx [Client Component Browser]
    ./src/components/PackagesView.tsx [Server Component]
    ./src/app/dashboard/page.tsx [Server Component]

  Client Component SSR:
    ./node_modules/@zxing/browser/esm/readers/BrowserQRCodeReader.js [Client Component SSR]
    ./node_modules/@zxing/browser/esm/index.js [Client Component SSR]
    ./src/components/BarcodeCameraScanner.tsx [Client Component SSR]
    ./src/components/LogPackageModal.tsx [Client Component SSR]
    ./src/components/PackagesView.tsx [Client Component SSR]
    ./src/components/PackagesView.tsx [Server Component]
    ./src/app/dashboard/page.tsx [Server Component]

https://nextjs.org/docs/messages/module-not-found 
[browser] ./node_modules/@zxing/browser/esm/writers/BrowserCodeSvgWriter.js:1:1
Error: Module not found: Can't resolve '@zxing/library'
> 1 | ...alArgumentException, IllegalStateException, QRCodeDecoderErrorCorrectionLevel, QRCodeEnc...
    |    ^^^^^^^^^^^^^^^^^^^^^^^^^^^^^^^^^^^^^^^^^^^^^^^^^^^^^^^^^^^^^^^^^^^^^^^^^^^^^^^^^^^^^^^^^^^
  2 | .../2000/svg';
  3 | ...
  4 | ... @class */ (function () {

Import traces:
  Client Component Browser:
    ./node_modules/@zxing/browser/esm/writers/BrowserCodeSvgWriter.js [Client Component Browser]
    ./node_modules/@zxing/browser/esm/index.js [Client Component Browser]
    ./src/components/BarcodeCameraScanner.tsx [Client Component Browser]
    ./src/components/LogPackageModal.tsx [Client Component Browser]
    ./src/components/PackagesView.tsx [Client Component Browser]
    ./src/components/PackagesView.tsx [Server Component]
    ./src/app/dashboard/page.tsx [Server Component]

  Client Component SSR:
    ./node_modules/@zxing/browser/esm/writers/BrowserCodeSvgWriter.js [Client Component SSR]
    ./node_modules/@zxing/browser/esm/index.js [Client Component SSR]
    ./src/components/BarcodeCameraScanner.tsx [Client Component SSR]
    ./src/components/LogPackageModal.tsx [Client Component SSR]
    ./src/components/PackagesView.tsx [Client Component SSR]
    ./src/components/PackagesView.tsx [Server Component]
    ./src/app/dashboard/page.tsx [Server Component]

https://nextjs.org/docs/messages/module-not-found 
[browser] ./node_modules/@zxing/browser/esm/writers/BrowserQRCodeSvgWriter.js:1:1
Error: Module not found: Can't resolve '@zxing/library'
> 1 | ...alArgumentException, IllegalStateException, QRCodeDecoderErrorCorrectionLevel, QRCodeEnc...
    |    ^^^^^^^^^^^^^^^^^^^^^^^^^^^^^^^^^^^^^^^^^^^^^^^^^^^^^^^^^^^^^^^^^^^^^^^^^^^^^^^^^^^^^^^^^^^
  2 | .../2000/svg';
  3 | ...
  4 | ...** @class */ (function () {

Import traces:
  Client Component Browser:
    ./node_modules/@zxing/browser/esm/writers/BrowserQRCodeSvgWriter.js [Client Component Browser]
    ./node_modules/@zxing/browser/esm/index.js [Client Component Browser]
    ./src/components/BarcodeCameraScanner.tsx [Client Component Browser]
    ./src/components/LogPackageModal.tsx [Client Component Browser]
    ./src/components/PackagesView.tsx [Client Component Browser]
    ./src/components/PackagesView.tsx [Server Component]
    ./src/app/dashboard/page.tsx [Server Component]

  Client Component SSR:
    ./node_modules/@zxing/browser/esm/writers/BrowserQRCodeSvgWriter.js [Client Component SSR]
    ./node_modules/@zxing/browser/esm/index.js [Client Component SSR]
    ./src/components/BarcodeCameraScanner.tsx [Client Component SSR]
    ./src/components/LogPackageModal.tsx [Client Component SSR]
    ./src/components/PackagesView.tsx [Client Component SSR]
    ./src/components/PackagesView.tsx [Server Component]
    ./src/app/dashboard/page.tsx [Server Component]

https://nextjs.org/docs/messages/module-not-found 
 GET /api/auth/session 500 in 616ms (next.js: 508ms, application-code: 108ms)
[browser] ./node_modules/@zxing/browser/esm/common/HTMLCanvasElementLuminanceSource.js:16:1
Error: Module not found: Can't resolve '@zxing/library'
  14 | ...
  15 | ...
> 16 | ...{ IllegalArgumentException, InvertedLuminanceSource, LuminanceSource, } from '@zxing/li...
     |    ^^^^^^^^^^^^^^^^^^^^^^^^^^^^^^^^^^^^^^^^^^^^^^^^^^^^^^^^^^^^^^^^^^^^^^^^^^^^^^^^^^^^^^^^^^
  17 | ...
  18 | ...LCanvasElementLuminanceSource = /** @class */ (function (_super) {
  19 | ...xtends(HTMLCanvasElementLuminanceSource, _super);

Import traces:
  Client Component Browser:
    ./node_modules/@zxing/browser/esm/common/HTMLCanvasElementLuminanceSource.js [Client Component Browser]
    ./node_modules/@zxing/browser/esm/index.js [Client Component Browser]
    ./src/components/BarcodeCameraScanner.tsx [Client Component Browser]
    ./src/components/LogPackageModal.tsx [Client Component Browser]
    ./src/components/PackagesView.tsx [Client Component Browser]
    ./src/components/PackagesView.tsx [Server Component]
    ./src/app/dashboard/page.tsx [Server Component]

  Client Component SSR:
    ./node_modules/@zxing/browser/esm/common/HTMLCanvasElementLuminanceSource.js [Client Component SSR]
    ./node_modules/@zxing/browser/esm/index.js [Client Component SSR]
    ./src/components/BarcodeCameraScanner.tsx [Client Component SSR]
    ./src/components/LogPackageModal.tsx [Client Component SSR]
    ./src/components/PackagesView.tsx [Client Component SSR]
    ./src/components/PackagesView.tsx [Server Component]
    ./src/app/dashboard/page.tsx [Server Component]

https://nextjs.org/docs/messages/module-not-found 
[browser] ./node_modules/@zxing/browser/esm/index.js:3:1
Error: Module not found: Can't resolve '@zxing/library'
  1 | // public API
  2 | // core
> 3 | export { BarcodeFormat } from '@zxing/library';
    | ^^^^^^^^^^^^^^^^^^^^^^^^^^^^^^^^^^^^^^^^^^^^^^^
  4 | // common
  5 | export * from './common/HTMLCanvasElementLuminanceSource';
  6 | export * from './common/HTMLVisualMediaElement';

Import traces:
  Client Component Browser:
    ./node_modules/@zxing/browser/esm/index.js [Client Component Browser]
    ./src/components/BarcodeCameraScanner.tsx [Client Component Browser]
    ./src/components/LogPackageModal.tsx [Client Component Browser]
    ./src/components/PackagesView.tsx [Client Component Browser]
    ./src/components/PackagesView.tsx [Server Component]
    ./src/app/dashboard/page.tsx [Server Component]

  Client Component SSR:
    ./node_modules/@zxing/browser/esm/index.js [Client Component SSR]
    ./src/components/BarcodeCameraScanner.tsx [Client Component SSR]
    ./src/components/LogPackageModal.tsx [Client Component SSR]
    ./src/components/PackagesView.tsx [Client Component SSR]
    ./src/components/PackagesView.tsx [Server Component]
    ./src/app/dashboard/page.tsx [Server Component]

https://nextjs.org/docs/messages/module-not-found 
[browser] ./node_modules/@zxing/browser/esm/readers/BrowserAztecCodeReader.js:16:1
Error: Module not found: Can't resolve '@zxing/library'
  14 |     };
  15 | })();
> 16 | import { AztecCodeReader } from '@zxing/library';
     | ^^^^^^^^^^^^^^^^^^^^^^^^^^^^^^^^^^^^^^^^^^^^^^^^^
  17 | import { BrowserCodeReader } from './BrowserCodeReader';
  18 | /**
  19 |  * Aztec Code reader to use from browser.

Import traces:
  Client Component Browser:
    ./node_modules/@zxing/browser/esm/readers/BrowserAztecCodeReader.js [Client Component Browser]
    ./node_modules/@zxing/browser/esm/index.js [Client Component Browser]
    ./src/components/BarcodeCameraScanner.tsx [Client Component Browser]
    ./src/components/LogPackageModal.tsx [Client Component Browser]
    ./src/components/PackagesView.tsx [Client Component Browser]
    ./src/components/PackagesView.tsx [Server Component]
    ./src/app/dashboard/page.tsx [Server Component]

  Client Component SSR:
    ./node_modules/@zxing/browser/esm/readers/BrowserAztecCodeReader.js [Client Component SSR]
    ./node_modules/@zxing/browser/esm/index.js [Client Component SSR]
    ./src/components/BarcodeCameraScanner.tsx [Client Component SSR]
    ./src/components/LogPackageModal.tsx [Client Component SSR]
    ./src/components/PackagesView.tsx [Client Component SSR]
    ./src/components/PackagesView.tsx [Server Component]
    ./src/app/dashboard/page.tsx [Server Component]

https://nextjs.org/docs/messages/module-not-found 
[browser] ./node_modules/@zxing/browser/esm/readers/BrowserCodeReader.js:59:1
Error: Module not found: Can't resolve '@zxing/library'
  57 | ...t is not iterable." : "Symbol.iterator is not defined.");
  58 | ...
> 59 | ...Bitmap, ChecksumException, DecodeHintType, FormatException, HybridBinarizer, NotFoundEx...
     |    ^^^^^^^^^^^^^^^^^^^^^^^^^^^^^^^^^^^^^^^^^^^^^^^^^^^^^^^^^^^^^^^^^^^^^^^^^^^^^^^^^^^^^^^^^^
  60 | ...eSource } from '../common/HTMLCanvasElementLuminanceSource';
  61 | ...avigator } from '../common/navigator-utils';
  62 | ...

Import traces:
  Client Component Browser:
    ./node_modules/@zxing/browser/esm/readers/BrowserCodeReader.js [Client Component Browser]
    ./node_modules/@zxing/browser/esm/readers/BrowserMultiFormatReader.js [Client Component Browser]
    ./src/components/BarcodeCameraScanner.tsx [Client Component Browser]
    ./src/components/LogPackageModal.tsx [Client Component Browser]
    ./src/components/PackagesView.tsx [Client Component Browser]
    ./src/components/PackagesView.tsx [Server Component]
    ./src/app/dashboard/page.tsx [Server Component]

  Client Component SSR:
    ./node_modules/@zxing/browser/esm/readers/BrowserCodeReader.js [Client Component SSR]
    ./node_modules/@zxing/browser/esm/readers/BrowserMultiFormatReader.js [Client Component SSR]
    ./src/components/BarcodeCameraScanner.tsx [Client Component SSR]
    ./src/components/LogPackageModal.tsx [Client Component SSR]
    ./src/components/PackagesView.tsx [Client Component SSR]
    ./src/components/PackagesView.tsx [Server Component]
    ./src/app/dashboard/page.tsx [Server Component]

https://nextjs.org/docs/messages/module-not-found 
[browser] ./node_modules/@zxing/browser/esm/readers/BrowserDatamatrixCodeReader.js:16:1
Error: Module not found: Can't resolve '@zxing/library'
  14 |     };
  15 | })();
> 16 | import { DataMatrixReader } from '@zxing/library';
     | ^^^^^^^^^^^^^^^^^^^^^^^^^^^^^^^^^^^^^^^^^^^^^^^^^^
  17 | import { BrowserCodeReader } from './BrowserCodeReader';
  18 | /**
  19 |  * QR Code reader to use from browser.

Import traces:
  Client Component Browser:
    ./node_modules/@zxing/browser/esm/readers/BrowserDatamatrixCodeReader.js [Client Component Browser]
    ./node_modules/@zxing/browser/esm/index.js [Client Component Browser]
    ./src/components/BarcodeCameraScanner.tsx [Client Component Browser]
    ./src/components/LogPackageModal.tsx [Client Component Browser]
    ./src/components/PackagesView.tsx [Client Component Browser]
    ./src/components/PackagesView.tsx [Server Component]
    ./src/app/dashboard/page.tsx [Server Component]

  Client Component SSR:
    ./node_modules/@zxing/browser/esm/readers/BrowserDatamatrixCodeReader.js [Client Component SSR]
    ./node_modules/@zxing/browser/esm/index.js [Client Component SSR]
    ./src/components/BarcodeCameraScanner.tsx [Client Component SSR]
    ./src/components/LogPackageModal.tsx [Client Component SSR]
    ./src/components/PackagesView.tsx [Client Component SSR]
    ./src/components/PackagesView.tsx [Server Component]
    ./src/app/dashboard/page.tsx [Server Component]

https://nextjs.org/docs/messages/module-not-found 
[browser] ./node_modules/@zxing/browser/esm/readers/BrowserMultiFormatOneDReader.js:16:1
Error: Module not found: Can't resolve '@zxing/library'
  14 |     };
  15 | })();
> 16 | import { MultiFormatOneDReader } from '@zxing/library';
     | ^^^^^^^^^^^^^^^^^^^^^^^^^^^^^^^^^^^^^^^^^^^^^^^^^^^^^^^
  17 | import { BrowserCodeReader } from './BrowserCodeReader';
  18 | /**
  19 |  * Reader to be used for any One Dimension type barcode.

Import traces:
  Client Component Browser:
    ./node_modules/@zxing/browser/esm/readers/BrowserMultiFormatOneDReader.js [Client Component Browser]
    ./node_modules/@zxing/browser/esm/index.js [Client Component Browser]
    ./src/components/BarcodeCameraScanner.tsx [Client Component Browser]
    ./src/components/LogPackageModal.tsx [Client Component Browser]
    ./src/components/PackagesView.tsx [Client Component Browser]
    ./src/components/PackagesView.tsx [Server Component]
    ./src/app/dashboard/page.tsx [Server Component]

  Client Component SSR:
    ./node_modules/@zxing/browser/esm/readers/BrowserMultiFormatOneDReader.js [Client Component SSR]
    ./node_modules/@zxing/browser/esm/index.js [Client Component SSR]
    ./src/components/BarcodeCameraScanner.tsx [Client Component SSR]
    ./src/components/LogPackageModal.tsx [Client Component SSR]
    ./src/components/PackagesView.tsx [Client Component SSR]
    ./src/components/PackagesView.tsx [Server Component]
    ./src/app/dashboard/page.tsx [Server Component]

https://nextjs.org/docs/messages/module-not-found 
[browser] ./node_modules/@zxing/browser/esm/readers/BrowserMultiFormatReader.js:16:1
Error: Module not found: Can't resolve '@zxing/library'
  14 |     };
  15 | })();
> 16 | import { DecodeHintType, MultiFormatReader, } from '@zxing/library';
     | ^^^^^^^^^^^^^^^^^^^^^^^^^^^^^^^^^^^^^^^^^^^^^^^^^^^^^^^^^^^^^^^^^^^^
  17 | import { BrowserCodeReader } from './BrowserCodeReader';
  18 | var BrowserMultiFormatReader = /** @class */ (function (_super) {
  19 |     __extends(BrowserMultiFormatReader, _super);

Import traces:
  Client Component Browser:
    ./node_modules/@zxing/browser/esm/readers/BrowserMultiFormatReader.js [Client Component Browser]
    ./src/components/BarcodeCameraScanner.tsx [Client Component Browser]
    ./src/components/LogPackageModal.tsx [Client Component Browser]
    ./src/components/PackagesView.tsx [Client Component Browser]
    ./src/components/PackagesView.tsx [Server Component]
    ./src/app/dashboard/page.tsx [Server Component]

  Client Component SSR:
    ./node_modules/@zxing/browser/esm/readers/BrowserMultiFormatReader.js [Client Component SSR]
    ./src/components/BarcodeCameraScanner.tsx [Client Component SSR]
    ./src/components/LogPackageModal.tsx [Client Component SSR]
    ./src/components/PackagesView.tsx [Client Component SSR]
    ./src/components/PackagesView.tsx [Server Component]
    ./src/app/dashboard/page.tsx [Server Component]

https://nextjs.org/docs/messages/module-not-found 
[browser] ./node_modules/@zxing/browser/esm/readers/BrowserPDF417Reader.js:16:1
Error: Module not found: Can't resolve '@zxing/library'
  14 |     };
  15 | })();
> 16 | import { PDF417Reader } from '@zxing/library';
     | ^^^^^^^^^^^^^^^^^^^^^^^^^^^^^^^^^^^^^^^^^^^^^^
  17 | import { BrowserCodeReader } from './BrowserCodeReader';
  18 | /**
  19 |  * QR Code reader to use from browser.

Import traces:
  Client Component Browser:
    ./node_modules/@zxing/browser/esm/readers/BrowserPDF417Reader.js [Client Component Browser]
    ./node_modules/@zxing/browser/esm/index.js [Client Component Browser]
    ./src/components/BarcodeCameraScanner.tsx [Client Component Browser]
    ./src/components/LogPackageModal.tsx [Client Component Browser]
    ./src/components/PackagesView.tsx [Client Component Browser]
    ./src/components/PackagesView.tsx [Server Component]
    ./src/app/dashboard/page.tsx [Server Component]

  Client Component SSR:
    ./node_modules/@zxing/browser/esm/readers/BrowserPDF417Reader.js [Client Component SSR]
    ./node_modules/@zxing/browser/esm/index.js [Client Component SSR]
    ./src/components/BarcodeCameraScanner.tsx [Client Component SSR]
    ./src/components/LogPackageModal.tsx [Client Component SSR]
    ./src/components/PackagesView.tsx [Client Component SSR]
    ./src/components/PackagesView.tsx [Server Component]
    ./src/app/dashboard/page.tsx [Server Component]

https://nextjs.org/docs/messages/module-not-found 
[browser] ./node_modules/@zxing/browser/esm/readers/BrowserQRCodeReader.js:16:1
Error: Module not found: Can't resolve '@zxing/library'
  14 |     };
  15 | })();
> 16 | import { QRCodeReader } from '@zxing/library';
     | ^^^^^^^^^^^^^^^^^^^^^^^^^^^^^^^^^^^^^^^^^^^^^^
  17 | import { BrowserCodeReader } from './BrowserCodeReader';
  18 | /**
  19 |  * QR Code reader to use from browser.

Import traces:
  Client Component Browser:
    ./node_modules/@zxing/browser/esm/readers/BrowserQRCodeReader.js [Client Component Browser]
    ./node_modules/@zxing/browser/esm/index.js [Client Component Browser]
    ./src/components/BarcodeCameraScanner.tsx [Client Component Browser]
    ./src/components/LogPackageModal.tsx [Client Component Browser]
    ./src/components/PackagesView.tsx [Client Component Browser]
    ./src/components/PackagesView.tsx [Server Component]
    ./src/app/dashboard/page.tsx [Server Component]

  Client Component SSR:
    ./node_modules/@zxing/browser/esm/readers/BrowserQRCodeReader.js [Client Component SSR]
    ./node_modules/@zxing/browser/esm/index.js [Client Component SSR]
    ./src/components/BarcodeCameraScanner.tsx [Client Component SSR]
    ./src/components/LogPackageModal.tsx [Client Component SSR]
    ./src/components/PackagesView.tsx [Client Component SSR]
    ./src/components/PackagesView.tsx [Server Component]
    ./src/app/dashboard/page.tsx [Server Component]

https://nextjs.org/docs/messages/module-not-found 
[browser] ./node_modules/@zxing/browser/esm/writers/BrowserCodeSvgWriter.js:1:1
Error: Module not found: Can't resolve '@zxing/library'
> 1 | ...alArgumentException, IllegalStateException, QRCodeDecoderErrorCorrectionLevel, QRCodeEnc...
    |    ^^^^^^^^^^^^^^^^^^^^^^^^^^^^^^^^^^^^^^^^^^^^^^^^^^^^^^^^^^^^^^^^^^^^^^^^^^^^^^^^^^^^^^^^^^^
  2 | .../2000/svg';
  3 | ...
  4 | ... @class */ (function () {

Import traces:
  Client Component Browser:
    ./node_modules/@zxing/browser/esm/writers/BrowserCodeSvgWriter.js [Client Component Browser]
    ./node_modules/@zxing/browser/esm/index.js [Client Component Browser]
    ./src/components/BarcodeCameraScanner.tsx [Client Component Browser]
    ./src/components/LogPackageModal.tsx [Client Component Browser]
    ./src/components/PackagesView.tsx [Client Component Browser]
    ./src/components/PackagesView.tsx [Server Component]
    ./src/app/dashboard/page.tsx [Server Component]

  Client Component SSR:
    ./node_modules/@zxing/browser/esm/writers/BrowserCodeSvgWriter.js [Client Component SSR]
    ./node_modules/@zxing/browser/esm/index.js [Client Component SSR]
    ./src/components/BarcodeCameraScanner.tsx [Client Component SSR]
    ./src/components/LogPackageModal.tsx [Client Component SSR]
    ./src/components/PackagesView.tsx [Client Component SSR]
    ./src/components/PackagesView.tsx [Server Component]
    ./src/app/dashboard/page.tsx [Server Component]

https://nextjs.org/docs/messages/module-not-found 
[browser] ./node_modules/@zxing/browser/esm/writers/BrowserQRCodeSvgWriter.js:1:1
Error: Module not found: Can't resolve '@zxing/library'
> 1 | ...alArgumentException, IllegalStateException, QRCodeDecoderErrorCorrectionLevel, QRCodeEnc...
    |    ^^^^^^^^^^^^^^^^^^^^^^^^^^^^^^^^^^^^^^^^^^^^^^^^^^^^^^^^^^^^^^^^^^^^^^^^^^^^^^^^^^^^^^^^^^^
  2 | .../2000/svg';
  3 | ...
  4 | ...** @class */ (function () {

Import traces:
  Client Component Browser:
    ./node_modules/@zxing/browser/esm/writers/BrowserQRCodeSvgWriter.js [Client Component Browser]
    ./node_modules/@zxing/browser/esm/index.js [Client Component Browser]
    ./src/components/BarcodeCameraScanner.tsx [Client Component Browser]
    ./src/components/LogPackageModal.tsx [Client Component Browser]
    ./src/components/PackagesView.tsx [Client Component Browser]
    ./src/components/PackagesView.tsx [Server Component]
    ./src/app/dashboard/page.tsx [Server Component]

  Client Component SSR:
    ./node_modules/@zxing/browser/esm/writers/BrowserQRCodeSvgWriter.js [Client Component SSR]
    ./node_modules/@zxing/browser/esm/index.js [Client Component SSR]
    ./src/components/BarcodeCameraScanner.tsx [Client Component SSR]
    ./src/components/LogPackageModal.tsx [Client Component SSR]
    ./src/components/PackagesView.tsx [Client Component SSR]
    ./src/components/PackagesView.tsx [Server Component]
    ./src/app/dashboard/page.tsx [Server Component]

https://nextjs.org/docs/messages/module-not-found 
 GET /api/auth/session 500 in 18ms (next.js: 9ms, application-code: 10ms)
[browser] ClientFetchError: Unexpected token '<', "<!DOCTYPE "... is not valid JSON. Read more at https://errors.authjs.dev#autherror
[browser] ClientFetchError: Unexpected token '<', "<!DOCTYPE "... is not valid JSON. Read more at https://errors.authjs.dev#autherror
[browser] ./node_modules/@zxing/browser/esm/common/HTMLCanvasElementLuminanceSource.js:16:1
Error: Module not found: Can't resolve '@zxing/library'
  14 | ...
  15 | ...
> 16 | ...{ IllegalArgumentException, InvertedLuminanceSource, LuminanceSource, } from '@zxing/li...
     |    ^^^^^^^^^^^^^^^^^^^^^^^^^^^^^^^^^^^^^^^^^^^^^^^^^^^^^^^^^^^^^^^^^^^^^^^^^^^^^^^^^^^^^^^^^^
  17 | ...
  18 | ...LCanvasElementLuminanceSource = /** @class */ (function (_super) {
  19 | ...xtends(HTMLCanvasElementLuminanceSource, _super);

Import traces:
  Client Component Browser:
    ./node_modules/@zxing/browser/esm/common/HTMLCanvasElementLuminanceSource.js [Client Component Browser]
    ./node_modules/@zxing/browser/esm/index.js [Client Component Browser]
    ./src/components/BarcodeCameraScanner.tsx [Client Component Browser]
    ./src/components/LogPackageModal.tsx [Client Component Browser]
    ./src/components/PackagesView.tsx [Client Component Browser]
    ./src/components/PackagesView.tsx [Server Component]
    ./src/app/dashboard/page.tsx [Server Component]

  Client Component SSR:
    ./node_modules/@zxing/browser/esm/common/HTMLCanvasElementLuminanceSource.js [Client Component SSR]
    ./node_modules/@zxing/browser/esm/index.js [Client Component SSR]
    ./src/components/BarcodeCameraScanner.tsx [Client Component SSR]
    ./src/components/LogPackageModal.tsx [Client Component SSR]
    ./src/components/PackagesView.tsx [Client Component SSR]
    ./src/components/PackagesView.tsx [Server Component]
    ./src/app/dashboard/page.tsx [Server Component]

https://nextjs.org/docs/messages/module-not-found 
[browser] ./node_modules/@zxing/browser/esm/index.js:3:1
Error: Module not found: Can't resolve '@zxing/library'
  1 | // public API
  2 | // core
> 3 | export { BarcodeFormat } from '@zxing/library';
    | ^^^^^^^^^^^^^^^^^^^^^^^^^^^^^^^^^^^^^^^^^^^^^^^
  4 | // common
  5 | export * from './common/HTMLCanvasElementLuminanceSource';
  6 | export * from './common/HTMLVisualMediaElement';

Import traces:
  Client Component Browser:
    ./node_modules/@zxing/browser/esm/index.js [Client Component Browser]
    ./src/components/BarcodeCameraScanner.tsx [Client Component Browser]
    ./src/components/LogPackageModal.tsx [Client Component Browser]
    ./src/components/PackagesView.tsx [Client Component Browser]
    ./src/components/PackagesView.tsx [Server Component]
    ./src/app/dashboard/page.tsx [Server Component]

  Client Component SSR:
    ./node_modules/@zxing/browser/esm/index.js [Client Component SSR]
    ./src/components/BarcodeCameraScanner.tsx [Client Component SSR]
    ./src/components/LogPackageModal.tsx [Client Component SSR]
    ./src/components/PackagesView.tsx [Client Component SSR]
    ./src/components/PackagesView.tsx [Server Component]
    ./src/app/dashboard/page.tsx [Server Component]

https://nextjs.org/docs/messages/module-not-found 
[browser] ./node_modules/@zxing/browser/esm/readers/BrowserAztecCodeReader.js:16:1
Error: Module not found: Can't resolve '@zxing/library'
  14 |     };
  15 | })();
> 16 | import { AztecCodeReader } from '@zxing/library';
     | ^^^^^^^^^^^^^^^^^^^^^^^^^^^^^^^^^^^^^^^^^^^^^^^^^
  17 | import { BrowserCodeReader } from './BrowserCodeReader';
  18 | /**
  19 |  * Aztec Code reader to use from browser.

Import traces:
  Client Component Browser:
    ./node_modules/@zxing/browser/esm/readers/BrowserAztecCodeReader.js [Client Component Browser]
    ./node_modules/@zxing/browser/esm/index.js [Client Component Browser]
    ./src/components/BarcodeCameraScanner.tsx [Client Component Browser]
    ./src/components/LogPackageModal.tsx [Client Component Browser]
    ./src/components/PackagesView.tsx [Client Component Browser]
    ./src/components/PackagesView.tsx [Server Component]
    ./src/app/dashboard/page.tsx [Server Component]

  Client Component SSR:
    ./node_modules/@zxing/browser/esm/readers/BrowserAztecCodeReader.js [Client Component SSR]
    ./node_modules/@zxing/browser/esm/index.js [Client Component SSR]
    ./src/components/BarcodeCameraScanner.tsx [Client Component SSR]
    ./src/components/LogPackageModal.tsx [Client Component SSR]
    ./src/components/PackagesView.tsx [Client Component SSR]
    ./src/components/PackagesView.tsx [Server Component]
    ./src/app/dashboard/page.tsx [Server Component]

https://nextjs.org/docs/messages/module-not-found 
[browser] ./node_modules/@zxing/browser/esm/readers/BrowserCodeReader.js:59:1
Error: Module not found: Can't resolve '@zxing/library'
  57 | ...t is not iterable." : "Symbol.iterator is not defined.");
  58 | ...
> 59 | ...Bitmap, ChecksumException, DecodeHintType, FormatException, HybridBinarizer, NotFoundEx...
     |    ^^^^^^^^^^^^^^^^^^^^^^^^^^^^^^^^^^^^^^^^^^^^^^^^^^^^^^^^^^^^^^^^^^^^^^^^^^^^^^^^^^^^^^^^^^
  60 | ...eSource } from '../common/HTMLCanvasElementLuminanceSource';
  61 | ...avigator } from '../common/navigator-utils';
  62 | ...

Import traces:
  Client Component Browser:
    ./node_modules/@zxing/browser/esm/readers/BrowserCodeReader.js [Client Component Browser]
    ./node_modules/@zxing/browser/esm/readers/BrowserMultiFormatReader.js [Client Component Browser]
    ./src/components/BarcodeCameraScanner.tsx [Client Component Browser]
    ./src/components/LogPackageModal.tsx [Client Component Browser]
    ./src/components/PackagesView.tsx [Client Component Browser]
    ./src/components/PackagesView.tsx [Server Component]
    ./src/app/dashboard/page.tsx [Server Component]

  Client Component SSR:
    ./node_modules/@zxing/browser/esm/readers/BrowserCodeReader.js [Client Component SSR]
    ./node_modules/@zxing/browser/esm/readers/BrowserMultiFormatReader.js [Client Component SSR]
    ./src/components/BarcodeCameraScanner.tsx [Client Component SSR]
    ./src/components/LogPackageModal.tsx [Client Component SSR]
    ./src/components/PackagesView.tsx [Client Component SSR]
    ./src/components/PackagesView.tsx [Server Component]
    ./src/app/dashboard/page.tsx [Server Component]

https://nextjs.org/docs/messages/module-not-found 
[browser] ./node_modules/@zxing/browser/esm/readers/BrowserDatamatrixCodeReader.js:16:1
Error: Module not found: Can't resolve '@zxing/library'
  14 |     };
  15 | })();
> 16 | import { DataMatrixReader } from '@zxing/library';
     | ^^^^^^^^^^^^^^^^^^^^^^^^^^^^^^^^^^^^^^^^^^^^^^^^^^
  17 | import { BrowserCodeReader } from './BrowserCodeReader';
  18 | /**
  19 |  * QR Code reader to use from browser.

Import traces:
  Client Component Browser:
    ./node_modules/@zxing/browser/esm/readers/BrowserDatamatrixCodeReader.js [Client Component Browser]
    ./node_modules/@zxing/browser/esm/index.js [Client Component Browser]
    ./src/components/BarcodeCameraScanner.tsx [Client Component Browser]
    ./src/components/LogPackageModal.tsx [Client Component Browser]
    ./src/components/PackagesView.tsx [Client Component Browser]
    ./src/components/PackagesView.tsx [Server Component]
    ./src/app/dashboard/page.tsx [Server Component]

  Client Component SSR:
    ./node_modules/@zxing/browser/esm/readers/BrowserDatamatrixCodeReader.js [Client Component SSR]
    ./node_modules/@zxing/browser/esm/index.js [Client Component SSR]
    ./src/components/BarcodeCameraScanner.tsx [Client Component SSR]
    ./src/components/LogPackageModal.tsx [Client Component SSR]
    ./src/components/PackagesView.tsx [Client Component SSR]
    ./src/components/PackagesView.tsx [Server Component]
    ./src/app/dashboard/page.tsx [Server Component]

https://nextjs.org/docs/messages/module-not-found 
[browser] ./node_modules/@zxing/browser/esm/readers/BrowserMultiFormatOneDReader.js:16:1
Error: Module not found: Can't resolve '@zxing/library'
  14 |     };
  15 | })();
> 16 | import { MultiFormatOneDReader } from '@zxing/library';
     | ^^^^^^^^^^^^^^^^^^^^^^^^^^^^^^^^^^^^^^^^^^^^^^^^^^^^^^^
  17 | import { BrowserCodeReader } from './BrowserCodeReader';
  18 | /**
  19 |  * Reader to be used for any One Dimension type barcode.

Import traces:
  Client Component Browser:
    ./node_modules/@zxing/browser/esm/readers/BrowserMultiFormatOneDReader.js [Client Component Browser]
    ./node_modules/@zxing/browser/esm/index.js [Client Component Browser]
    ./src/components/BarcodeCameraScanner.tsx [Client Component Browser]
    ./src/components/LogPackageModal.tsx [Client Component Browser]
    ./src/components/PackagesView.tsx [Client Component Browser]
    ./src/components/PackagesView.tsx [Server Component]
    ./src/app/dashboard/page.tsx [Server Component]

  Client Component SSR:
    ./node_modules/@zxing/browser/esm/readers/BrowserMultiFormatOneDReader.js [Client Component SSR]
    ./node_modules/@zxing/browser/esm/index.js [Client Component SSR]
    ./src/components/BarcodeCameraScanner.tsx [Client Component SSR]
    ./src/components/LogPackageModal.tsx [Client Component SSR]
    ./src/components/PackagesView.tsx [Client Component SSR]
    ./src/components/PackagesView.tsx [Server Component]
    ./src/app/dashboard/page.tsx [Server Component]

https://nextjs.org/docs/messages/module-not-found 
[browser] ./node_modules/@zxing/browser/esm/readers/BrowserMultiFormatReader.js:16:1
Error: Module not found: Can't resolve '@zxing/library'
  14 |     };
  15 | })();
> 16 | import { DecodeHintType, MultiFormatReader, } from '@zxing/library';
     | ^^^^^^^^^^^^^^^^^^^^^^^^^^^^^^^^^^^^^^^^^^^^^^^^^^^^^^^^^^^^^^^^^^^^
  17 | import { BrowserCodeReader } from './BrowserCodeReader';
  18 | var BrowserMultiFormatReader = /** @class */ (function (_super) {
  19 |     __extends(BrowserMultiFormatReader, _super);

Import traces:
  Client Component Browser:
    ./node_modules/@zxing/browser/esm/readers/BrowserMultiFormatReader.js [Client Component Browser]
    ./src/components/BarcodeCameraScanner.tsx [Client Component Browser]
    ./src/components/LogPackageModal.tsx [Client Component Browser]
    ./src/components/PackagesView.tsx [Client Component Browser]
    ./src/components/PackagesView.tsx [Server Component]
    ./src/app/dashboard/page.tsx [Server Component]

  Client Component SSR:
    ./node_modules/@zxing/browser/esm/readers/BrowserMultiFormatReader.js [Client Component SSR]
    ./src/components/BarcodeCameraScanner.tsx [Client Component SSR]
    ./src/components/LogPackageModal.tsx [Client Component SSR]
    ./src/components/PackagesView.tsx [Client Component SSR]
    ./src/components/PackagesView.tsx [Server Component]
    ./src/app/dashboard/page.tsx [Server Component]

https://nextjs.org/docs/messages/module-not-found 
[browser] ./node_modules/@zxing/browser/esm/readers/BrowserPDF417Reader.js:16:1
Error: Module not found: Can't resolve '@zxing/library'
  14 |     };
  15 | })();
> 16 | import { PDF417Reader } from '@zxing/library';
     | ^^^^^^^^^^^^^^^^^^^^^^^^^^^^^^^^^^^^^^^^^^^^^^
  17 | import { BrowserCodeReader } from './BrowserCodeReader';
  18 | /**
  19 |  * QR Code reader to use from browser.

Import traces:
  Client Component Browser:
    ./node_modules/@zxing/browser/esm/readers/BrowserPDF417Reader.js [Client Component Browser]
    ./node_modules/@zxing/browser/esm/index.js [Client Component Browser]
    ./src/components/BarcodeCameraScanner.tsx [Client Component Browser]
    ./src/components/LogPackageModal.tsx [Client Component Browser]
    ./src/components/PackagesView.tsx [Client Component Browser]
    ./src/components/PackagesView.tsx [Server Component]
    ./src/app/dashboard/page.tsx [Server Component]

  Client Component SSR:
    ./node_modules/@zxing/browser/esm/readers/BrowserPDF417Reader.js [Client Component SSR]
    ./node_modules/@zxing/browser/esm/index.js [Client Component SSR]
    ./src/components/BarcodeCameraScanner.tsx [Client Component SSR]
    ./src/components/LogPackageModal.tsx [Client Component SSR]
    ./src/components/PackagesView.tsx [Client Component SSR]
    ./src/components/PackagesView.tsx [Server Component]
    ./src/app/dashboard/page.tsx [Server Component]

https://nextjs.org/docs/messages/module-not-found 
[browser] ./node_modules/@zxing/browser/esm/readers/BrowserQRCodeReader.js:16:1
Error: Module not found: Can't resolve '@zxing/library'
  14 |     };
  15 | })();
> 16 | import { QRCodeReader } from '@zxing/library';
     | ^^^^^^^^^^^^^^^^^^^^^^^^^^^^^^^^^^^^^^^^^^^^^^
  17 | import { BrowserCodeReader } from './BrowserCodeReader';
  18 | /**
  19 |  * QR Code reader to use from browser.

Import traces:
  Client Component Browser:
    ./node_modules/@zxing/browser/esm/readers/BrowserQRCodeReader.js [Client Component Browser]
    ./node_modules/@zxing/browser/esm/index.js [Client Component Browser]
    ./src/components/BarcodeCameraScanner.tsx [Client Component Browser]
    ./src/components/LogPackageModal.tsx [Client Component Browser]
    ./src/components/PackagesView.tsx [Client Component Browser]
    ./src/components/PackagesView.tsx [Server Component]
    ./src/app/dashboard/page.tsx [Server Component]

  Client Component SSR:
    ./node_modules/@zxing/browser/esm/readers/BrowserQRCodeReader.js [Client Component SSR]
    ./node_modules/@zxing/browser/esm/index.js [Client Component SSR]
    ./src/components/BarcodeCameraScanner.tsx [Client Component SSR]
    ./src/components/LogPackageModal.tsx [Client Component SSR]
    ./src/components/PackagesView.tsx [Client Component SSR]
    ./src/components/PackagesView.tsx [Server Component]
    ./src/app/dashboard/page.tsx [Server Component]

https://nextjs.org/docs/messages/module-not-found 
[browser] ./node_modules/@zxing/browser/esm/writers/BrowserCodeSvgWriter.js:1:1
Error: Module not found: Can't resolve '@zxing/library'
> 1 | ...alArgumentException, IllegalStateException, QRCodeDecoderErrorCorrectionLevel, QRCodeEnc...
    |    ^^^^^^^^^^^^^^^^^^^^^^^^^^^^^^^^^^^^^^^^^^^^^^^^^^^^^^^^^^^^^^^^^^^^^^^^^^^^^^^^^^^^^^^^^^^
  2 | .../2000/svg';
  3 | ...
  4 | ... @class */ (function () {

Import traces:
  Client Component Browser:
    ./node_modules/@zxing/browser/esm/writers/BrowserCodeSvgWriter.js [Client Component Browser]
    ./node_modules/@zxing/browser/esm/index.js [Client Component Browser]
    ./src/components/BarcodeCameraScanner.tsx [Client Component Browser]
    ./src/components/LogPackageModal.tsx [Client Component Browser]
    ./src/components/PackagesView.tsx [Client Component Browser]
    ./src/components/PackagesView.tsx [Server Component]
    ./src/app/dashboard/page.tsx [Server Component]

  Client Component SSR:
    ./node_modules/@zxing/browser/esm/writers/BrowserCodeSvgWriter.js [Client Component SSR]
    ./node_modules/@zxing/browser/esm/index.js [Client Component SSR]
    ./src/components/BarcodeCameraScanner.tsx [Client Component SSR]
    ./src/components/LogPackageModal.tsx [Client Component SSR]
    ./src/components/PackagesView.tsx [Client Component SSR]
    ./src/components/PackagesView.tsx [Server Component]
    ./src/app/dashboard/page.tsx [Server Component]

https://nextjs.org/docs/messages/module-not-found 
[browser] ./node_modules/@zxing/browser/esm/writers/BrowserQRCodeSvgWriter.js:1:1
Error: Module not found: Can't resolve '@zxing/library'
> 1 | ...alArgumentException, IllegalStateException, QRCodeDecoderErrorCorrectionLevel, QRCodeEnc...
    |    ^^^^^^^^^^^^^^^^^^^^^^^^^^^^^^^^^^^^^^^^^^^^^^^^^^^^^^^^^^^^^^^^^^^^^^^^^^^^^^^^^^^^^^^^^^^
  2 | .../2000/svg';
  3 | ...
  4 | ...** @class */ (function () {

Import traces:
  Client Component Browser:
    ./node_modules/@zxing/browser/esm/writers/BrowserQRCodeSvgWriter.js [Client Component Browser]
    ./node_modules/@zxing/browser/esm/index.js [Client Component Browser]
    ./src/components/BarcodeCameraScanner.tsx [Client Component Browser]
    ./src/components/LogPackageModal.tsx [Client Component Browser]
    ./src/components/PackagesView.tsx [Client Component Browser]
    ./src/components/PackagesView.tsx [Server Component]
    ./src/app/dashboard/page.tsx [Server Component]

  Client Component SSR:
    ./node_modules/@zxing/browser/esm/writers/BrowserQRCodeSvgWriter.js [Client Component SSR]
    ./node_modules/@zxing/browser/esm/index.js [Client Component SSR]
    ./src/components/BarcodeCameraScanner.tsx [Client Component SSR]
    ./src/components/LogPackageModal.tsx [Client Component SSR]
    ./src/components/PackagesView.tsx [Client Component SSR]
    ./src/components/PackagesView.tsx [Server Component]
    ./src/app/dashboard/page.tsx [Server Component]

https://nextjs.org/docs/messages/module-not-found 
[browser] ./node_modules/@zxing/browser/esm/common/HTMLCanvasElementLuminanceSource.js:16:1
Error: Module not found: Can't resolve '@zxing/library'
  14 | ...
  15 | ...
> 16 | ...{ IllegalArgumentException, InvertedLuminanceSource, LuminanceSource, } from '@zxing/li...
     |    ^^^^^^^^^^^^^^^^^^^^^^^^^^^^^^^^^^^^^^^^^^^^^^^^^^^^^^^^^^^^^^^^^^^^^^^^^^^^^^^^^^^^^^^^^^
  17 | ...
  18 | ...LCanvasElementLuminanceSource = /** @class */ (function (_super) {
  19 | ...xtends(HTMLCanvasElementLuminanceSource, _super);

Import traces:
  Client Component Browser:
    ./node_modules/@zxing/browser/esm/common/HTMLCanvasElementLuminanceSource.js [Client Component Browser]
    ./node_modules/@zxing/browser/esm/index.js [Client Component Browser]
    ./src/components/BarcodeCameraScanner.tsx [Client Component Browser]
    ./src/components/LogPackageModal.tsx [Client Component Browser]
    ./src/components/PackagesView.tsx [Client Component Browser]
    ./src/components/PackagesView.tsx [Server Component]
    ./src/app/dashboard/page.tsx [Server Component]

  Client Component SSR:
    ./node_modules/@zxing/browser/esm/common/HTMLCanvasElementLuminanceSource.js [Client Component SSR]
    ./node_modules/@zxing/browser/esm/index.js [Client Component SSR]
    ./src/components/BarcodeCameraScanner.tsx [Client Component SSR]
    ./src/components/LogPackageModal.tsx [Client Component SSR]
    ./src/components/PackagesView.tsx [Client Component SSR]
    ./src/components/PackagesView.tsx [Server Component]
    ./src/app/dashboard/page.tsx [Server Component]

https://nextjs.org/docs/messages/module-not-found 
[browser] ./node_modules/@zxing/browser/esm/index.js:3:1
Error: Module not found: Can't resolve '@zxing/library'
  1 | // public API
  2 | // core
> 3 | export { BarcodeFormat } from '@zxing/library';
    | ^^^^^^^^^^^^^^^^^^^^^^^^^^^^^^^^^^^^^^^^^^^^^^^
  4 | // common
  5 | export * from './common/HTMLCanvasElementLuminanceSource';
  6 | export * from './common/HTMLVisualMediaElement';

Import traces:
  Client Component Browser:
    ./node_modules/@zxing/browser/esm/index.js [Client Component Browser]
    ./src/components/BarcodeCameraScanner.tsx [Client Component Browser]
    ./src/components/LogPackageModal.tsx [Client Component Browser]
    ./src/components/PackagesView.tsx [Client Component Browser]
    ./src/components/PackagesView.tsx [Server Component]
    ./src/app/dashboard/page.tsx [Server Component]

  Client Component SSR:
    ./node_modules/@zxing/browser/esm/index.js [Client Component SSR]
    ./src/components/BarcodeCameraScanner.tsx [Client Component SSR]
    ./src/components/LogPackageModal.tsx [Client Component SSR]
    ./src/components/PackagesView.tsx [Client Component SSR]
    ./src/components/PackagesView.tsx [Server Component]
    ./src/app/dashboard/page.tsx [Server Component]

https://nextjs.org/docs/messages/module-not-found 
[browser] ./node_modules/@zxing/browser/esm/readers/BrowserAztecCodeReader.js:16:1
Error: Module not found: Can't resolve '@zxing/library'
  14 |     };
  15 | })();
> 16 | import { AztecCodeReader } from '@zxing/library';
     | ^^^^^^^^^^^^^^^^^^^^^^^^^^^^^^^^^^^^^^^^^^^^^^^^^
  17 | import { BrowserCodeReader } from './BrowserCodeReader';
  18 | /**
  19 |  * Aztec Code reader to use from browser.

Import traces:
  Client Component Browser:
    ./node_modules/@zxing/browser/esm/readers/BrowserAztecCodeReader.js [Client Component Browser]
    ./node_modules/@zxing/browser/esm/index.js [Client Component Browser]
    ./src/components/BarcodeCameraScanner.tsx [Client Component Browser]
    ./src/components/LogPackageModal.tsx [Client Component Browser]
    ./src/components/PackagesView.tsx [Client Component Browser]
    ./src/components/PackagesView.tsx [Server Component]
    ./src/app/dashboard/page.tsx [Server Component]

  Client Component SSR:
    ./node_modules/@zxing/browser/esm/readers/BrowserAztecCodeReader.js [Client Component SSR]
    ./node_modules/@zxing/browser/esm/index.js [Client Component SSR]
    ./src/components/BarcodeCameraScanner.tsx [Client Component SSR]
    ./src/components/LogPackageModal.tsx [Client Component SSR]
    ./src/components/PackagesView.tsx [Client Component SSR]
    ./src/components/PackagesView.tsx [Server Component]
    ./src/app/dashboard/page.tsx [Server Component]

https://nextjs.org/docs/messages/module-not-found 
[browser] ./node_modules/@zxing/browser/esm/readers/BrowserCodeReader.js:59:1
Error: Module not found: Can't resolve '@zxing/library'
  57 | ...t is not iterable." : "Symbol.iterator is not defined.");
  58 | ...
> 59 | ...Bitmap, ChecksumException, DecodeHintType, FormatException, HybridBinarizer, NotFoundEx...
     |    ^^^^^^^^^^^^^^^^^^^^^^^^^^^^^^^^^^^^^^^^^^^^^^^^^^^^^^^^^^^^^^^^^^^^^^^^^^^^^^^^^^^^^^^^^^
  60 | ...eSource } from '../common/HTMLCanvasElementLuminanceSource';
  61 | ...avigator } from '../common/navigator-utils';
  62 | ...

Import traces:
  Client Component Browser:
    ./node_modules/@zxing/browser/esm/readers/BrowserCodeReader.js [Client Component Browser]
    ./node_modules/@zxing/browser/esm/readers/BrowserMultiFormatReader.js [Client Component Browser]
    ./src/components/BarcodeCameraScanner.tsx [Client Component Browser]
    ./src/components/LogPackageModal.tsx [Client Component Browser]
    ./src/components/PackagesView.tsx [Client Component Browser]
    ./src/components/PackagesView.tsx [Server Component]
    ./src/app/dashboard/page.tsx [Server Component]

  Client Component SSR:
    ./node_modules/@zxing/browser/esm/readers/BrowserCodeReader.js [Client Component SSR]
    ./node_modules/@zxing/browser/esm/readers/BrowserMultiFormatReader.js [Client Component SSR]
    ./src/components/BarcodeCameraScanner.tsx [Client Component SSR]
    ./src/components/LogPackageModal.tsx [Client Component SSR]
    ./src/components/PackagesView.tsx [Client Component SSR]
    ./src/components/PackagesView.tsx [Server Component]
    ./src/app/dashboard/page.tsx [Server Component]

https://nextjs.org/docs/messages/module-not-found 
[browser] ./node_modules/@zxing/browser/esm/readers/BrowserDatamatrixCodeReader.js:16:1
Error: Module not found: Can't resolve '@zxing/library'
  14 |     };
  15 | })();
> 16 | import { DataMatrixReader } from '@zxing/library';
     | ^^^^^^^^^^^^^^^^^^^^^^^^^^^^^^^^^^^^^^^^^^^^^^^^^^
  17 | import { BrowserCodeReader } from './BrowserCodeReader';
  18 | /**
  19 |  * QR Code reader to use from browser.

Import traces:
  Client Component Browser:
    ./node_modules/@zxing/browser/esm/readers/BrowserDatamatrixCodeReader.js [Client Component Browser]
    ./node_modules/@zxing/browser/esm/index.js [Client Component Browser]
    ./src/components/BarcodeCameraScanner.tsx [Client Component Browser]
    ./src/components/LogPackageModal.tsx [Client Component Browser]
    ./src/components/PackagesView.tsx [Client Component Browser]
    ./src/components/PackagesView.tsx [Server Component]
    ./src/app/dashboard/page.tsx [Server Component]

  Client Component SSR:
    ./node_modules/@zxing/browser/esm/readers/BrowserDatamatrixCodeReader.js [Client Component SSR]
    ./node_modules/@zxing/browser/esm/index.js [Client Component SSR]
    ./src/components/BarcodeCameraScanner.tsx [Client Component SSR]
    ./src/components/LogPackageModal.tsx [Client Component SSR]
    ./src/components/PackagesView.tsx [Client Component SSR]
    ./src/components/PackagesView.tsx [Server Component]
    ./src/app/dashboard/page.tsx [Server Component]

https://nextjs.org/docs/messages/module-not-found 
[browser] ./node_modules/@zxing/browser/esm/readers/BrowserMultiFormatOneDReader.js:16:1
Error: Module not found: Can't resolve '@zxing/library'
  14 |     };
  15 | })();
> 16 | import { MultiFormatOneDReader } from '@zxing/library';
     | ^^^^^^^^^^^^^^^^^^^^^^^^^^^^^^^^^^^^^^^^^^^^^^^^^^^^^^^
  17 | import { BrowserCodeReader } from './BrowserCodeReader';
  18 | /**
  19 |  * Reader to be used for any One Dimension type barcode.

Import traces:
  Client Component Browser:
    ./node_modules/@zxing/browser/esm/readers/BrowserMultiFormatOneDReader.js [Client Component Browser]
    ./node_modules/@zxing/browser/esm/index.js [Client Component Browser]
    ./src/components/BarcodeCameraScanner.tsx [Client Component Browser]
    ./src/components/LogPackageModal.tsx [Client Component Browser]
    ./src/components/PackagesView.tsx [Client Component Browser]
    ./src/components/PackagesView.tsx [Server Component]
    ./src/app/dashboard/page.tsx [Server Component]

  Client Component SSR:
    ./node_modules/@zxing/browser/esm/readers/BrowserMultiFormatOneDReader.js [Client Component SSR]
    ./node_modules/@zxing/browser/esm/index.js [Client Component SSR]
    ./src/components/BarcodeCameraScanner.tsx [Client Component SSR]
    ./src/components/LogPackageModal.tsx [Client Component SSR]
    ./src/components/PackagesView.tsx [Client Component SSR]
    ./src/components/PackagesView.tsx [Server Component]
    ./src/app/dashboard/page.tsx [Server Component]

https://nextjs.org/docs/messages/module-not-found 
[browser] ./node_modules/@zxing/browser/esm/readers/BrowserMultiFormatReader.js:16:1
Error: Module not found: Can't resolve '@zxing/library'
  14 |     };
  15 | })();
> 16 | import { DecodeHintType, MultiFormatReader, } from '@zxing/library';
     | ^^^^^^^^^^^^^^^^^^^^^^^^^^^^^^^^^^^^^^^^^^^^^^^^^^^^^^^^^^^^^^^^^^^^
  17 | import { BrowserCodeReader } from './BrowserCodeReader';
  18 | var BrowserMultiFormatReader = /** @class */ (function (_super) {
  19 |     __extends(BrowserMultiFormatReader, _super);

Import traces:
  Client Component Browser:
    ./node_modules/@zxing/browser/esm/readers/BrowserMultiFormatReader.js [Client Component Browser]
    ./src/components/BarcodeCameraScanner.tsx [Client Component Browser]
    ./src/components/LogPackageModal.tsx [Client Component Browser]
    ./src/components/PackagesView.tsx [Client Component Browser]
    ./src/components/PackagesView.tsx [Server Component]
    ./src/app/dashboard/page.tsx [Server Component]

  Client Component SSR:
    ./node_modules/@zxing/browser/esm/readers/BrowserMultiFormatReader.js [Client Component SSR]
    ./src/components/BarcodeCameraScanner.tsx [Client Component SSR]
    ./src/components/LogPackageModal.tsx [Client Component SSR]
    ./src/components/PackagesView.tsx [Client Component SSR]
    ./src/components/PackagesView.tsx [Server Component]
    ./src/app/dashboard/page.tsx [Server Component]

https://nextjs.org/docs/messages/module-not-found 
[browser] ./node_modules/@zxing/browser/esm/readers/BrowserPDF417Reader.js:16:1
Error: Module not found: Can't resolve '@zxing/library'
  14 |     };
  15 | })();
> 16 | import { PDF417Reader } from '@zxing/library';
     | ^^^^^^^^^^^^^^^^^^^^^^^^^^^^^^^^^^^^^^^^^^^^^^
  17 | import { BrowserCodeReader } from './BrowserCodeReader';
  18 | /**
  19 |  * QR Code reader to use from browser.

Import traces:
  Client Component Browser:
    ./node_modules/@zxing/browser/esm/readers/BrowserPDF417Reader.js [Client Component Browser]
    ./node_modules/@zxing/browser/esm/index.js [Client Component Browser]
    ./src/components/BarcodeCameraScanner.tsx [Client Component Browser]
    ./src/components/LogPackageModal.tsx [Client Component Browser]
    ./src/components/PackagesView.tsx [Client Component Browser]
    ./src/components/PackagesView.tsx [Server Component]
    ./src/app/dashboard/page.tsx [Server Component]

  Client Component SSR:
    ./node_modules/@zxing/browser/esm/readers/BrowserPDF417Reader.js [Client Component SSR]
    ./node_modules/@zxing/browser/esm/index.js [Client Component SSR]
    ./src/components/BarcodeCameraScanner.tsx [Client Component SSR]
    ./src/components/LogPackageModal.tsx [Client Component SSR]
    ./src/components/PackagesView.tsx [Client Component SSR]
    ./src/components/PackagesView.tsx [Server Component]
    ./src/app/dashboard/page.tsx [Server Component]

https://nextjs.org/docs/messages/module-not-found 
[browser] ./node_modules/@zxing/browser/esm/readers/BrowserQRCodeReader.js:16:1
Error: Module not found: Can't resolve '@zxing/library'
  14 |     };
  15 | })();
> 16 | import { QRCodeReader } from '@zxing/library';
     | ^^^^^^^^^^^^^^^^^^^^^^^^^^^^^^^^^^^^^^^^^^^^^^
  17 | import { BrowserCodeReader } from './BrowserCodeReader';
  18 | /**
  19 |  * QR Code reader to use from browser.

Import traces:
  Client Component Browser:
    ./node_modules/@zxing/browser/esm/readers/BrowserQRCodeReader.js [Client Component Browser]
    ./node_modules/@zxing/browser/esm/index.js [Client Component Browser]
    ./src/components/BarcodeCameraScanner.tsx [Client Component Browser]
    ./src/components/LogPackageModal.tsx [Client Component Browser]
    ./src/components/PackagesView.tsx [Client Component Browser]
    ./src/components/PackagesView.tsx [Server Component]
    ./src/app/dashboard/page.tsx [Server Component]

  Client Component SSR:
    ./node_modules/@zxing/browser/esm/readers/BrowserQRCodeReader.js [Client Component SSR]
    ./node_modules/@zxing/browser/esm/index.js [Client Component SSR]
    ./src/components/BarcodeCameraScanner.tsx [Client Component SSR]
    ./src/components/LogPackageModal.tsx [Client Component SSR]
    ./src/components/PackagesView.tsx [Client Component SSR]
    ./src/components/PackagesView.tsx [Server Component]
    ./src/app/dashboard/page.tsx [Server Component]

https://nextjs.org/docs/messages/module-not-found 
[browser] ./node_modules/@zxing/browser/esm/writers/BrowserCodeSvgWriter.js:1:1
Error: Module not found: Can't resolve '@zxing/library'
> 1 | ...alArgumentException, IllegalStateException, QRCodeDecoderErrorCorrectionLevel, QRCodeEnc...
    |    ^^^^^^^^^^^^^^^^^^^^^^^^^^^^^^^^^^^^^^^^^^^^^^^^^^^^^^^^^^^^^^^^^^^^^^^^^^^^^^^^^^^^^^^^^^^
  2 | .../2000/svg';
  3 | ...
  4 | ... @class */ (function () {

Import traces:
  Client Component Browser:
    ./node_modules/@zxing/browser/esm/writers/BrowserCodeSvgWriter.js [Client Component Browser]
    ./node_modules/@zxing/browser/esm/index.js [Client Component Browser]
    ./src/components/BarcodeCameraScanner.tsx [Client Component Browser]
    ./src/components/LogPackageModal.tsx [Client Component Browser]
    ./src/components/PackagesView.tsx [Client Component Browser]
    ./src/components/PackagesView.tsx [Server Component]
    ./src/app/dashboard/page.tsx [Server Component]

  Client Component SSR:
    ./node_modules/@zxing/browser/esm/writers/BrowserCodeSvgWriter.js [Client Component SSR]
    ./node_modules/@zxing/browser/esm/index.js [Client Component SSR]
    ./src/components/BarcodeCameraScanner.tsx [Client Component SSR]
    ./src/components/LogPackageModal.tsx [Client Component SSR]
    ./src/components/PackagesView.tsx [Client Component SSR]
    ./src/components/PackagesView.tsx [Server Component]
    ./src/app/dashboard/page.tsx [Server Component]

https://nextjs.org/docs/messages/module-not-found 
[browser] ./node_modules/@zxing/browser/esm/writers/BrowserQRCodeSvgWriter.js:1:1
Error: Module not found: Can't resolve '@zxing/library'
> 1 | ...alArgumentException, IllegalStateException, QRCodeDecoderErrorCorrectionLevel, QRCodeEnc...
    |    ^^^^^^^^^^^^^^^^^^^^^^^^^^^^^^^^^^^^^^^^^^^^^^^^^^^^^^^^^^^^^^^^^^^^^^^^^^^^^^^^^^^^^^^^^^^
  2 | .../2000/svg';
  3 | ...
  4 | ...** @class */ (function () {

Import traces:
  Client Component Browser:
    ./node_modules/@zxing/browser/esm/writers/BrowserQRCodeSvgWriter.js [Client Component Browser]
    ./node_modules/@zxing/browser/esm/index.js [Client Component Browser]
    ./src/components/BarcodeCameraScanner.tsx [Client Component Browser]
    ./src/components/LogPackageModal.tsx [Client Component Browser]
    ./src/components/PackagesView.tsx [Client Component Browser]
    ./src/components/PackagesView.tsx [Server Component]
    ./src/app/dashboard/page.tsx [Server Component]

  Client Component SSR:
    ./node_modules/@zxing/browser/esm/writers/BrowserQRCodeSvgWriter.js [Client Component SSR]
    ./node_modules/@zxing/browser/esm/index.js [Client Component SSR]
    ./src/components/BarcodeCameraScanner.tsx [Client Component SSR]
    ./src/components/LogPackageModal.tsx [Client Component SSR]
    ./src/components/PackagesView.tsx [Client Component SSR]
    ./src/components/PackagesView.tsx [Server Component]
    ./src/app/dashboard/page.tsx [Server Component]

https://nextjs.org/docs/messages/module-not-found 
[?25h
